city,state,chain,cinema,cinemaId,pincode,audi,format,showTime,seatStatus,seatsTotal,seatsAvail,sold,grossRs,classes,sessionId
Mumbai,maharashtra,PVR,"PVR C&B Square Chakala  (Formerly Sangam Cinema), Andheri East, Mumbai",1023314,400059,SCREEN 2,2D,2026-10-02T06:45,Available,221,153,68,21464,CLASSIC ROWS:0/27@199; PRIME ROWS:16/132@199; PRIME PLUS ROWS:40/48@319; RECLIINER ROWS:12/14@460,1023314-21286-obbkgo-1023314
Mumbai,maharashtra,Movietime,"MovieTime Hub Mall, Goregaon (E), Mumbai",1040385,400063,SCREEN2,2D,2026-10-02T05:45,Available,196,165,31,6200,GOLD:31/196@200,1040385-276526-obbkgo-1040385
Mumbai,maharashtra,Cinepolis,"Cinepolis Fun Republic Mall, Andheri (W), Mumbai",146,400053,AUDI 02,2D,2026-10-02T03:30,Available,187,170,17,2773,NORMAL:0/32@99; EXECUTIVE:4/95@149; PREMIUM:11/39@149; PLATINUM:2/21@269,146-6960-obbkgo-146
Mumbai,maharashtra,miraj,Miraj Cinemas : Anupam Mall Goregaon (E),1480,400063,SCREEN 2,2D,2026-10-02T09:00,Available,245,237,8,1600,EXECUTIVE:0/28@180; GOLD:8/217@200,1480-35598-obbkgo-1480
Mumbai,maharashtra,PVR,"PVR Citi Mall, Andheri (West), Mumbai",1013602,400053,SCREEN 5,2D,2026-10-02T14:40,Available,209,190,19,7010,CLASSIC ROWS:0/27@130; PRIME ROWS:0/85@330; PRIME PLUS ROWS:10/59@350; EXTRA LEGROOM ROWS:9/14@390; RECLINER ROWS:0/24@600,1013602-32145-obbkgo-1013602
Mumbai,maharashtra,MovieMax,MovieMax: Huma Kanjurmarg (Seats Renovated ),45099,400078,SCREEN 3,2D,2026-10-02T09:30,Available,294,294,0,0,SILVER:0/95@200; GOLD:0/95@200; PLATINUM:0/104@200,45099-43987-obbkgo-45099
Mumbai,maharashtra,PVR,"INOX R City, Ghatkopar (W), Mumbai",1013613,400086,SCREEN 2,2D,2026-10-02T12:05,Available,231,105,126,41180,CLASSIC ROWS:0/33@240; PRIME ROWS:41/102@280; PRIME PLUS ROWS:70/80@300; RECLINER ROWS:15/16@580,1013613-175298-obbkgo-1013613
Mumbai,maharashtra,PVR,"INOX R City, Ghatkopar (W), Mumbai",1013613,400086,SCREEN 6,2D,2026-10-02T17:55,Available,153,148,5,2660,CLASSIC ROWS:0/22@320; PRIME ROWS:2/77@340; PRIME PLUS ROWS:0/40@360; RECLINER ROWS:3/14@660,1013613-175312-obbkgo-1013613
Mumbai,maharashtra,PVR,"PVR ICON Infiniti, Andheri (W), Mumbai",1022250,400053,SCREEN 1,2D,2026-10-02T06:20,Available,236,197,39,12390,CLASSIC ROWS:0/30@180; PRIME ROWS:0/150@200; PRIME PLUS ROWS:22/33@250; EXTRA LEGROOM ROWS:8/11@310; RECLINER ROWS:9/12@490,1022250-33993-obbkgo-1022250
Mumbai,maharashtra,PVR,"HDFC Millennia PVR ICON Oberoi Mall, Goregaon (E)",1018530,400063,SCREEN 4,2D,2026-10-02T14:15,Available,144,110,34,14160,CLASSIC ROWS:0/22@340; PRIME ROWS:8/66@360; PRIME PLUS ROWS:24/30@410; RECLINER ROWS:2/26@720,1018530-35129-obbkgo-1018530
Mumbai,maharashtra,PVR,"PVR Dynamix, Juhu, Mumbai",1018522,400049,SCREEN 3,2D,2026-10-02T06:30,Available,292,238,54,15320,CLASSIC ROWS:0/36@130; PRIME ROWS:8/144@260; PRIME PLUS ROWS:36/84@280; PICTURE PERFECT:2/16@300; LOUNGER ROWS:8/12@320,1018522-30726-obbkgo-1018522
Mumbai,maharashtra,Cinepolis,"Cinepolis Magnet Mall, Bhandup (W), Mumbai",318,400078,AUDI 5,2D,2026-10-02T04:30,Available,142,131,11,2600,NORMAL:0/18@170; EXECUTIVE:0/36@190; PREMIUM:9/63@200; RECLINER:2/25@400,318-9257-obbkgo-318
Mumbai,maharashtra,Cinepolis,"Cinepolis Magnet Mall, Bhandup (W), Mumbai",318,400078,AUDI 5,2D,2026-10-02T10:50,Available,142,104,38,10180,NORMAL:0/18@230; EXECUTIVE:4/36@250; PREMIUM:34/63@270; RECLINER:0/25@500,318-9259-obbkgo-318
Mumbai,maharashtra,Cinepolis,"Cinepolis Magnet Mall, Bhandup (W), Mumbai",318,400078,AUDI 5,2D,2026-10-02T17:10,Available,142,132,10,3340,NORMAL:0/18@210; EXECUTIVE:0/36@230; PREMIUM:6/63@250; RECLINER:4/25@460,318-9261-obbkgo-318
Mumbai,maharashtra,PVR,"PVR Odeon, Ghatkopar East, Mumbai",1013617,400077,SCREEN 4,2D,2026-10-02T06:30,Available,169,142,27,6150,CLASSIC ROWS:0/28@130; PRIME ROWS:3/70@190; PRIME PLUS ROWS:16/48@210; EXTRA LEGROOM ROWS:6/14@260; RECLINER ROWS:2/9@330,1013617-24561-obbkgo-1013617
Mumbai,maharashtra,PVR,"INOX Megaplex, Inorbit Mall Malad, Mumbai",1013607,400064,KIDDLES 7,2D,2026-10-02T03:40,Available,53,53,0,0,KIDDLES:0/53@200,1013607-234741-obbkgo-1013607
Mumbai,maharashtra,PVR,"INOX Megaplex, Inorbit Mall Malad, Mumbai",1013607,400064,ONYX 6,2D,2026-10-02T08:00,Available,179,121,58,20240,CLASSIC ROWS:0/28@300; PRIME ROWS:16/84@320; PRIME PLUS ROWS:42/67@360,1013607-234781-obbkgo-1013607
Mumbai,maharashtra,PVR,"INOX Megaplex, Inorbit Mall Malad, Mumbai",1013607,400064,ONYX 6,2D,2026-10-02T14:10,Available,167,167,0,0,CLASSIC ROWS:0/28@450; PRIME ROWS:0/84@470; PRIME PLUS ROWS:0/55@490,1013607-234685-obbkgo-1013607
Mumbai,maharashtra,PVR,"INOX Megaplex, Inorbit Mall Malad, Mumbai",1013607,400064,KIDDLES 7,2D,2026-10-02T17:40,Available,53,53,0,0,KIDDLES:0/53@380,1013607-234746-obbkgo-1013607
Mumbai,maharashtra,PVR,"PVR Infiniti Malad, Malad (W), Mumbai",1018523,400065,SCREEN 4,2D,2026-10-02T12:20,Available,157,103,54,23040,CLASSIC ROWS:0/12@130; PRIME ROWS:3/69@330; PRIME PLUS ROWS:38/56@380; EXTRA LEGROOM ROWS:6/12@440; RECLINER ROWS:7/8@710,1018523-28804-obbkgo-1018523
Mumbai,maharashtra,PVR,"Maison PVR Jio World Drive, BKC, Mumbai",1022288,400051,AUDI 01,2D,2026-10-02T11:40,Filling Fast,24,7,17,19900,RECLINER:5/12@1100; RECLINER PRIME:12/12@1200,1022288-31413-obbkgo-1022288
Mumbai,maharashtra,Cinepolis,"Fun Cinema K Star Mall, Chembur (E), Mumbai",145,400071,AUDI 05,2D,2026-10-02T10:55,Available,269,235,34,8560,NORMAL:0/17@210; EXECUTIVE:0/95@230; PREMIUM:31/141@250; PREMIUM XL:3/16@270,145-8362-obbkgo-145
Mumbai,maharashtra,Cinepolis,"Fun Cinema K Star Mall, Chembur (E), Mumbai",145,400071,AUDI 05,2D,2026-10-02T17:10,Available,269,259,10,2500,NORMAL:0/17@210; EXECUTIVE:0/95@230; PREMIUM:10/141@250; PREMIUM XL:0/16@270,145-8364-obbkgo-145
Mumbai,maharashtra,Movietime,"MovieTime Chembur, Mumbai",1040113,400074,SCREEN 3,2D,2026-10-02T11:25,Available,156,136,20,5000,SILVER:16/140@250; SILVER 1:4/16@250,1040113-126507-obbkgo-1040113
Mumbai,maharashtra,MovieMax,"MovieMax Sion, Mumbai",27028,400022,SCREEN2,2D,2026-10-02T02:45,Available,142,142,0,0,PRIME:0/92@190; CLASSIC:0/45@190; PRIME PLUS:0/5@270,27028-37597-obbkgo-27028
Mumbai,maharashtra,MovieMax,"MovieMax Sion, Mumbai",27028,400022,SCREEN3,2D,2026-10-02T09:45,Available,144,140,4,1000,CLASSIC:0/45@220; PRIME:4/93@250; PRIME PLUS:0/6@290,27028-37601-obbkgo-27028
Mumbai,maharashtra,PVR,"INOX Raghuleela Mega Mall, Kandivali (W), Mumbai",1013610,400067,SCREEN 3,2D,2026-10-02T07:10,Available,222,192,30,7578,CLASSIC ROWS:2/40@99; PRIME ROWS:9/126@250; PRIME PLUS ROWS:19/56@270,1013610-102626-obbkgo-1013610
Mumbai,maharashtra,miraj,"Miraj Cinemas : R Mall, Mulund",1013961,400080,SCREEN 2,2D,2026-10-02T06:15,Available,272,251,21,4510,SILVER:0/40@170; GOLD:19/220@190; PLATINUM RECLINER:2/12@450,1013961-26820-obbkgo-1013961
Mumbai,maharashtra,PVR,"INOX Megaplex, Oberoi Sky City Mall, Mumbai",1089402,400066,SCREEN 4,2D,2026-10-02T03:30,Available,128,101,27,8030,CLASSIC:0/18@200; PRIME:2/41@220; LOUNGER:1/6@240; PRIME PLUS:15/35@280; PICTURE PERFECT:9/28@350,1089402-23039-obbkgo-1089402
Mumbai,maharashtra,PVR,"INOX Megaplex, Oberoi Sky City Mall, Mumbai",1089402,400066,SCREEN 4,2D,2026-10-02T08:55,Available,145,90,55,19160,CLASSIC:6/28@300; PRIME:25/59@320; LOUNGER:2/6@390; PRIME PLUS:22/42@390; PICTURE PERFECT:0/10@550,1089402-23041-obbkgo-1089402
Mumbai,maharashtra,PVR,"INOX Megaplex, Oberoi Sky City Mall, Mumbai",1089402,400066,SCREEN 4,2D,2026-10-02T12:00,Available,128,84,44,21020,CLASSIC:0/18@350; PRIME:9/41@370; LOUNGER:0/6@390; PRIME PLUS:26/35@490; PICTURE PERFECT:9/28@550,1089402-23042-obbkgo-1089402
Mumbai,maharashtra,miraj,"Miraj Cinemas : IMAX, Wadala",1038682,400037,SCREEN 4,2D,2026-10-02T15:00,Available,326,317,9,3990,EXECUTIVE:0/84@310; PLATINUM:6/194@340; LOUNGER:0/22@350; RECLINER:3/26@650,1038682-19934-obbkgo-1038682
Thane,maharashtra,MovieMax,"MovieMax: Eternity Mall, Thane (Newly Renovated)",59128,400604,SCREEN 4,2D,2026-10-02T10:25,Available,238,227,11,2710,CLASSIC:0/38@150; PRIME:5/168@170; RECLINER:6/32@310,59128-41626-obbkgo-59128
Thane,maharashtra,PVR,"INOX Korum Mall, Mangal Pandey Road, Thane (W)",1018545,400606,SCREEN 4,2D,2026-10-02T07:30,Available,261,183,78,23520,CLASSIC ROWS:0/50@99; PRIME ROWS:0/75@250; PRIME PLUS ROWS:66/112@280; RECLINER ROWS:12/24@420,1018545-101806-obbkgo-1018545
Mumbai,maharashtra,Maxus,"Maxus Cinemas, Borivali (W)",1067731,400092,SCREEN 3,2D,2026-10-02T11:45,Available,200,200,0,0,COUPLE:0/100@499; RECLINER:0/100@499,1067731-132595-obbkgo-1067731
Thane,maharashtra,Cinepolis,"Cinepolis Lake Shore, Thane (EX Cinepolis Viviana Mall, Thane)",114,400606,AUDI 04,2D,2026-10-02T04:30,Available,179,124,55,13730,NORMAL:0/13@200; EXECUTIVE:0/42@210; PREMIUM:13/64@230; PREMIUM PLUS:30/46@250; PREMIUM XL:12/14@270,114-15982-obbkgo-114
Thane,maharashtra,Cinepolis,"Cinepolis Lake Shore, Thane (EX Cinepolis Viviana Mall, Thane)",114,400606,AUDI 04,2D,2026-10-02T07:45,Available,179,151,28,8800,NORMAL:0/13@230; EXECUTIVE:0/42@270; PREMIUM:4/64@290; PREMIUM PLUS:14/46@310; PREMIUM XL:10/14@330,114-15986-obbkgo-114
Thane,maharashtra,Cinepolis,"Cinepolis Lake Shore, Thane (EX Cinepolis Viviana Mall, Thane)",114,400606,AUDI 04,2D,2026-10-02T11:00,Available,179,123,56,20180,NORMAL:0/13@290; EXECUTIVE:0/42@320; PREMIUM:12/64@340; PREMIUM PLUS:31/46@360; PREMIUM XL:13/14@380,114-15987-obbkgo-114
Thane,maharashtra,Cinepolis,"Cinepolis Lake Shore, Thane (EX Cinepolis Viviana Mall, Thane)",114,400606,AUDI 04,2D,2026-10-02T14:15,Available,179,163,16,5640,NORMAL:0/13@280; EXECUTIVE:0/42@320; PREMIUM:6/64@340; PREMIUM PLUS:10/46@360; PREMIUM XL:0/14@380,114-15988-obbkgo-114
Thane,maharashtra,Cinepolis,"Cinepolis Lake Shore, Thane (EX Cinepolis Viviana Mall, Thane)",114,400606,AUDI 04,2D,2026-10-02T17:30,Available,179,164,15,5500,NORMAL:0/13@280; EXECUTIVE:0/42@320; PREMIUM:0/64@340; PREMIUM PLUS:10/46@360; PREMIUM XL:5/14@380,114-15989-obbkgo-114
Navi Mumbai,maharashtra,Cinepolis,"Cinepolis Aurum, Navi Mumbai",1042335,400701,AUDI 03,2D,2026-10-02T04:15,Available,192,171,21,4230,NORMAL:0/12@150; EXECUTIVE:0/42@170; PREMIUM:9/56@190; PREMIUM PLUS:12/72@210; RECLINER:0/10@420,1042335-6734-obbkgo-1042335
Navi Mumbai,maharashtra,Cinepolis,"Cinepolis Aurum, Navi Mumbai",1042335,400701,AUDI 03,2D,2026-10-02T10:35,Available,192,171,21,6320,NORMAL:0/12@210; EXECUTIVE:0/42@230; PREMIUM:8/56@250; PREMIUM PLUS:10/72@270; RECLINER:3/10@540,1042335-6741-obbkgo-1042335
Navi Mumbai,maharashtra,PVR,"INOX Palm Beach Galleria Mall, Vashi, Navi Mumbai",1029922,400703,SCREEN 3,2D,2026-10-02T03:30,Available,219,198,21,4779,CLASSIC ROWS:0/30@149; PRIME PLUS ROWS:10/85@149; PRIME ROWS:0/90@149; RECLINER ROWS:11/14@299,1029922-60950-obbkgo-1029922
Mumbai,maharashtra,Cinepolis,"Cinepolis High Street Mall, Thane (formerly Cinema Star High Street), Mumbai",1027253,400601,AUDI 05,2D,2026-10-02T14:00,Available,223,199,24,5040,NORMAL:24/223@210,1027253-7890-obbkgo-1027253
Mumbai,maharashtra,PVR,"INOX Thakur Mall, Dahisar (E), Mumbai",1013612,401107,SCREEN 1,2D,2026-10-02T08:30,Available,337,297,40,9866,CLASSIC ROWS:4/37@99; PRIME PLUS ROWS:23/144@230; PRIME ROWS:0/96@230; EXTRA LEGROOM ROWS:10/32@280; RECLINER ROWS:3/28@460,1013612-102795-obbkgo-1013612
Thane,maharashtra,PVR,"INOX Insignia At R Mall, Thane West, Thane",1018544,400607,INSIGNIA 2,2D,2026-10-02T07:10,Available,48,39,9,5850,RECLINER:0/24@550; RECLINER PRIME:9/24@650,1018544-46984-obbkgo-1018544
Mumbai,maharashtra,PVR,"PVR ICON Phoenix Palladium, Lower Parel, Mumbai",1022255,400013,AUDI 04,2D,2026-10-02T11:40,Available,134,69,65,40060,CLASSIC ROWS:0/14@370; PRIME ROWS:17/62@420; LOUNGER ROWS:0/10@450; PRIME PLUS ROWS:34/34@540; RECLINER ROWS:14/14@1040,1022255-37798-obbkgo-1022255
Mumbai,maharashtra,PVR,"INOX Insignia at Atria Mall, Worli, Mumbai",1013619,400018,INSIGNIA 1,2D,2026-10-02T06:45,Filling Fast,31,10,21,17850,EXECUTIVE ROWS:0/6@700; ROYAL ROWS:21/25@850,1013619-80243-obbkgo-1013619
Thane,maharashtra,NY ,"Devgn Cinex The Walk, Thane",1102245,400607,AUDI 3,2D,2026-10-02T15:15,Available,204,175,29,10500,CLASSIC:0/70@330; PRIME:22/106@350; BUTT KICKER:7/28@400,1102245-5582-obbkgo-1102245
Mumbai,maharashtra,MovieMax,MovieMax: Mira Road (Seats Renovated),27027,401107,SCREEN2,2D,2026-10-02T02:45,Available,299,290,9,1610,CLASSIC:0/40@92; PRIME:7/233@170; PRIME PLUS:2/10@210; RECLINER:0/16@310,27027-35841-obbkgo-27027
Mumbai,maharashtra,MovieMax,MovieMax: Mira Road (Seats Renovated),27027,401107,SCREEN1,2D,2026-10-02T09:45,Available,246,233,13,3520,CLASSIC:0/40@92; PRIME:11/180@240; PRIME PLUS:0/10@280; RECLINER:2/16@440,27027-35843-obbkgo-27027
Mumbai,maharashtra,Maxus,"Maxus Cinemas, Bhayandar",1067730,401101,SCREEN 6,2D,2026-10-02T06:00,Available,200,200,0,0,COUPLE RECL:0/100@499; RECLINER:0/100@499,1067730-220373-obbkgo-1067730
Mumbai,maharashtra,Maxus,"Maxus Cinemas, Bhayandar",1067730,401101,SCREEN 6,2D,2026-10-02T12:00,Available,58,58,0,0,COUPLE RECL:0/14@599; RECLINER:0/44@599,1067730-220367-obbkgo-1067730
Mumbai,maharashtra,PVR,"PVR Lodha Xperia, Palava, Mumbai",1018533,421204,SCREEN 4,2D,2026-10-02T10:55,Available,183,148,35,10410,CLASSIC ROWS:0/38@230; PRIME ROWS:29/133@270; RECLINER ROWS:6/12@430,1018533-34708-obbkgo-1018533
Mumbai,maharashtra,PVR,"Metro INOX Cinema, M.G. Road, Mumbai",1013616,400020,SCREEN 6,2D,2026-10-02T03:35,Filling Fast,45,17,28,4172,PRIME PLUS ROWS:28/45@149,1013616-146069-obbkgo-1013616
Mumbai,maharashtra,PVR,"Metro INOX Cinema, M.G. Road, Mumbai",1013616,400020,SCREEN 6,2D,2026-10-02T17:30,Available,40,40,0,0,PRIME PLUS ROWS:0/40@420,1013616-146145-obbkgo-1013616
Mumbai,maharashtra,PVR,"INOX Laserplex CR2, Nariman Point, Mumbai",1013614,400021,SCREEN 1,2D,2026-10-02T06:30,Available,65,59,6,4380,EXECUTIVE RECLI ROWS:0/16@680; ROYAL RECLINER ROWS:6/49@730,1013614-124244-obbkgo-1013614
Mumbai,maharashtra,miraj,Miraj Cinemas : Dombivali (E),9609,421201,SCREEN 1,2D,2026-10-02T04:30,Available,134,119,15,3000,SILVER:0/26@180; GOLD:15/108@200,9609-32285-obbkgo-9609
Thane,maharashtra,PVR,"PVR Haseen, Bhiwandi, Thane",1018532,421302,SCREEN 1,2D,2026-10-02T07:05,Available,69,63,6,900,CLASSIC ROWS:0/15@130; PRIME ROWS:6/45@150; PRIME PLUS ROWS:0/9@170,1018532-22418-obbkgo-1018532
Kalyan,maharashtra,PVR,"INOX Metro Junction Mall, Kalyan (Newly Renovated)",1029567,421306,SCREEN 1,2D,2026-10-02T08:05,Available,296,244,52,13050,CLASSIC ROWS:2/36@200; PRIME ROWS:4/90@220; PRIME PLUS ROWS:39/154@230; RECLINER ROWS:7/16@400,1029567-124610-obbkgo-1029567
New Delhi,delhi,PVR,"PVR ECX, Chanakyapuri, New Delhi",1022277,110021,AUDI 02,2D,2026-10-02T04:05,Available,271,148,123,24477,CLASSIC ROWS:64/95@199; PRIME PLUS ROWS:37/41@199; PRIME ROWS:22/135@199,1022277-15811-obbkgo-1022277
New Delhi,delhi,PVR,"INOX Patel Nagar, New Delhi",1018960,110008,SCREEN 3,2D,2026-10-02T06:55,Available,245,199,46,15380,EXECUTIVE:2/105@290; CLUB:20/102@320; ROYAL:24/38@350,1018960-93469-obbkgo-1018960
New Delhi,delhi,Cinepolis,"Cinepolis V3S Mall, Laxmi Nagar, New Delhi",1335,110092,SCREEN 1,2D,2026-10-02T07:50,Filling Fast,198,29,169,61470,NORMAL:11/14@250; EXECUTIVE:35/56@330; PREMIUM:53/56@370; PREMIUM PLUS:57/58@390; PREMIUM XL:13/14@410,1335-7034-obbkgo-1335
New Delhi,delhi,Cinepolis,"Cinepolis V3S Mall, Laxmi Nagar, New Delhi",1335,110092,SCREEN 2,2D,2026-10-02T13:45,Available,287,279,8,3120,NORMAL:0/20@250; EXECUTIVE:0/40@330; EXECUTIVE XL:0/17@370; PREMIUM:0/67@370; PREMIUM PLUS:8/143@390,1335-7079-obbkgo-1335
New Delhi,delhi,Cinepolis,"Cinepolis V3S East Center (New), Beside Nirman Vihar Metro Station, Laxmi Nagar",1011683,110092,AUDI6,2D,2026-10-02T10:30,Available,262,147,115,49390,NORMAL:0/16@370; EXECUTIVE:19/90@390; PREMIUM:45/88@410; PREMIUM XL:16/18@430; PREMIUM PLUS:33/36@450; RECLINER:2/14@900,1011683-6935-obbkgo-1011683
New Delhi,delhi,PVR,"PVR Midtown Moti Nagar, Delhi",1102265,110015,SCREEN 1,2D,2026-10-02T05:10,Available,110,49,61,15539,CLASSIC ROWS:16/64@199; PRIME ROWS:28/28@199; RECLINER ROWS:17/18@399,1102265-3226-obbkgo-1102265
New Delhi,delhi,PVR,"PVR Naraina, Community Centre, New Delhi",1022249,110028,AUDI 2,2D,2026-10-02T14:15,Available,127,95,32,9540,CLASSIC ROWS:0/42@149; PRIME ROWS:3/42@280; PRIME PLUS ROWS:29/43@300,1022249-22407-obbkgo-1022249
New Delhi,delhi,miraj,"Miraj Cinemas : Vikas Cinemall, Shahdara",20936,110032,SCREEN 2,2D,2026-10-02T06:15,Available,149,79,70,12500,SPECIAL:5/39@160; EXECUTIVE:65/110@180,20936-30358-obbkgo-20936
New Delhi,delhi,miraj,"Miraj Cinemas : Chand, Mayur Vihar Phase 1",1037340,110091,SCREEN 6,2D,2026-10-02T07:00,Available,146,77,69,13380,SILVER:21/70@180; GOLD:48/76@200,1037340-23816-obbkgo-1037340
New Delhi,delhi,Cinepolis,"Cinepolis Pacific NSP2, Pitampura, New Delhi",52078,110034,AUDI 5,2D,2026-10-02T05:15,Filling Fast,183,62,121,51260,NORMAL:0/11@260; EXECUTIVE:14/39@340; PREMIUM:16/26@380; PREMIUM PLUS:70/84@400; PREMIUM XL:11/12@420; RECLINER:10/11@780,52078-12969-obbkgo-52078
New Delhi,delhi,Cinepolis,"Cinepolis Pacific NSP2, Pitampura, New Delhi",52078,110034,AUDI 1,2D,2026-10-02T08:55,Filling Fast,160,62,98,45380,NORMAL:0/7@270; EXECUTIVE:7/33@340; PREMIUM:9/22@400; PREMIUM PLUS:64/75@420; PREMIUM XL:8/12@440; RECLINER:10/11@900,52078-12983-obbkgo-52078
New Delhi,delhi,Cinepolis,"Cinepolis Pacific NSP2, Pitampura, New Delhi",52078,110034,AUDI 5,2D,2026-10-02T12:25,Filling Fast,183,26,157,70680,NORMAL:5/11@280; EXECUTIVE:32/39@360; PREMIUM:22/26@400; PREMIUM PLUS:76/84@450; PREMIUM XL:12/12@480; RECLINER:10/11@900,52078-12972-obbkgo-52078
New Delhi,delhi,Cinepolis,"Cinepolis Pacific NSP2, Pitampura, New Delhi",52078,110034,AUDI 1,2D,2026-10-02T17:00,Available,160,154,6,2400,NORMAL:0/7@270; EXECUTIVE:0/33@320; PREMIUM:0/22@380; PREMIUM PLUS:6/75@400; PREMIUM XL:0/12@420; RECLINER:0/11@850,52078-12984-obbkgo-52078
Ghaziabad,uttar-pradesh,PVR,"PVR EDM, EDM Mall, Ghaziabad",1020700,201010,AUDI 3,2D,2026-10-02T09:00,Available,187,76,111,32610,CLASSIC:30/102@250; PRIME:81/85@310,1020700-16098-obbkgo-1020700
New Delhi,delhi,miraj,"Miraj Cinemas : Aakash, Azadpur",1074336,110033,SCREEN 2,2D,2026-10-02T12:00,Available,99,95,4,1000,SILVER:0/24@250; GOLD:4/75@250,1074336-6984-obbkgo-1074336
New Delhi,delhi,PVR,"PVR Cinemagic, Unity One Elegante, NSP, Pitampura",1102047,110034,AUDI 2,2D,2026-10-02T07:20,Filling Fast,119,18,101,56650,CLASSIC:33/48@400; PRIME:57/60@550; RECLINER:11/11@1100,1102047-10716-obbkgo-1102047
New Delhi,delhi,PVR,"INOX Nehru Place,  District Centre, New Delhi",1018954,110019,SCREEN 1,2D,2026-10-02T07:55,Filling Fast,66,22,44,43050,RECLINER:19/30@950; RECLINER PRIME:25/36@1000,1018954-94953-obbkgo-1018954
New Delhi,delhi,PVR,"INOX RCube Monad Mall, New Delhi",1018959,110027,SCREEN 5,2D,2026-10-02T06:40,Filling Fast,34,7,27,30050,RECLINER:10/17@1050; RECLINER PRIME:17/17@1150,1018959-41685-obbkgo-1018959
New Delhi,delhi,PVR,"PVR Shalimar Bagh, DLF City Centre Mall, New Delhi",1022278,110088,AUDI 3,2D,2026-10-02T12:00,Available,207,152,55,22050,CLASSIC ROWS:10/133@360; PRIME ROWS:45/74@410,1022278-20454-obbkgo-1022278
New Delhi,delhi,PVR,"INOX Vishal Mall, Rajouri Garden, New Delhi",1018962,110027,SCREEN 2,2D,2026-10-02T04:05,Available,148,93,55,10945,CLUB:31/90@199; EXECUTIVE:0/30@199; ROYAL:24/28@199,1018962-42035-obbkgo-1018962
New Delhi,delhi,PVR,"INOX Vishal Mall, Rajouri Garden, New Delhi",1018962,110027,SCREEN 1,2D,2026-10-02T12:00,Available,86,39,47,22860,EXECUTIVE:8/40@420; CLUB:39/46@500,1018962-42032-obbkgo-1018962
New Delhi,delhi,Wave Cinema,"Wave Cinemas, Raja Garden",1058536,110027,WAVE 0.2,2D,2026-10-02T09:55,Available,116,103,13,3900,CLASSIC:13/116@300,1058536-142774-obbkgo-1058536
Ghaziabad,uttar-pradesh,Wave,"Wave Cinemas, Kaushambi",1041051,201012,WAVE 0.3,2D,2026-10-02T09:55,Available,178,147,31,7750,CLASSIC:31/178@250,1041051-160050-obbkgo-1041051
New Delhi,delhi,M2K,"M2K Pitampura, New Delhi",1038832,110034,AUDI 3,2D,2026-10-02T03:30,Available,183,165,18,3600,SILVER:18/166@200; GOLD:0/17@250,1038832-119704-obbkgo-1038832
New Delhi,delhi,M2K,"M2K Pitampura, New Delhi",1038832,110034,AUDI 3,2D,2026-10-02T14:45,Available,183,161,22,6160,SILVER:22/166@280; GOLD:0/17@330,1038832-119708-obbkgo-1038832
Ghaziabad,uttar-pradesh,MH Cinema,"Meenakshi Multiplex Cinema, Loni",1102399,201102,SCREEN 2,2D,2026-10-02T05:15,Available,129,129,0,0,SILVER:0/44@70; GOLD:0/85@99,1102399-43910-obbkgo-1102399
Ghaziabad,uttar-pradesh,MH Cinema,"Meenakshi Multiplex Cinema, Loni",1102399,201102,SCREEN 2,2D,2026-10-02T07:45,Available,129,129,0,0,SILVER:0/44@70; GOLD:0/85@99,1102399-43917-obbkgo-1102399
Ghaziabad,uttar-pradesh,MH Cinema,"Meenakshi Multiplex Cinema, Loni",1102399,201102,SCREEN 2,2D,2026-10-02T10:45,Available,129,129,0,0,SILVER:0/44@70; GOLD:0/85@99,1102399-43924-obbkgo-1102399
New Delhi,delhi,Movietime,"Movietime Cinemas, Pitampura, New Delhi",1040662,110088,AUDI 2,2D,2026-10-02T06:30,Available,190,190,0,0,SILVER:0/39@200; GOLD:0/126@220; EXTRA LEGSPACE:0/12@240; RECLINER:0/13@400,1040662-123287-obbkgo-1040662
New Delhi,delhi,PVR,"PVR Pacific, Subhash Nagar, New Delhi",1022260,110018,SCREEN 5,2D,2026-10-02T14:45,Available,112,102,10,4900,CLASSIC ROWS:0/48@460; PRIME ROWS:10/64@490,1022260-28172-obbkgo-1022260
Ghaziabad,uttar-pradesh,PVR,"PVR Mahagun, Mahagun Metro Mall, Ghaziabad",1020699,201010,AUDI 01,2D,2026-10-02T06:30,Available,239,164,75,24280,CLASSIC:4/110@250; PRIME:60/118@300; RECLINER:11/11@480,1020699-24113-obbkgo-1020699
New Delhi,delhi,PVR,"PVR Select City Walk, Saket, New Delhi",1022254,110017,AUDI 06,2D,2026-10-02T07:15,Filling Fast,168,65,103,53000,CLASSIC NORMAL:36/96@400; CLA SUPERIOR:44/47@500; XTRA LEGROOM:16/16@600; RECLINER:7/9@1000,1022254-34579-obbkgo-1022254
New Delhi,delhi,Cinepolis,"Cinepolis DLF Avenue, Saket, New Delhi",1390,110017,SCREEN 1 ONYX,2D,2026-10-02T07:15,Available,159,89,70,30000,NORMAL:0/14@320; EXECUTIVE:0/28@360; PREMIUM:65/107@400; VIP:5/10@800,1390-10029-obbkgo-1390
New Delhi,delhi,Cinepolis,"Cinepolis DLF Avenue, Saket, New Delhi",1390,110017,SCREEN 1 ONYX,2D,2026-10-02T13:50,Available,159,82,77,51100,NORMAL:0/14@480; EXECUTIVE:0/28@550; PREMIUM:70/107@600; VIP:7/10@1300,1390-10030-obbkgo-1390
New Delhi,delhi,PVR,"PVR Promenade, Vasant Kunj, New Delhi",1019394,110070,SCREEN 3,2D,2026-10-02T09:40,Filling Fast,94,17,77,39160,CLASSIC ROWS:33/50@480; PRIME ROWS:44/44@530,1019394-37328-obbkgo-1019394
Ghaziabad,uttar-pradesh,Roongta Cinemas,"Roongta Cinema Shopprix Mall, Sector 5, Ghaziabad",1028288,201010,SCREEN 2,2D,2026-10-02T03:30,Available,186,186,0,0,ECONOMY:0/19@130; PREMIER:0/133@150; X CLASS:0/34@150,1028288-14265-obbkgo-1028288
New Delhi,delhi,PVR,Delhi: PVR Directors Cut Ambience Mall,1025112,110070,AUDI 04,2D,2026-10-02T04:10,Available,46,23,23,16100,RECLINER:5/27@700; RECLINER PRIME:18/19@700,1025112-24756-obbkgo-1025112
New Delhi,delhi,PVR,"PVR Prashant Vihar, Funcity Mall, New Delhi",1022252,110085,AUDI 01,2D,2026-10-02T06:40,Available,210,91,119,39920,CLASSIC ROWS:96/180@320; PRIME ROWS:23/30@400,1022252-15251-obbkgo-1022252
New Delhi,delhi,PVR,"PVR Anupam Saket, New Delhi",1022245,110017,AUDI 02,2D,2026-10-02T09:20,Filling Fast,93,21,72,30920,CLASSIC ROWS:44/65@410; PRIME ROWS:28/28@460,1022245-22516-obbkgo-1022245
New Delhi,delhi,PVR,"INOX Pacific Mall, Jasola, New Delhi",1018963,110025,SCREEN 5,2D,2026-10-02T04:35,Available,171,93,78,17122,CLUB:2/70@199; ROYAL:68/90@199; ROYAL RECLINER:8/11@399,1018963-58342-obbkgo-1018963
New Delhi,delhi,PVR,"INOX Pacific Mall, Jasola, New Delhi",1018963,110025,SCREEN 5,2D,2026-10-02T10:30,Available,171,101,70,32620,CLUB:7/70@340; ROYAL:57/90@440; ROYAL RECLINER:6/11@860,1018963-58344-obbkgo-1018963
Noida,uttar-pradesh,PVR,"PVR Superplex Mall Of India, Sector 18, Noida",1024358,201301,SCREEN 4,2D,2026-10-02T04:25,Filling Fast,131,33,98,17782,CLASSIC:57/86@149; PRIME:11/12@149; XTRA LEGROOM:11/11@179; RECLINER:19/22@299,1024358-35577-obbkgo-1024358
Noida,uttar-pradesh,PVR,"PVR Superplex Mall Of India, Sector 18, Noida",1024358,201301,SCREEN 4,2D,2026-10-02T14:20,Available,131,80,51,28810,CLASSIC:20/86@350; PRIME:9/12@370; XTRA LEGROOM:11/11@480; RECLINER:11/22@1200,1024358-35580-obbkgo-1024358
Greater Noida,uttar-pradesh,PVR,"PVR Directors Cut, DLF Mall of India, Noida",1058603,201301,AUDI 8 THE GROVE,2D,2026-10-02T09:05,Filling Fast,28,5,23,33850,RECLINER:9/14@1350; RECLINER PRIME:14/14@1550,1058603-15116-obbkgo-1058603
Noida,uttar-pradesh,Wave,"Wave Cinemas, Noida",1040104,201301,AUDI 3,2D,2026-10-02T06:50,Available,176,150,26,6500,CLASSIC:26/176@250,1040104-203448-obbkgo-1040104
Ghaziabad,uttar-pradesh,Galaxie Multiplex,"Galaxie Multiplex, Ghaziabad",1102375,201010,AUDI2,2D,2026-10-02T11:15,Almost Full,173,13,160,24335,KLASSIC:117/130@140; KLUB:43/43@185,1102375-34896__1790939700__1463__2082182-obbkgo-1102375
New Delhi,delhi,Cinepolis,"Cinepolis Janak Cinema, Janakpuri, New Delhi",3799,110058,AUDI 3,2D,2026-10-02T07:25,Filling Fast,190,66,124,44160,NORMAL:0/15@240; EXECUTIVE:24/60@320; EXECUTIVE XL:13/15@340; PREMIUM:50/57@360; PREMIUM PLUS:37/43@380,3799-5739-obbkgo-3799
New Delhi,delhi,Cinepolis,"Cinepolis Janak Cinema, Janakpuri, New Delhi",3799,110058,AUDI 3,2D,2026-10-02T13:45,Available,190,158,32,9200,NORMAL:3/15@220; EXECUTIVE:0/60@280; PREMIUM:8/57@280; PREMIUM PLUS:21/43@300; EXECUTIVE XL:0/15@320,3799-5741-obbkgo-3799
New Delhi,delhi,M2K,"M2K Rohini, New Delhi",1039164,110085,AUDI 2,2D,2026-10-02T09:15,Available,242,167,75,21400,SILVER:52/204@270; GOLD:23/38@320,1039164-63615-obbkgo-1039164
Noida,uttar-pradesh,miraj,"Miraj Cinemas : TGIP, Noida",1008726,201301,SCREEN 4,2D,2026-10-02T09:10,Available,221,164,57,11400,GOLD:57/221@200,1008726-39495-obbkgo-1008726
Noida,uttar-pradesh,Cinepolis,"Cinepolis Modi Mall (Formerly Spice Mall), Noida",3134,201301,SCREEN 6,2D,2026-10-02T10:40,Filling Fast,198,26,172,62640,NORMAL:15/15@350; EXECUTIVE:46/60@350; PREMIUM:100/110@370; PREMIUM XL:11/13@390,3134-13829-obbkgo-3134
Noida,uttar-pradesh,Cinepolis,"Cinepolis Modi Mall (Formerly Spice Mall), Noida",3134,201301,SCREEN 2,2D,2026-10-02T13:55,Available,198,91,107,23810,NORMAL:15/15@210; EXECUTIVE:34/60@210; PREMIUM:49/110@230; PREMIUM XL:9/13@250,3134-13823-obbkgo-3134
Ghaziabad,uttar-pradesh,Movie Magic,"Movie Magic Cinema, Loni, Ghaziabad",58001,201102,SCREEN 2,2D,2026-10-02T06:20,Filling Fast,310,44,266,36500,SILVER:68/68@100; DIAMOND:132/154@150; GOLD:66/88@150,58001-34896__1790922000__736__2080111-obbkgo-58001
New Delhi,delhi,PVR,"INOX Janak Place, District Centre, New Delhi",1018956,110058,SCREEN 1,2D,2026-10-02T11:45,Available,286,179,107,35740,EXECUTIVE:7/138@280; CLUB:74/115@330; ROYAL:26/33@360,1018956-92833-obbkgo-1018956
New Delhi,delhi,Cinepolis,"Cinepolis Unity One Mall, Rohini, New Delhi",1337,110085,SCREEN 1,2D,2026-10-02T10:25,Filling Fast,152,44,108,63360,NORMAL:4/13@320; EXECUTIVE:12/39@400; PREMIUM:70/77@460; RECLINER:22/23@1140,1337-6177-obbkgo-1337
Ghaziabad,uttar-pradesh,US Cinemas,"New US Cinemas, Aditya Mall, Ghaziabad",25281,201014,EUROPA 2,2D,2026-10-02T06:15,Available,197,163,34,5000,LUXURY:5/95@130; LUX PLUS:29/102@150,25281-20150-obbkgo-25281
Ghaziabad,uttar-pradesh,US Cinemas,"New US Cinemas, Aditya Mall, Ghaziabad",25281,201014,EUROPA 2,2D,2026-10-02T11:55,Available,197,183,14,3080,LUXURY:0/95@190; LUX PLUS:14/102@220,25281-20154-obbkgo-25281
New Delhi,delhi,PVR,"PVR Vikaspuri, Virjanand Marg, New Delhi",1018964,110018,SCREEN 3,2D,2026-10-02T09:20,Filling Fast,167,35,132,37426,CLASSIC ROWS:24/42@149; CLASSIC PLUS ROWS:71/84@310; PRIME ROWS:37/41@320,1018964-17739-obbkgo-1018964
Ghaziabad,uttar-pradesh,miraj,"Miraj Cinemas : M4U, Sahibabad",2719,201006,SCREEN 3,2D,2026-10-02T09:15,Available,181,150,31,5230,SPECIAL:2/65@150; EXECUTIVE:29/116@170,2719-50020-obbkgo-2719
Noida,uttar-pradesh,PVR,"PVR Superplex Logix, Sector 32, Noida",1024414,201301,AUDI 04,2D,2026-10-02T14:45,Available,38,36,2,720,CLASSIC:2/38@360,1024414-76389-obbkgo-1024414
Noida,uttar-pradesh,PVR,"PVR Superplex Logix, Sector 32, Noida",1024414,201301,AUDI 04,2D,2026-10-02T17:50,Available,38,35,3,1080,CLASSIC:3/38@360,1024414-76390-obbkgo-1024414
Ghaziabad,uttar-pradesh,PVR,"INOX Shipra Mall, Indirapuram, Ghaziabad",1020698,201014,SCREEN 3,2D,2026-10-02T09:00,Available,251,142,109,40060,CLASSIC:27/120@260; EXECUTIVE:59/96@330; LOUNGE:23/35@590,1020698-45395-obbkgo-1020698
Bengaluru,karnataka,Cinepolis,"Cinepolis Orion Avenue Mall, Banaswadi, Bengaluru",925,560033,AUDI 04,2D,2026-10-02T07:20,Available,185,107,78,24520,NORMAL:0/15@270; EXECUTIVE:0/45@290; PREMIUM:61/107@310; EXECUTIVE XL:17/18@330,925-6837-obbkgo-925
Bengaluru,karnataka,New Fangled Miniplex,"Newfangled Miniplex (Twin Seat), MG Road, Bengaluru",1036213,560001,SCREEN 2,2D,2026-10-02T08:25,Available,15,7,8,6400,VIP (1 FOR 2 ADMIT):8/15@800,1036213-75039-obbkgo-1036213
Bengaluru,karnataka,PVR,"INOX Garuda Mall, Magrath Road, Bengaluru",1020720,560025,SCREEN 2,2D,2026-10-02T05:00,Available,66,32,34,24450,RECLINER:7/33@600; ROYAL RECLINER:27/33@750,1020720-120491-obbkgo-1020720
Bengaluru,karnataka,PVR,"PVR Directors Cut, Forum Rex Walk Brigade Road, Bengaluru",1024350,560001,AUDI 04,2D,2026-10-02T04:30,Available,48,29,19,17850,RECLINER:7/24@750; RECLINER PRIME:12/24@1050,1024350-29172-obbkgo-1024350
Bengaluru,karnataka,PVR,"PVR VR, Whitefield Road, Bengaluru",1022272,560048,AUDI 06,2D,2026-10-02T04:55,Filling Fast,186,66,120,38500,CLASSIC ROWS:0/34@210; CLASSIC PLUS ROWS:41/68@270; PRIME ROWS:65/68@310; RECLINER ROWS:14/16@520,1022272-42654-obbkgo-1022272
Bengaluru,karnataka,PVR,"INOX Mantri Square, Malleshwaram, Bengaluru",1020725,560003,SCREEN 3,2D,2026-10-02T10:50,Available,57,25,32,21350,CLASSIC:7/24@550; PRIME:25/33@700,1020725-75188-obbkgo-1020725
Bengaluru,karnataka,PVR,"PVR Nexus (Formerly Forum), Koramangala, Bengaluru",1022297,560095,AUDI 4,2D,2026-10-02T13:55,Filling Fast,178,43,135,55500,CLASSIC ROWS:0/30@260; CLASSIC PLUS ROWS:35/45@340; PRIME ROWS:88/91@400; RECLINER ROWS:12/12@700,1022297-56079-obbkgo-1022297
Bengaluru,karnataka,Cinepolis,"Cinepolis Lulu Global Mall, Bengaluru, Bengaluru",56450,560023,SCREEN 6,2D,2026-10-02T10:25,Available,235,111,124,41320,NORMAL:0/15@260; EXECUTIVE:0/48@300; PREMIUM:58/96@320; PREMIUM PLUS:50/60@340; PREMIUM XL:16/16@360,56450-11134-obbkgo-56450
Bengaluru,karnataka,Cinepolis,"Cinepolis VIP Lulu Global Mall, Rajajinagar, Bengaluru",56451,560023,SCREEN 01,2D,2026-10-02T06:45,Available,93,73,20,10800,VIP EXECUTIVE:4/40@500; VIP PREMIUM:16/53@550,56451-3881-obbkgo-56451
Bengaluru,karnataka,Cinepolis,"Cinepolis VIP Lulu Global Mall, Rajajinagar, Bengaluru",56451,560023,SCREEN 01,2D,2026-10-02T16:10,Available,93,85,8,4400,VIP EXECUTIVE:0/40@500; VIP PREMIUM:8/53@550,56451-3884-obbkgo-56451
Bengaluru,karnataka,Cinepolis,"Cinepolis ETA Namma Mall, Binny Pete, Bengaluru",128,560023,AUDI 7,2D,2026-10-02T04:15,Available,136,112,24,3290,NORMAL:0/9@105; EXECUTIVE:10/39@105; PREMIUM:14/88@160,128-9666-obbkgo-128
Bengaluru,karnataka,Cinepolis,"Cinepolis ETA Namma Mall, Binny Pete, Bengaluru",128,560023,AUDI 7,2D,2026-10-02T13:50,Available,136,90,46,11500,NORMAL:0/9@170; EXECUTIVE:0/39@220; PREMIUM:46/88@250,128-9669-obbkgo-128
Bengaluru,karnataka,PVR,"PVR Orion Mall, Dr Rajkumar Road, Bengaluru",1022299,560055,AUDI 07,2D,2026-10-02T08:45,Filling Fast,415,124,291,98390,CLASSIC ROWS:0/44@220; CLASSIC PLUS ROWS:106/176@260; PRIME ROWS:100/104@320; PICTURE PERFECT:26/28@340; EXTRA LEGROOM ROWS:25/26@370; RECLINER ROWS:34/37@610,1022299-55755-obbkgo-1022299
Bengaluru,karnataka,PVR,"INOX Megaplex Mall of Asia, Byatarayanapura, Bengaluru",1025975,560092,SCREEN 9,2D,2026-10-02T16:20,Available,163,121,42,13650,CLASSIC ROWS:0/26@240; CLASSIC PLUS ROWS:3/52@260; PRIME ROWS:39/85@330,1025975-65340-obbkgo-1025975
Bengaluru,karnataka,PVR,"INOX Shree Garuda Swagath Mall, Jayanagar, Bengaluru",1020723,560041,SCREEN 2,2D,2026-10-02T04:25,Available,278,214,64,12900,CLASSIC ROWS:0/44@99; CLASSIC PLUS ROWS:18/110@150; PRIME ROWS:14/72@180; PICTURE PERFECT:32/52@240,1020723-69930-obbkgo-1020723
Bengaluru,karnataka,PVR,"PVR Central Spirit Mall, Bellandur, Bengaluru",1022298,560103,SCREEN 1,2D,2026-10-02T10:30,Filling Fast,224,36,188,68990,CLASSIC ROWS:3/34@240; CLASSIC PLUS ROWS:47/51@320; PRIME ROWS:121/122@350; RECLINER ROWS:17/17@640,1022298-19570-obbkgo-1022298
Bengaluru,karnataka,PVR,"PVR Bhartiya Mall Of Bengaluru, Bhartiya City Mall, Bengaluru",1020740,560064,AUDI 02,2D,2026-10-02T11:35,Available,189,133,56,15470,CLASSIC ROWS:0/36@170; CLASSIC PLUS ROWS:6/54@190; PRIME ROWS:33/62@240; PRIME PLUS ROWS:10/22@270; RECLINER ROWS:7/15@530,1020740-37111-obbkgo-1020740
Bengaluru,karnataka,PVR,"PVR GT World Mall, Magadi Road, Bengaluru",1022303,560023,SCREEN 3,2D,2026-10-02T07:50,Available,270,232,38,9717,CLASSIC ROWS:3/30@99; CLASSIC PLUS ROWS:13/90@180; PRIME ROWS:9/108@210; PICTURE PERFECT:2/30@230; RECLINER ROWS:11/12@430,1022303-25304-obbkgo-1022303
Bengaluru,karnataka,Cinepolis,"Cinepolis Nexus Shantiniketan, Thigalarapalya, Bengaluru",7508,560067,JUNIOR,2D,2026-10-02T07:20,Almost Full,108,7,101,48110,EXECUTIVE:45/45@400; EXECUTIVE XL:11/12@420; PREMIUM XL:11/12@440; SINGLE SOFA:6/6@600; DOUBLE SOFA:23/24@600; LOUNGER:5/9@650,7508-15306-obbkgo-7508
Bengaluru,karnataka,Cinepolis,"Cinepolis Nexus Shantiniketan, Thigalarapalya, Bengaluru",7508,560067,JUNIOR,2D,2026-10-02T12:55,Filling Fast,108,22,86,46420,EXECUTIVE:42/45@450; EXECUTIVE XL:12/12@470; PREMIUM XL:12/12@490; LOUNGER:0/9@750; SINGLE SOFA:2/6@800; DOUBLE SOFA:18/24@800,7508-15307-obbkgo-7508
Bengaluru,karnataka,PVR,"INOX Central Mantri Junction, JP Nagar, Bengaluru",1020726,560069,SCREEN 3,2D,2026-10-02T10:25,Filling Fast,320,119,201,55960,CLASSIC ROWS:0/42@180; CLASSIC PLUS ROWS:27/84@220; PRIME ROWS:114/126@270; PICTURE PERFECT:52/60@290; RECLINER ROWS:8/8@520,1020726-88857-obbkgo-1020726
Bengaluru,karnataka,PVR,"PVR Vega City, Bannerghatta Road, Bengaluru",1022309,560076,AUDI 08,2D,2026-10-02T10:50,Filling Fast,152,23,129,39910,CLASSIC ROWS:1/22@230; CLASSIC PLUS ROWS:64/66@290; PRIME ROWS:64/64@330,1022309-59711-obbkgo-1022309
Bengaluru,karnataka,PVR,"INOX Galleria Mall, Yelahanka, Bengaluru",1020731,560064,SCREEN 1,2D,2026-10-02T10:45,Filling Fast,344,111,233,66040,CLASSIC ROWS:0/40@200; CLASSIC PLUS ROWS:76/120@220; PRIME ROWS:67/72@260; EXTRA LEGROOM ROWS:23/24@340; PICTURE PERFECT:54/72@340; RECLINER ROWS:13/16@440,1020731-68236-obbkgo-1020731
Bengaluru,karnataka,PVR,"INOX Garuda, Yelahanka, Bengaluru",1020734,560064,SCREEN 4,2D,2026-10-02T16:40,Available,183,173,10,2200,CLASSIC ROWS:0/48@180; CLASSIC PLUS ROWS:0/24@200; PRIME ROWS:10/111@220,1020734-49059-obbkgo-1020734
Bengaluru,karnataka,Cinepolis,"Cinepolis SJR Spectrum (Central Mall), Bannerghatta Road, Bengaluru",9637,560076,SCREEN 01,2D,2026-10-02T13:45,Available,150,89,61,22900,NORMAL:0/14@250; EXECUTIVE:11/42@300; PREMIUM:44/82@350; RECLINER:6/12@700,9637-9183-obbkgo-9637
Bengaluru,karnataka,PVR,"INOX Nexus The Forum Value Mall, Whitefield, Bengaluru",1020714,560066,SCREEN 2,2D,2026-10-02T16:50,Available,186,166,20,5960,CLASSIC ROWS:0/40@260; CLASSIC PLUS ROWS:11/60@280; PRIME ROWS:9/86@320,1020714-122528-obbkgo-1020714
Bengaluru,karnataka,PVR,"PVR Global Mall, Mysore Road, Bengaluru",1022307,560039,AUDI 02,2D,2026-10-02T05:35,Filling Fast,127,45,82,19640,CLASSIC ROWS:0/20@130; CLASSIC PLUS ROWS:34/55@200; PRIME ROWS:39/42@230; RECLINER ROWS:9/10@430,1022307-34110-obbkgo-1022307
Bengaluru,karnataka,PVR,"INOX SBR Horizon, Seegehalli Whitefield Hoskote Road, Bengaluru",1020738,560067,SCREEN 4,2D,2026-10-02T13:25,Available,110,49,61,16068,CLASSIC ROWS:2/20@99; CLASSIC PLUS ROWS:13/30@230; PRIME ROWS:46/60@280,1020738-50177-obbkgo-1020738
Bengaluru,karnataka,PVR,"INOX Arcadia, Brigade Utopia, Bengaluru",1102473,560087,SCREEN 1,2D,2026-10-02T09:50,Filling Fast,212,83,129,36710,CLASSIC ROWS:0/30@180; LOUNGER ROWS:0/12@230; CLASSIC PLUS ROWS:37/66@240; PRIME ROWS:83/95@280; RECLINER ROWS:9/9@510,1102473-1128-obbkgo-1102473
Bengaluru,karnataka,Cinepolis,"Cinepolis Royal Meenakshi Mall, Bannerghatta Road, Bengaluru",115,560076,AUDI03,2D,2026-10-02T04:05,Available,115,80,35,10460,NORMAL:0/12@220; EXECUTIVE:0/24@260; PREMIUM:12/39@280; PREMIUM PLUS:13/28@300; PREMIUM XL:10/12@320,115-9282-obbkgo-115
Bengaluru,karnataka,Cinepolis,"Cinepolis Royal Meenakshi Mall, Bannerghatta Road, Bengaluru",115,560076,AUDI03,2D,2026-10-02T13:45,Filling Fast,116,45,71,22120,NORMAL:0/12@240; EXECUTIVE:3/24@280; PREMIUM:34/40@300; PREMIUM PLUS:24/28@320; PREMIUM XL:10/12@340,115-9285-obbkgo-115
Bengaluru,karnataka,PVR,"PVR Superplex Forum Mall, Kanakapura Road, Bengaluru",1022305,560062,AUDI 09,2D,2026-10-02T17:00,Available,201,182,19,6140,CLASSIC ROWS:0/30@230; CLASSIC PLUS ROWS:10/75@250; PRIME ROWS:5/82@280; RECLINER ROWS:4/14@560,1022305-58819-obbkgo-1022305
Bengaluru,karnataka,PVR,"PVR Orion Uptown, Old Madras Road, Bengaluru",1022306,560049,AUDI 02,2D,2026-10-02T10:30,Filling Fast,188,38,150,37163,CLASSIC ROWS:7/26@99; CLASSIC PLUS ROWS:48/65@220; PRIME ROWS:83/85@250; RECLINER ROWS:12/12@430,1022306-24580-obbkgo-1022306
Bengaluru,karnataka,Movietime,"Movietime Cinemas YGR Signature Mall, RR Nagar, Bengaluru",1039754,560098,AUDI 2,2D,2026-10-02T11:30,Available,201,97,104,23400,SILVER:0/34@180; GOLD:91/153@200; RECLINER:13/14@400,1039754-17042-obbkgo-1039754
Bengaluru,karnataka,PVR,"INOX M5 Ecity, Bengaluru",1088533,560100,AUDI 07,2D,2026-10-02T07:55,Filling Fast,125,37,88,31270,CLASSIC ROWS:13/33@280; CLASSIC PLUS ROWS:64/68@320; EXTRA LEGROOM ROWS:0/13@370; RECLINER ROWS:11/11@650,1088533-17591-obbkgo-1088533
Hyderabad,telangana,PVR,"INOX Maheshwari Parmeshwari Mall, Kachiguda, Hyderabad",1020777,500027,SCREEN 1,2D,2026-10-02T10:40,Available,213,182,31,4619,EXECUTIVE:31/213@149,1020777-111546-obbkgo-1020777
Hyderabad,telangana,PVR,"INOX Odeon 4K LASER, Dolby ATMOS, DTS-X, RTC X Roads",1022247,500020,SCREEN 8,2D,2026-10-02T08:00,Available,82,68,14,2086,PRIME ROWS:14/82@149,1022247-10109-obbkgo-1022247
Hyderabad,telangana,PVR,"INOX Sattva Necklace Mall, Kavadiguda, Hyderabad",1020781,500080,SCREEN 2,2D,2026-10-02T08:05,Available,142,115,27,4823,EXECUTIVE:19/132@149; ROYAL:8/10@249,1020781-57716-obbkgo-1020781
Hyderabad,telangana,PVR,"PVR Panjagutta, Central Mall, Hyderabad",1022251,500082,AUDI 4,2D,2026-10-02T11:10,Available,236,171,65,9685,CLASSIC:65/236@149,1022251-25089-obbkgo-1022251
Hyderabad,telangana,PVR,"PVR Next Galleria Mall, Panjagutta, Hyderabad",1022281,500082,AUDI 03 PLAY HOUSE,2D,2026-10-02T17:00,Available,47,43,4,596,CLASSIC:4/47@149,1022281-41196-obbkgo-1022281
Hyderabad,telangana,PVR,"PVR Musarambagh, New Malakpet, Hyderabad",1022283,500036,AUDI 02,2D,2026-10-02T11:25,Available,172,154,18,2682,CLASSIC:18/172@149,1022283-29648-obbkgo-1022283
Hyderabad,telangana,Cinepolis,"Cinepolis Mantra Mall, Upparpally, Hyderabad",1977,500030,AUDI02,2D,2026-10-02T11:30,Available,213,176,37,7900,NORMAL:32/203@200; VIP:5/10@300,1977-7795-obbkgo-1977
Hyderabad,telangana,Cinepolis,"Cinepolis DSL Virtue Mall, Uppal, Hyderabad",9123,500013,AUDI06,2D,2026-10-02T04:35,Available,209,168,41,7250,NORMAL:0/35@150; EXECUTIVE:30/160@150; VIP:11/14@250,9123-9006-obbkgo-9123
Hyderabad,telangana,PVR,"PVR Lakeshore Mall, Y Junction, Hyderabad",1102157,500072,PLAY HOUSE AUDI 5,2D,2026-10-02T11:35,Filling Fast,55,19,36,5364,CLASSIC ROWS:11/28@149; PRIME ROWS:25/27@149,1102157-11835-obbkgo-1102157
Hyderabad,telangana,MovieMax,"MovieMax AMR ECIL, Secunderabad, Hyderabad",52274,500040,SCREEN4,2D,2026-10-02T14:15,Available,210,186,24,4416,PRIME:20/169@150; CLASSIC:0/32@150; RECLINER:4/9@354,52274-61526-obbkgo-52274
Hyderabad,telangana,Cinepolis,"Cinepolis TNR North City, Suchitra, Hyderabad",1039952,500055,AUDI08,2D,2026-10-02T14:20,Available,177,136,41,9850,EXECUTIVE:30/157@200; VIP:11/20@350,1039952-14525-obbkgo-1039952
Hyderabad,telangana,PVR,"PVR Atrium Mall, Gachibowli, Hyderabad",1022290,500032,AUDI 04,2D,2026-10-02T04:55,Filling Fast,166,60,106,16094,CLASSIC:103/152@149; RECLINER:3/14@249,1022290-24958-obbkgo-1022290
Hyderabad,telangana,PVR,"PVR Nexus Mall (Formerly Forum Sujana) Kukatpally, Hyderabad",1022267,500072,AUDI 04,2D,2026-10-02T05:50,Filling Fast,144,28,116,18184,CLASSIC:107/135@149; RECLINER:9/9@249,1022267-46600-obbkgo-1022267
Hyderabad,telangana,PVR,"INOX GSM Mall, Madinaguda, Hyderabad",1020780,500049,SCREEN 3,2D,2026-10-02T14:15,Available,192,178,14,2986,EXECUTIVE:5/180@149; ROYAL:9/12@249,1020780-87386-obbkgo-1020780
Chennai,tamil-nadu,PVR,"INOX Phoenix Market City (formerly Jazz Cinemas), Velachery, Chennai",1020779,600042,SCREEN 5,2D,2026-10-02T09:45,Almost Full,158,1,157,28500.55,BUDGET:23/24@59.43; ELITE:134/134@202.49,1020779-66864-obbkgo-1020779
Chennai,tamil-nadu,PVR,"PVR Palazzo, The Nexus Vijaya Mall, Chennai",1022274,600026,AUDI 3,2D,2026-10-02T16:10,Filling Fast,244,96,148,28967.1,BUDGET:7/28@59.43; ELITE:141/216@202.49,1022274-38999-obbkgo-1022274
Chennai,tamil-nadu,PVR,"PVR VR Mall, Anna Nagar, Chennai",1022304,600040,AUDI 07,2D,2026-10-02T11:05,Almost Full,118,0,118,21604.86,CLASSIC:16/16@59.43; PRIME:102/102@202.49,1022304-45885-obbkgo-1022304
Chennai,tamil-nadu,PVR,"PVR Ampa Skywalk Mall, Aminjikarai, Chennai",1022258,600029,AUDI 01,2D,2026-10-02T07:10,Almost Full,147,3,144,27155.72,CLASSIC:14/17@59.43; PRIME:130/130@202.49,1022258-32837-obbkgo-1022258
Chennai,tamil-nadu,PVR,"PVR Heritage RSL, ECR, Chennai",1022292,600119,AUDI 10,2D,2026-10-02T07:05,Filling Fast,109,42,67,13566.83,CLASSIC:0/11@59.43; PRIME:67/98@202.49,1022292-43009-obbkgo-1022292
Chennai,tamil-nadu,PVR,"PVR Sathyam, Royapettah, Chennai",1022244,600014,STUDIO 5,2D,2026-10-02T13:35,Almost Full,114,2,112,20962.16,BUDGET:12/12@59.43; ELITE:100/102@202.49,1022244-28250-obbkgo-1022244
Chennai,tamil-nadu,PVR,"HDFC Millennia PVR Escape-Express Avenue Mall, Chennai",1022257,600014,AUDI 2 WEAVE,2D,2026-10-02T10:25,Almost Full,101,0,101,18877.83,BUDGET:11/11@59.43; ELITE:90/90@202.49,1022257-34627-obbkgo-1022257
Kolkata,west-bengal,Cinepolis,"Cinepolis Acropolis Mall, Rajdanga Road, Kolkata",148,839200,AUDI04,2D,2026-10-02T06:10,Available,252,240,12,3000,NORMAL:0/21@220; EXECUTIVE:6/88@240; PREMIUM:6/143@260,148-6680-obbkgo-148
Kolkata,west-bengal,PVR,"INOX Quest Mall, Ballygunge, Kolkata",1020727,700017,SCREEN 6,2D,2026-10-02T09:00,Available,63,49,14,10220,ROYAL RECLINER:14/63@730,1020727-144603-obbkgo-1020727
Kolkata,west-bengal,PVR,"INOX Forum Mall, Elgin Road, Kolkata",1020721,700020,SCREEN 2,2D,2026-10-02T04:30,Available,171,135,36,7164,CLASSIC ROWS:1/28@199; PRIME PLUS ROWS:26/43@199; PRIME ROWS:9/100@199,1020721-96174-obbkgo-1020721
Kolkata,west-bengal,PVR,"INOX South City Mall, South City Mall, Kolkata",1020717,700068,SCREEN 5,2D,2026-10-02T06:40,Available,191,142,49,16660,PREMIER:0/34@320; SILVER:49/157@340,1020717-150625-obbkgo-1020717
Kolkata,west-bengal,Cinepolis,"Cinepolis Lake Mall, Rashbehari, Kolkata",1041,700026,AUDI 4,2D,2026-10-02T06:30,Available,262,244,18,7170,NORMAL:0/20@280; EXECUTIVE:0/80@300; PREMIUM:9/131@320; PREMIUM XL:0/14@340; PREMIUM PLUS:6/7@340; RECLINER:3/10@750,1041-7357-obbkgo-1041
Kolkata,west-bengal,PVR,"INOX Metropolis Mall, Hiland Park, Kolkata",1020713,700094,SCREEN 4,2D,2026-10-02T06:05,Available,197,182,15,2668,PREMIER:2/36@99; SILVER:13/147@190; ROYAL:0/14@310,1020713-100493-obbkgo-1020713
Kolkata,west-bengal,PVR,"INOX Swabhumi, Maulana Azad Sarani, Kolkata",1020722,700054,SCREEN 2,2D,2026-10-02T08:40,Available,166,162,4,1040,CLASSIC ROWS:0/32@99; PRIME ROWS:4/110@260; PRIME PLUS ROWS:0/24@300,1020722-94007-obbkgo-1020722
Kolkata,west-bengal,PVR,"PVR Manisquare, Mani Square Mall, Kolkata",1020736,700054,SCREEN 2,2D,2026-10-02T12:00,Available,147,115,32,10720,CLASSIC:0/45@260; PRIME:28/81@300; RECLINER:4/21@580,1020736-22764-obbkgo-1020736
Kolkata,west-bengal,miraj,"Miraj Cinemas : Downtown Mall, Salt Lake",1024333,700091,SCREEN 4,2D,2026-10-02T06:50,Available,166,166,0,0,SILVER:0/42@220; EXECUTIVE:0/63@240; GOLD:0/61@260,1024333-19117-obbkgo-1024333
Kolkata,west-bengal,PVR,"PVR Avani River Side Mall, Howrah, Kolkata",1022262,711102,AUDI 04,2D,2026-10-02T11:55,Available,194,156,38,8457,CLASSIC ROWS:13/28@99; PRIME ROWS:8/70@260; PRIME PLUS ROWS:11/68@270; EXTRA LEGROOM ROWS:2/17@280; PRIME PLUS SOFA ROWS:4/11@390,1022262-20831-obbkgo-1022262
Howrah,west-bengal,SVF Cinemas,"SVF Cinemas : Platina Mall, Howrah",1102203,711101,SCREEN 3,2D,2026-10-02T12:20,Available,138,127,11,2660,GOLD:0/13@100; PLATINUM:0/39@160; DIAMOND:7/78@180; ROYAL:4/8@350,1102203-11976-obbkgo-1102203
Kolkata,west-bengal,SVF Cinemas,Nazrultirtha Cinema : Kolkata,1102200,700156,SCREEN 3,2D,2026-10-02T14:05,Available,42,34,8,2400,ROYAL LOUNGER:0/30@200; ROYAL RECLINER:8/12@300,1102200-8118-obbkgo-1102200
Kolkata,west-bengal,SVF Cinemas,"SVF Cinemas : Wood Square Mall, Narendrapur",1102209,700103,SCREEN 3,2D,2026-10-02T07:10,Available,62,56,6,2100,ROYAL LOUNGER:0/42@300; ROYAL RECLINER:6/20@350,1102209-42649-obbkgo-1102209
Kolkata,west-bengal,PVR,"PVR Diamond Plaza, Jassore Road, Kolkata",1020735,700055,AUDI 03,2D,2026-10-02T09:20,Available,202,141,61,21230,CLASSIC ROWS:0/36@250; PRIME ROWS:24/88@270; PRIME PLUS ROWS:14/44@300; PRIME PLUS SOFA ROWS:11/20@370; RECLINER ROWS:12/14@540,1020735-27163-obbkgo-1020735
Kolkata,west-bengal,miraj,"Miraj Cinemas : The Terminus, New Town",12939,700156,SCREEN 1,2D,2026-10-02T12:10,Available,156,138,18,4680,SPECIAL:0/56@260; EXECUTIVE:18/78@260; RECLINER:0/22@490,12939-50264-obbkgo-12939
Howrah,west-bengal,PVR,"INOX Forum Rangoli Mall, Belur, Howrah",1029337,711202,SCREEN 2,2D,2026-10-02T06:30,Available,225,195,30,7578,CLASSIC ROWS:2/46@99; PICTURE PERFECT:5/28@250; PRIME ROWS:4/96@250; PRIME PLUS ROWS:19/55@270,1029337-61426-obbkgo-1029337
Kolkata,west-bengal,PVR,"INOX City Centre II, Rajarhat, Kolkata",1020724,700157,SCREEN 2,2D,2026-10-02T14:50,Available,273,271,2,560,CLASSIC ROWS:0/28@250; PICTURE PERFECT:0/30@270; PRIME ROWS:0/170@270; PRIME PLUS ROWS:2/45@280,1020724-98182-obbkgo-1020724
Pune,maharashtra,City Pride Multiplex,"City Pride Multiplex, Nyati Plaza, Kharadi (Pune)",1102429,411014,SCREEN4,2D,2026-10-02T08:15,Available,170,101,69,17250,ROYAL SILVER:0/24@230; ROYAL GOLD:69/146@250,1102429-17322-obbkgo-1102429
Pune,maharashtra,City Pride Multiplex,"City Pride Multiplex, Nyati Plaza, Kharadi (Pune)",1102429,411014,SCREEN4,2D,2026-10-02T14:30,Available,170,168,2,660,ROYAL SILVER:0/24@300; ROYAL GOLD:2/146@330,1102429-17324-obbkgo-1102429
Pune,maharashtra,PVR,"INOX Bund Garden, Bund Garden Road, Pune",1019930,411001,SCREEN 3,2D,2026-10-02T05:35,Available,246,226,20,3720,CLASSIC ROWS:0/51@170; PRIME ROWS:4/135@170; PRIME PLUS ROWS:16/60@190,1019930-141892-obbkgo-1019930
Pune,maharashtra,PVR,"PVR ICON Pavillion Mall, Shivajinagar, Pune",1019924,411016,AUDI 05,2D,2026-10-02T12:20,Available,170,114,56,23120,CLASSIC ROWS:0/28@270; PRIME ROWS:12/84@310; PRIME PLUS ROWS:36/50@370; RECLINER ROWS:8/8@760,1019924-36467-obbkgo-1019924
Pune,maharashtra,PVR,"PVR Kumar Pacific Mall, Swar Gate, Pune",1019925,411002,AUDI 03,2D,2026-10-02T06:30,Available,207,200,7,2040,CLASSIC ROWS:0/26@220; PRIME ROWS:5/82@240; PRIME PLUS ROWS:0/68@260; EXTRA LEGROOM ROWS:0/17@290; RECLINER ROWS:2/14@420,1019925-22141-obbkgo-1019925
Pune,maharashtra,PVR,"PVR Directors Cut KOPA, KOPA Mall, Pune",1027604,411001,AUDI 03,2D,2026-10-02T08:55,Available,54,34,20,12300,RECLINER:7/27@550; RECLINER PRIME:13/27@650,1027604-36048-obbkgo-1027604
Pune,maharashtra,Rajhans Cinemas,"Rajhans Cinemas 93 Avenue Mall, Fatima Nagar, Pune",24973,411022,SCREEN2,2D,2026-10-02T11:25,Available,275,261,14,3940,MARVEL:0/38@210; ROYAL:0/76@230; EXECUTIVE:10/138@230; RECLINER:4/23@410,24973-45672-obbkgo-24973
Pune,maharashtra,MovieMax,"MovieMax Gold, Mariplex Mall, Kalyani Nagar, Pune",1027599,411006,SCREEN3,2D,2026-10-02T09:45,Available,315,306,9,2230,MAX PRIME:0/98@190; MAX PREMIER:7/195@210; RECLINER:2/22@380,1027599-15197-obbkgo-1027599
Pune,maharashtra,Cinepolis,"Cinepolis Nexus Westend, Aundh, Pune",127,411007,AUDI02,2D,2026-10-02T04:40,Filling Fast,136,45,91,25510,NORMAL:10/12@230; EXECUTIVE:14/36@270; PREMIUM:67/88@290,127-16533-obbkgo-127
Pune,maharashtra,PVR,"PVR Phoenix Market City, Nagar Road, Pune",1022265,411014,AUDI 06,2D,2026-10-02T10:25,Available,236,145,91,33780,CLASSIC ROWS:0/38@149; CLASSIC PLUS ROWS:0/38@270; PRIME ROWS:59/123@320; PRIME PLUS ROWS:17/22@400; RECLINER ROWS:15/15@540,1022265-46394-obbkgo-1022265
Pune,maharashtra,Cinepolis,"Cinepolis Seasons Mall, Hadapsar, Pune",153,411028,AUDI 06,2D,2026-10-02T04:10,Available,130,95,35,7310,NORMAL:0/11@190; EXECUTIVE:2/35@190; PREMIUM:33/84@210,153-26048-obbkgo-153
Pune,maharashtra,Cinepolis,"Cinepolis Seasons Mall, Hadapsar, Pune",153,411028,AUDI 06,2D,2026-10-02T10:40,Available,130,88,42,12100,NORMAL:2/11@270; EXECUTIVE:2/35@270; PREMIUM:38/84@290,153-26050-obbkgo-153
Pune,maharashtra,Cinepolis,"Cinepolis Seasons Mall, Hadapsar, Pune",153,411028,AUDI 06,2D,2026-10-02T17:15,Available,130,125,5,1550,NORMAL:0/11@290; EXECUTIVE:0/35@290; PREMIUM:5/84@310,153-26052-obbkgo-153
Pune,maharashtra,Cinepolis,"Cinepolis VIP Seasons Mall, Hadapsar, Pune",156,411028,VIP AUDI 2,2D,2026-10-02T11:55,Available,74,61,13,7150,VIP EXECUTIVE:0/20@500; VIP PREMIUM:13/54@550,156-6753-obbkgo-156
Pune,maharashtra,PVR,"INOX Royal Heritage Mall, NIBM Ext., Pune",1019929,411060,SCREEN 5,2D,2026-10-02T11:10,Available,94,81,13,3697,CLASSIC ROWS:3/21@99; PRIME ROWS:0/27@270; PRIME PLUS ROWS:8/34@290; RECLINER ROWS:2/12@540,1019929-98560-obbkgo-1019929
Pune,maharashtra,MovieMax,"MovieMax Amanora, Town Centre, Pune (Now Renovated)",1025280,411028,SCREEN 7,2D,2026-10-02T02:45,Available,286,286,0,0,EXECUTIVE:0/32@150; CLUB:0/240@170; RECLINER:0/14@400,1025280-43450-obbkgo-1025280
Pune,maharashtra,MovieMax,"MovieMax Amanora, Town Centre, Pune (Now Renovated)",1025280,411028,SCREEN 6,2D,2026-10-02T04:00,Available,211,152,59,10490,EXECUTIVE:0/42@150; CLUB:57/157@170; RECLINER:2/12@400,1025280-43397-obbkgo-1025280
Pune,maharashtra,MovieMax,"MovieMax Amanora, Town Centre, Pune (Now Renovated)",1025280,411028,SCREEN 6,2D,2026-10-02T10:00,Available,211,170,41,10650,EXECUTIVE:0/42@230; CLUB:39/157@250; RECLINER:2/12@450,1025280-43398-obbkgo-1025280
Pune,maharashtra,MovieMax,"MovieMax Amanora, Town Centre, Pune (Now Renovated)",1025280,411028,SCREEN 6,2D,2026-10-02T16:00,Available,211,182,29,7830,EXECUTIVE:0/42@250; CLUB:29/157@270; RECLINER:0/12@600,1025280-43399-obbkgo-1025280
Pune,maharashtra,PVR,"INOX Megaplex, Phoenix Mall of the Millennium, Wakad, Pune",1023543,411057,AUDI 12,2D,2026-10-02T04:50,Filling Fast,149,42,107,29520,CLASSIC ROWS:0/22@190; CLASSIC PLUS ROWS:11/22@240; PRIME ROWS:96/105@280,1023543-73676-obbkgo-1023543
Pune,maharashtra,PVR,"INOX Megaplex, Phoenix Mall of the Millennium, Wakad, Pune",1023543,411057,AUDI 12,2D,2026-10-02T11:10,Filling Fast,149,58,91,36160,CLASSIC ROWS:0/22@310; CLASSIC PLUS ROWS:4/22@340; PRIME ROWS:87/105@400,1023543-73678-obbkgo-1023543
Pune,maharashtra,PVR,"INOX Megaplex, Phoenix Mall of the Millennium, Wakad, Pune",1023543,411057,AUDI 12,2D,2026-10-02T17:15,Available,141,141,0,0,CLASSIC ROWS:0/22@310; CLASSIC PLUS ROWS:0/22@340; PRIME ROWS:0/97@360,1023543-73680-obbkgo-1023543
Pune,maharashtra,PVR,"INOX Elpro City Square, Chinchwad, Pune",1019931,411033,SCREEN 4,2D,2026-10-02T09:05,Filling Fast,198,69,129,39690,CLASSIC ROWS:6/34@130; PRIME ROWS:50/85@290; PRIME PLUS ROWS:57/62@330; EXTRA LEGROOM ROWS:16/17@350,1019931-59440-obbkgo-1019931
Pune,maharashtra,miraj,"Miraj Cinemas : Spine City Mall, Pune",1017287,412105,SCREEN 1,2D,2026-10-02T15:00,Available,179,172,7,1890,SILVER:0/48@200; GOLD:0/113@220; CLUB SOFA:7/18@270,1017287-26604-obbkgo-1017287
Pune,maharashtra,PVR,"PVR Grand Highstreet Mall, Hinjawadi, Pune",1019928,411057,AUDI 01,2D,2026-10-02T14:35,Available,161,136,25,8017,CLASSIC ROWS:3/28@99; PRIME ROWS:6/70@270; PRIME PLUS ROWS:9/39@300; EXTRA LEGROOM ROWS:3/16@320; RECLINER ROWS:4/8@610,1019928-47680-obbkgo-1019928
Pune,maharashtra,PVR,"INOX Jai Ganesh Vision Mall, Akurdi, Pune",1019927,411035,SCREEN 1,2D,2026-10-02T02:00,Available,349,349,0,0,CLASSIC ROWS:0/61@149; EXTRA LEGROOM ROWS:0/20@149; CLASSIC PLUS ROWS:0/93@149; PRIME ROWS:0/175@149,1019927-78565-obbkgo-1019927
Pune,maharashtra,PVR,"INOX Jai Ganesh Vision Mall, Akurdi, Pune",1019927,411035,SCREEN 2,2D,2026-10-02T03:30,Available,148,108,40,5960,CLASSIC ROWS:0/26@149; EXTRA LEGROOM ROWS:10/16@149; CLASSIC PLUS ROWS:3/65@149; PRIME ROWS:27/41@149,1019927-78533-obbkgo-1019927
Ahmedabad,gujarat,City Gold,"City Gold, Ashram Road",1102111,380009,SCREEN 5,2D,2026-10-02T07:30,Available,130,130,0,0,EXECUTIVE:0/130@200,1102111-237389-obbkgo-1102111
Ahmedabad,gujarat,miraj,"Miraj Cinemas : City Pulse, Ahmedabad",171,380001,SCREEN 6,2D,2026-10-02T03:55,Available,56,56,0,0,GOLD:0/56@140,171-150579-obbkgo-171
Ahmedabad,gujarat,miraj,"Miraj Cinemas : City Pulse, Ahmedabad",171,380001,SCREEN 6,2D,2026-10-02T16:30,Available,56,56,0,0,GOLD:0/56@220,171-150583-obbkgo-171
Ahmedabad,gujarat,PVR,"PVR Arved Transcube, Vijay Nagar, Ahmedabad",1020682,382480,AUDI 07,2D,2026-10-02T14:35,Available,116,101,15,3000,CLASSIC ROWS:0/30@170; PRIME ROWS:15/76@200; EXTRA LEGROOM ROWS:0/10@230,1020682-38174-obbkgo-1020682
Ahmedabad,gujarat,Cinepolis,"Cinepolis Nexus One, Ahmedabad",125,380015,AUDI 6,2D,2026-10-02T11:50,Available,126,99,27,8130,NORMAL:0/13@230; EXECUTIVE:1/28@270; PREMIUM:10/30@290; EXECUTIVE XL:0/10@310; PREMIUM PLUS:16/45@310,125-10062-obbkgo-125
Ahmedabad,gujarat,PVR,"INOX Himalaya Mall, Drive In Road, Ahmedabad",1020680,380052,SCREEN 1,2D,2026-10-02T14:55,Available,238,235,3,840,CLASSIC ROWS:0/38@180; CLASSIC PLUS ROWS:0/101@200; PRIME ROWS:0/23@240; PRIME PLUS ROWS:0/43@260; PICTURE PERFECT:3/33@280,1020680-29870-obbkgo-1020680
Ahmedabad,gujarat,City Gold,"City Gold, Satellite",1102115,380015,SCREEN 1,2D,2026-10-02T04:00,Available,100,100,0,0,EXECUTIVE:0/100@150,1102115-285752-obbkgo-1102115
Ahmedabad,gujarat,City Gold,"City Gold, Satellite",1102115,380015,SCREEN 4,2D,2026-10-02T11:00,Available,100,100,0,0,EXECUTIVE:0/100@200,1102115-285743-obbkgo-1102115
Ahmedabad,gujarat,Apple Cinema,"Apple Cinema, Bapunagar, Ahmedabad",1102449,380024,SCREEN 5,2D,2026-10-02T14:30,Available,96,94,2,300,SILVER:0/52@130; LOUNGER:0/8@140; PLATINUM:2/36@150,1102449-64350-obbkgo-1102449
Ahmedabad,gujarat,City Gold,"City Gold, Jivraj Park",1102117,380007,AUDI 5,2D,2026-10-02T11:00,Available,100,100,0,0,EXECUTIVE:0/100@140,1102117-39471-obbkgo-1102117
Ahmedabad,gujarat,PVR,"PVR Palladium Mall, Thaltej, Ahmedabad",1032362,380054,SCREEN 7,2D,2026-10-02T11:40,Available,71,47,24,9630,CLASSIC ROWS:0/20@260; PRIME ROWS:2/20@280; PRIME PLUS ROWS:17/23@360; RECLINER ROWS:5/8@590,1032362-39917-obbkgo-1032362
Ahmedabad,gujarat,PVR,"PVR Palladium Mall, Thaltej, Ahmedabad",1032362,380054,SCREEN 6,2D,2026-10-02T13:40,Available,116,116,0,0,CLASSIC ROWS:0/36@290; PRIME ROWS:0/36@310; PRIME PLUS ROWS:0/30@360; RECLINER ROWS:0/14@580,1032362-39991-obbkgo-1032362
Ahmedabad,gujarat,PVR,"PVR Palladium Mall, Thaltej, Ahmedabad",1032362,380054,SCREEN 5,2D,2026-10-02T17:30,Available,159,156,3,990,CLASSIC ROWS:0/36@310; PRIME ROWS:3/36@330; PRIME PLUS ROWS:0/60@380; EXTRA LEGROOM ROWS:0/13@400; RECLINER ROWS:0/14@610,1032362-39913-obbkgo-1032362
Ahmedabad,gujarat,PVR,"PVR Acropolis, Acropolis Mall, Ahmedabad",1022291,380059,AUDI 03,2D,2026-10-02T06:05,Available,161,145,16,4190,CLASSIC ROWS:0/39@150; PRIME ROWS:2/65@170; PRIME PLUS ROWS:5/34@220; EXTRA LEGROOM ROWS:7/15@290; RECLINER ROWS:2/8@360,1022291-34712-obbkgo-1022291
Ahmedabad,gujarat,PVR,"PVR Acropolis, Acropolis Mall, Ahmedabad",1022291,380059,AUDI 03,2D,2026-10-02T11:55,Available,161,148,13,4900,CLASSIC ROWS:0/39@230; PRIME ROWS:8/65@250; PRIME PLUS ROWS:0/34@300; EXTRA LEGROOM ROWS:0/15@330; RECLINER ROWS:5/8@580,1022291-34714-obbkgo-1022291
Ahmedabad,gujarat,City Gold,"City Gold, Motera",1102112,380005,SCREEN 1,2D,2026-10-02T14:00,Available,100,100,0,0,AUDI 1:0/100@100,1102112-891562-obbkgo-1102112
Ahmedabad,gujarat,New Fangled Miniplex,"Newfangled Miniplex (Twin Seat), Mondeal Retail Park, Ahmedabad",28429,380015,SCREEN 2,2D,2026-10-02T03:45,Available,200,200,0,0,V COUPLE SEAT:0/100@300; P COUPLE SEAT:0/100@300,28429-284464-obbkgo-28429
Ahmedabad,gujarat,miraj,"Miraj Cinemas : Cinepride, Krishna Nagar",170,382346,SCREEN 4,2D,2026-10-02T09:15,Available,123,123,0,0,PLATINUM:0/98@149; GOLD:0/25@149,170-113927-obbkgo-170
Ahmedabad,gujarat,Revolution Video,"Revolution Multiplex, CTM, Ahmedabad",1037,380026,SCREEN 2,2D,2026-10-02T07:05,Available,400,400,0,0,PLATINUM:0/100@150; GOLDEN:0/100@150; ROYAL SOFA:0/100@200; LOUNGER:0/100@200,1037-229396-obbkgo-1037
Ahmedabad,gujarat,Revolution Video,"Revolution Multiplex, CTM, Ahmedabad",1037,380026,SCREEN 4,2D,2026-10-02T10:15,Available,125,125,0,0,PLATINUM:0/50@150; GOLDEN:0/50@150; SOFA CLASS:0/16@200; LOUNGER:0/9@200,1037-229486-obbkgo-1037
Ahmedabad,gujarat,Revolution Video,"Revolution Multiplex, CTM, Ahmedabad",1037,380026,SCREEN 2,2D,2026-10-02T13:05,Available,400,400,0,0,PLATINUM:0/100@150; GOLDEN:0/100@150; ROYAL SOFA:0/100@200; LOUNGER:0/100@200,1037-229403-obbkgo-1037
Ahmedabad,gujarat,Wide Angle Multiplex,"Wide Angle Multiplex, Satellite Crossing, Ahmedabad",1024793,380015,SCREEN 4,2D,2026-10-02T14:00,Available,20,20,0,0,SILVER:0/10@200; GOLD:0/10@200,1024793-225490-obbkgo-1024793
Ahmedabad,gujarat,Apple Cinema,"Apple Multiplex, Gota, Ahmedabad",1058869,382481,SCREEN 3,2D,2026-10-02T14:30,Available,100,100,0,0,VIP RECLINER:0/100@300,1058869-92847-obbkgo-1058869
Ahmedabad,gujarat,New Fangled Miniplex,"Newfangled Miniplex (Twin Seat), Motera, Ahmedabad",28430,380005,SCREEN 4,2D,2026-10-02T03:45,Available,11,11,0,0,COUPLE SEAT:0/11@300,28430-247186-obbkgo-28430
Ahmedabad,gujarat,PVR,"PVR Motera, 4D Square Mall, Ahmedabad",1020683,380005,AUDI 04,2D,2026-10-02T07:10,Available,238,215,23,5050,CLASSIC ROWS:0/42@160; PRIME ROWS:6/163@190; EXTRA LEGROOM ROWS:0/11@210; PICTURE PERFECT:17/22@230,1020683-21609-obbkgo-1020683
Ahmedabad,gujarat,Sanelite Cinema,"Sanelite Cinemas (Banana Smartplex), SBR, Thaltej",1102485,380059,SCREEN 3,2D,2026-10-02T12:00,Available,200,200,0,0,COUPLE SOFA (1ADMIT):0/100@200; COUPLE LOUNGER (2ADMITS):0/100@400,1102485-62299-obbkgo-1102485
Ahmedabad,gujarat,Devi,"Devi Multiplex, Naroda, Ahmedabad",900,382330,SCREEN 2,2D,2026-10-02T11:00,Available,200,200,0,0,PLATINUM:0/100@99; GOLD:0/100@99,900-116771-obbkgo-900
Ahmedabad,gujarat,Cinepolis,"Cinepolis Kankubag, Ahmedabad",1016640,382418,AUDI 4,2D,2026-10-02T05:05,Available,248,243,5,950,NORMAL:0/18@150; EXECUTIVE:0/60@170; PREMIUM:5/136@190; PREMIUM XL:0/20@230; RECLINER:0/14@380,1016640-8226-obbkgo-1016640
Ahmedabad,gujarat,Cinepolis,"Cinepolis Kankubag, Ahmedabad",1016640,382418,AUDI 4,2D,2026-10-02T10:35,Available,248,235,13,2800,NORMAL:0/18@160; EXECUTIVE:0/60@180; PREMIUM:8/136@200; PREMIUM XL:5/20@240; RECLINER:0/14@400,1016640-8228-obbkgo-1016640
Ahmedabad,gujarat,Sanelite Cinema,"Sanelite Cinemas, Science City",1102495,380060,SCREEN 1,2D,2026-10-02T04:45,Available,41,41,0,0,MILLER:0/41@150,1102495-103974-obbkgo-1102495
Ahmedabad,gujarat,Sanelite Cinema,"Sanelite Cinemas, Science City",1102495,380060,SCREEN 1,2D,2026-10-02T11:00,Available,100,100,0,0,MILLER:0/100@200,1102495-103988-obbkgo-1102495
Ahmedabad,gujarat,Sanelite Cinema,"Sanelite Cinemas, Science City",1102495,380060,SCREEN 1,2D,2026-10-02T14:15,Available,41,41,0,0,MILLER:0/41@200,1102495-104057-obbkgo-1102495
Ahmedabad,gujarat,Rajhans Cinemas,"Rajhans Cinemas, Nikol, Ahmedabad",1050995,382350,SCREEN 3,2D,2026-10-02T10:30,Available,251,213,38,6840,MARVEL:0/26@150; ROYAL:0/73@170; EXECUTIVE:26/140@180; BOX:12/12@180,1050995-62089-obbkgo-1050995
Ahmedabad,gujarat,Rajhans Cinemas,"Rajhans Cinema, Vastral, Ahmedabad",17669,382418,SCREEN 1,2D,2026-10-02T07:30,Available,172,158,14,3540,MARVEL:0/24@150; ROYAL:0/28@170; EXECUTIVE:8/103@180; RECLINER:6/17@350,17669-60003-obbkgo-17669
Ahmedabad,gujarat,Rajhans Cinemas,"Rajhans Cinema, Vastral, Ahmedabad",17669,382418,SCREEN 1,2D,2026-10-02T13:45,Available,172,157,15,4680,MARVEL:0/24@140; ROYAL:0/28@160; EXECUTIVE:6/103@180; RECLINER:9/17@400,17669-60005-obbkgo-17669
Ahmedabad,gujarat,PVR,"PVR Satyamev Emporio Odhav, Satyamev Emporio Mall, Ahmedabad",1022293,382430,AUDI 02,2D,2026-10-02T09:45,Available,89,89,0,0,CLASSIC ROWS:0/26@99; EXTRA LEGROOM ROWS:0/14@149; PRIME ROWS:0/49@149,1022293-26330-obbkgo-1022293
Ahmedabad,gujarat,City Gold,"City Gold, Bopal",1102113,380058,SCREEN 1,2D,2026-10-02T10:45,Available,117,117,0,0,EXECUTIVE:0/117@200,1102113-110877-obbkgo-1102113
Ahmedabad,gujarat,Mangoplus Cinema,"Mango Plus Cinemas, Nikol, Ahmedabad",1004161,382350,SCREEN 3,2D,2026-10-02T08:30,Available,166,166,0,0,SOFA:0/150@200; RECLINER:0/16@350,1004161-174766-obbkgo-1004161
Ahmedabad,gujarat,Rajhans Cinemas,"Rajhans Cinemas The CBD Mall, Zundal Circle, Ahmedabad",1031255,382421,SCREEN7,2D,2026-10-02T04:40,Available,163,128,35,5230,MARVEL:0/15@105; ROYAL:0/30@130; EXECUTIVE:31/105@130; RECLINER:4/13@300,1031255-28637-obbkgo-1031255
Ahmedabad,gujarat,Rajhans Cinemas,"Rajhans Cinemas The CBD Mall, Zundal Circle, Ahmedabad",1031255,382421,SCREEN7,2D,2026-10-02T10:15,Available,163,142,21,3780,MARVEL:0/15@150; ROYAL:0/30@170; EXECUTIVE:21/105@180; RECLINER:0/13@350,1031255-28639-obbkgo-1031255
Ahmedabad,gujarat,miraj,"Miraj Cinemas : Vitthal Plaza, New Naroda",2612,382330,SCREEN 3,2D,2026-10-02T03:30,Available,124,124,0,0,EXECUTIVE:0/114@105; PLATINUM:0/10@160,2612-45034-obbkgo-2612
Ahmedabad,gujarat,miraj,"Miraj Cinemas : Shalin Square, Hathijan",1028845,382445,SCREEN 1,2D,2026-10-02T09:05,Available,88,88,0,0,PLATINUM:0/66@160; LOUNGER:0/9@180; CLUB SOFA:0/13@220,1028845-15189-obbkgo-1028845
Ahmedabad,gujarat,NY ,Devgn CineX (Formerly NY)  : Swagat Mall Gandhinagar,1039338,382421,SCREEN 1,2D,2026-10-02T08:55,Available,145,111,34,8250,CLASSIC:5/33@200; PRIME:29/112@250,1039338-22659-obbkgo-1039338
Ahmedabad,gujarat,NY ,Devgn CineX (Formerly NY)  : Swagat Mall Gandhinagar,1039338,382421,SCREEN 1,2D,2026-10-02T14:45,Available,145,141,4,1000,CLASSIC:0/33@200; PRIME:4/112@250,1039338-22661-obbkgo-1039338
Jaipur,rajasthan,Cinepolis,"Cinepolis Jewel of India, Jaipur",1039934,302018,AUDI 1,2D,2026-10-02T03:35,Available,217,211,6,1620,NORMAL:0/17@190; EXECUTIVE:0/38@230; PREMIUM:0/57@250; PREMIUM PLUS:6/69@270; PREMIUM XL:0/23@290; RECLINER:0/13@520,1039934-11809-obbkgo-1039934
Jaipur,rajasthan,Cinepolis,"Cinepolis Jewel of India, Jaipur",1039934,302018,AUDI 6,2D,2026-10-02T06:45,Available,209,157,52,18810,NORMAL:0/17@230; EXECUTIVE:0/57@270; PREMIUM:15/57@290; PREMIUM PLUS:28/44@330; PREMIUM XL:0/22@350; RECLINER:9/12@580,1039934-11820-obbkgo-1039934
Jaipur,rajasthan,PVR,"INOX GT Central Mall, Malviya Nagar, Jaipur",1024436,302017,SCREEN 3,2D,2026-10-02T14:10,Available,36,34,2,540,PRIME ROWS:2/36@270,1024436-89026-obbkgo-1024436
Jaipur,rajasthan,PVR,"INOX GT Central Mall, Malviya Nagar, Jaipur",1024436,302017,INSIGNIA 4,2D,2026-10-02T17:55,Available,20,20,0,0,INSIGNIA:0/20@720,1024436-89033-obbkgo-1024436
Jaipur,rajasthan,Cinepolis,"Cinepolis World Trade Park, Malviya Nagar, Jaipur",116,302001,AUDI 4,2D,2026-10-02T17:35,Available,191,185,6,1740,NORMAL:0/23@230; EXECUTIVE:0/69@270; PREMIUM:6/99@290,116-8372-obbkgo-116
Jaipur,rajasthan,PVR,"INOX Pink Square Mall, Raja Park, Jaipur",1024430,302004,SCREEN 3,2D,2026-10-02T03:35,Available,220,198,22,4928,CLASSIC ROWS:1/44@149; PRIME PLUS ROWS:10/44@149; EXTRA LEGROOM ROWS:0/14@149; PRIME ROWS:0/102@149; RECLINER ROWS:11/16@299,1024430-93653-obbkgo-1024430
Jaipur,rajasthan,miraj,"Miraj Cinemas : Entertainment Paradise, Jaipur",9149,302017,SCREEN 3,2D,2026-10-02T09:10,Available,470,419,51,16740,SILVER:0/54@210; GOLD:8/324@230; CLUB SOFA:33/76@300; PLATINUM RECLINER:10/16@500,9149-34179-obbkgo-9149
Jaipur,rajasthan,PVR,"INOX JTM Mall, Malviya Nagar, Jaipur",1024433,302017,SCREEN 2,2D,2026-10-02T06:30,Available,108,92,16,4880,CLASSIC ROWS:0/14@200; PRIME ROWS:0/56@220; PRIME PLUS ROWS:3/14@240; EXTRA LEGROOM ROWS:7/14@260; RECLINER ROWS:6/10@390,1024433-30126-obbkgo-1024433
Jaipur,rajasthan,PVR,"INOX Sunny Trade Center, Mansarovar, Jaipur",1024431,302020,SCREEN 1,2D,2026-10-02T03:30,Available,201,158,43,8057,CLASSIC ROWS:0/30@149; PRIME PLUS ROWS:26/38@149; EXTRA LEGROOM ROWS:0/18@149; PRIME ROWS:6/102@149; RECLINER ROWS:11/13@299,1024431-69152-obbkgo-1024431
Jaipur,rajasthan,Gold,"Gold Cinema, City Plaza, Bani Park (Newly Opened)",1102181,302016,SCREEN 3,2D,2026-10-02T15:30,Available,200,200,0,0,GOLD:0/100@200; RECLINER:0/100@500,1102181-7184-obbkgo-1102181
Jaipur,rajasthan,Cinepolis,"Cinepolis Triton Mega Mall, Jhotwara Road, Jaipur",142,302012,SCREEN 02,2D,2026-10-02T03:30,Available,231,220,11,2520,NORMAL:0/15@170; EXECUTIVE:0/68@190; PREMIUM:6/131@220; EXECUTIVE XL:5/17@240,142-7600-obbkgo-142
Jaipur,rajasthan,Cinepolis,"Cinepolis Triton Mega Mall, Jhotwara Road, Jaipur",142,302012,SCREEN 02,2D,2026-10-02T08:20,Available,231,183,48,11700,NORMAL:0/15@200; EXECUTIVE:0/68@220; PREMIUM:39/131@240; EXECUTIVE XL:9/17@260,142-7601-obbkgo-142
Jaipur,rajasthan,Cinepolis,"Cinepolis Triton Mega Mall, Jhotwara Road, Jaipur",142,302012,SCREEN 04,2D,2026-10-02T18:15,Available,164,158,6,1560,NORMAL:0/16@220; EXECUTIVE:0/51@240; PREMIUM:6/84@260; EXECUTIVE XL:0/13@280,142-7604-obbkgo-142
Jaipur,rajasthan,PVR,"PVR Mall of Jaipur, Vaishali Nagar, Jaipur",1024434,302021,AUDI 06,2D,2026-10-02T04:15,Available,97,54,43,9957,CLASSIC ROWS:0/20@199; PRIME PLUS ROWS:26/26@199; PRIME ROWS:10/43@199; RECLINER ROWS:7/8@399,1024434-41412-obbkgo-1024434
Jaipur,rajasthan,PVR,"PVR Mall of Jaipur, Vaishali Nagar, Jaipur",1024434,302021,AUDI 06,2D,2026-10-02T13:25,Available,97,56,41,17080,CLASSIC ROWS:0/20@280; PRIME ROWS:8/43@300; PRIME PLUS ROWS:25/26@360; RECLINER ROWS:8/8@710,1024434-41415-obbkgo-1024434
Jaipur,rajasthan,DD Cinema,"DD Cinemas, Viva City Mall, Jaipur",1038300,302022,SCREEN 3,2D,2026-10-02T04:00,Available,184,184,0,0,DIAMOND:0/130@99; GOLD:0/54@99,1038300-23427-obbkgo-1038300
Jaipur,rajasthan,DD Cinema,"DD Cinemas, Viva City Mall, Jaipur",1038300,302022,SCREEN 3,2D,2026-10-02T09:45,Available,184,184,0,0,GOLD:0/54@220; DIAMOND:0/130@240,1038300-23430-obbkgo-1038300
Lucknow,uttar-pradesh,Novelty MGS Cinema,"Novelty MGS Cinema, Lalbagh, Lucknow",1102306,226001,AUDI 2,2D,2026-10-02T06:20,Available,215,199,16,2400,CLASSIC:16/215@150,1102306-33978-obbkgo-1102306
Lucknow,uttar-pradesh,PVR,"PVR Sahara Ganj Mall, Hazratganj, Lucknow",1023487,226001,AUDI 03,2D,2026-10-02T06:30,Available,175,149,26,6320,CLASSIC:19/163@200; RECLINER:7/12@360,1023487-21089-obbkgo-1023487
Lucknow,uttar-pradesh,PVR,"INOX Umrao Mall, Mahanagar, Lucknow",1023480,226006,SCREEN 1,2D,2026-10-02T06:10,Available,213,121,92,19398,EXECUTIVE:2/34@99; CLUB:40/127@150; ROYAL:38/40@240; ROYAL RECLINER:12/12@340,1023480-35511-obbkgo-1023480
Lucknow,uttar-pradesh,Cinepolis,"Fun Cinema Fun Republic Mall, Gomti Nagar, Lucknow",144,226016,AUDI02,2D,2026-10-02T07:05,Available,358,314,44,9680,NORMAL:0/110@220; EXECUTIVE:44/248@220,144-5474-obbkgo-144
Lucknow,uttar-pradesh,MovieMax,"MovieMax Shalimar Gateway, Lucknow",1001169,226005,SCREEN6,2D,2026-10-02T09:00,Available,187,181,6,1080,CLUB:0/26@180; PRIME:2/91@180; EXECUTIVE:4/60@180; MAX RECLINER:0/10@380,1001169-48491-obbkgo-1001169
Lucknow,uttar-pradesh,MovieMax,"MovieMax Shalimar Gateway, Lucknow",1001169,226005,SCREEN6,2D,2026-10-02T15:00,Available,187,184,3,540,CLUB:0/26@180; PRIME:0/91@180; EXECUTIVE:3/60@180; MAX RECLINER:0/10@380,1001169-48493-obbkgo-1001169
Lucknow,uttar-pradesh,Wave,"Wave Cinemas, Lucknow",1041121,226010,WAVE 0.2,2D,2026-10-02T09:55,Available,251,159,92,21100,CLASSIC:0/96@200; PREMIUM:83/140@200; GOLD:9/15@500,1041121-161732-obbkgo-1041121
Lucknow,uttar-pradesh,Cinepolis,"Cinepolis One Awadh Center Mall, Gomti Nagar, Lucknow",1042,226010,SCREEN 8,2D,2026-10-02T11:20,Available,192,181,11,2420,NORMAL:0/15@220; EXECUTIVE:0/48@220; PREMIUM:11/108@220; VIP:0/21@500,1042-9217-obbkgo-1042
Lucknow,uttar-pradesh,Cinepolis,"Cinepolis One Awadh Center Mall, Gomti Nagar, Lucknow",1042,226010,SCREEN 1,2D,2026-10-02T13:50,Available,198,174,24,5840,NORMAL:0/14@220; EXECUTIVE:0/45@220; PREMIUM:22/120@220; VIP:2/19@500,1042-9191-obbkgo-1042
Lucknow,uttar-pradesh,PVR,"PVR Phoenix United Mall, Alambagh, Lucknow",1023574,226005,AUDI 03,2D,2026-10-02T11:45,Available,236,186,50,12200,CLASSIC:22/198@200; PRIME:17/26@200; RECLINER:11/12@400,1023574-27545-obbkgo-1023574
Lucknow,uttar-pradesh,PVR,"INOX Megaplex Emerald, Ashiyana, Lucknow",1023485,226012,SCREEN 2,2D,2026-10-02T03:35,Available,137,89,48,7200,CLUB:12/64@150; EXECUTIVE:0/16@150; ROYAL:36/57@150,1023485-73252-obbkgo-1023485
Lucknow,uttar-pradesh,PVR,"INOX Megaplex Emerald, Ashiyana, Lucknow",1023485,226012,SCREEN 2,2D,2026-10-02T06:40,Available,137,77,60,15000,CLUB:10/64@200; EXECUTIVE:0/16@200; ROYAL:50/57@260,1023485-73253-obbkgo-1023485
Lucknow,uttar-pradesh,PVR,"INOX Megaplex Emerald, Ashiyana, Lucknow",1023485,226012,SCREEN 2,2D,2026-10-02T09:45,Available,137,99,38,8740,CLUB:0/64@200; EXECUTIVE:0/16@200; ROYAL:38/57@230,1023485-73254-obbkgo-1023485
Lucknow,uttar-pradesh,PVR,"INOX Megaplex Emerald, Ashiyana, Lucknow",1023485,226012,SCREEN 2,2D,2026-10-02T15:10,Available,121,115,6,1200,CLUB:0/64@200; EXECUTIVE:0/16@200; ROYAL:6/41@200,1023485-73256-obbkgo-1023485
Lucknow,uttar-pradesh,PVR,"INOX Megaplex Emerald, Ashiyana, Lucknow",1023485,226012,SCREEN 2,2D,2026-10-02T18:15,Available,121,121,0,0,CLUB:0/64@200; EXECUTIVE:0/16@200; ROYAL:0/41@200,1023485-73257-obbkgo-1023485
Lucknow,uttar-pradesh,PVR,"INOX Megaplex Phoenix Palassio Mall, Amar Saheed Path, Lucknow",1023482,226010,SCREEN 1,2D,2026-10-02T04:25,Available,78,39,39,7680,CLUB:15/32@160; EXECUTIVE:0/16@160; ROYAL:24/30@220,1023482-99248-obbkgo-1023482
Lucknow,uttar-pradesh,PVR,"INOX Megaplex Phoenix Palassio Mall, Amar Saheed Path, Lucknow",1023482,226010,SCREEN 1,2D,2026-10-02T07:25,Filling Fast,78,18,60,18600,EXECUTIVE:0/16@250; CLUB:31/32@310; ROYAL:29/30@310,1023482-99249-obbkgo-1023482
Lucknow,uttar-pradesh,PVR,"INOX Megaplex Phoenix Palassio Mall, Amar Saheed Path, Lucknow",1023482,226010,SCREEN 1,2D,2026-10-02T10:25,Filling Fast,78,21,57,16770,EXECUTIVE:0/16@250; CLUB:30/32@280; ROYAL:27/30@310,1023482-99250-obbkgo-1023482
Lucknow,uttar-pradesh,PVR,"INOX Megaplex Phoenix Palassio Mall, Amar Saheed Path, Lucknow",1023482,226010,SCREEN 1,2D,2026-10-02T13:25,Filling Fast,78,29,49,15190,EXECUTIVE:0/16@250; CLUB:24/32@310; ROYAL:25/30@310,1023482-99251-obbkgo-1023482
Lucknow,uttar-pradesh,PVR,"PVR SUPERPLEX Lulu, Lulu Mall, Lucknow",1024415,226030,AUDI 01,2D,2026-10-02T04:30,Available,74,44,30,6100,PRIME:23/67@180; RECLINER:7/7@280,1024415-53994-obbkgo-1024415
Lucknow,uttar-pradesh,PVR,"PVR SUPERPLEX Lulu, Lulu Mall, Lucknow",1024415,226030,AUDI 01,2D,2026-10-02T12:40,Filling Fast,74,24,50,13900,PRIME:43/67@250; RECLINER:7/7@450,1024415-53997-obbkgo-1024415
Lucknow,uttar-pradesh,PVR,"PVR SUPERPLEX Lulu, Lulu Mall, Lucknow",1024415,226030,AUDI 01,2D,2026-10-02T18:25,Available,64,64,0,0,PRIME:0/57@250; RECLINER:0/7@450,1024415-53999-obbkgo-1024415
Lucknow,uttar-pradesh,PVR,"INOX Lucknow Crown Mall, Faizabad Road, Lucknow",1023483,226028,SCREEN 6,2D,2026-10-02T03:35,Available,202,197,5,750,CLUB:0/124@150; EXECUTIVE:0/28@150; ROYAL:5/36@150; ROYAL RECLINER:0/14@250,1023483-61259-obbkgo-1023483
Lucknow,uttar-pradesh,PVR,"INOX Lucknow Crown Mall, Faizabad Road, Lucknow",1023483,226028,SCREEN 1,2D,2026-10-02T12:00,Available,124,99,25,5750,CLUB:0/52@200; EXECUTIVE:0/26@200; ROYAL:25/46@230,1023483-61251-obbkgo-1023483
Chandigarh,chandigarh,Cinepolis,"Cinepolis TDI, Jagat Mall, Chandigarh",149,160017,SCREEN 2,2D,2026-10-02T10:50,Available,209,162,47,9400,NORMAL:0/70@180; EXECUTIVE:47/139@200,149-5076-obbkgo-149
Chandigarh,chandigarh,PVR,"PVR Centra, Industrial Phase 1, Chandigarh",1025101,160002,AUDI 1,2D,2026-10-02T07:45,Available,278,263,15,2950,CLASSIC ROWS:0/42@150; CLASSIC PLUS ROWS:0/105@170; PRIME ROWS:10/95@190; PRIME PLUS ROWS:5/13@210; EXTRA LEGROOM ROWS:0/23@230,1025101-21144-obbkgo-1025101
Chandigarh,chandigarh,PVR,"PVR Elante Mall, Chandigarh",1025099,160002,AUDI 4,2D,2026-10-02T03:30,Available,166,130,36,8964,CLASSIC ROWS:0/45@199; EXTRA LEGROOM ROWS:12/18@199; PRIME ROWS:15/90@199; RECLINER ROWS:9/13@399,1025099-40987-obbkgo-1025099
Chandigarh,chandigarh,PVR,"PVR Elante Mall, Chandigarh",1025099,160002,AUDI 4,2D,2026-10-02T12:35,Available,166,120,46,21560,CLASSIC ROWS:0/45@300; PRIME ROWS:23/90@340; EXTRA LEGROOM ROWS:10/18@360; RECLINER ROWS:13/13@780,1025099-40990-obbkgo-1025099
Chandigarh,chandigarh,PVR,"PVR Elante Mall, Chandigarh",1025099,160002,AUDI 4,2D,2026-10-02T18:05,Available,151,146,5,3900,CLASSIC ROWS:0/45@270; PRIME ROWS:0/75@290; EXTRA LEGROOM ROWS:0/18@310; RECLINER ROWS:5/13@780,1025099-40992-obbkgo-1025099
Mohali,punjab,PVR,"PVR Mohali Walk, Sector 62, Mohali",1034377,160062,SCREEN 5,2D,2026-10-02T03:50,Available,141,109,32,5968,CLASSIC:0/26@149; CLASSIC PLUS:4/42@149; PRIME:20/61@149; RECLINER:8/12@299,1034377-28786-obbkgo-1034377
Mohali,punjab,PVR,"PVR Mohali Walk, Sector 62, Mohali",1034377,160062,SCREEN 4,2D,2026-10-02T09:30,Available,141,88,53,14130,CLASSIC:2/26@190; CLASSIC PLUS:0/42@210; PRIME:46/61@250; RECLINER:5/12@450,1034377-28783-obbkgo-1034377
Chandigarh,chandigarh,PVR,"PVR DLF City Center Mall, IT Park, Chandigarh",1025098,160101,AUDI 1,2D,2026-10-02T13:40,Available,198,181,17,4350,CLASSIC ROWS:0/36@210; CLASSIC PLUS ROWS:0/72@230; PRIME ROWS:12/66@250; EXTRA LEGROOM ROWS:5/12@270; RECLINER ROWS:0/12@550,1025098-14282-obbkgo-1025098
Chandigarh,chandigarh,Cinepolis,"Fun Cinemas Republic Mall, MDC Sector 5, Chandigarh",136,160101,SCREEN 2,2D,2026-10-02T07:00,Available,232,204,28,5200,NORMAL:6/66@170; EXECUTIVE:22/166@190,136-6264-obbkgo-136
Mohali,punjab,Cinepolis,"Cinepolis Bestech Square Mall, Sahibzada Ajit Singh Nagar, Mohali",3798,160062,AUDI 1,2D,2026-10-02T06:15,Available,152,120,32,8180,NORMAL:0/13@160; EXECUTIVE:0/39@180; PREMIUM:19/77@200; PREMIUM XL:7/13@240; RECLINER:6/10@450,3798-8393-obbkgo-3798
Panchkula,haryana,Rajhans Cinemas,"Rajhans Cinemas, Beside Punjab National Bank, Panchkula",1050980,134109,SCREEN3,2D,2026-10-02T10:45,Available,200,156,44,9680,MARVEL:0/18@180; ROYAL:0/36@200; EXECUTIVE:44/146@220,1050980-50632-obbkgo-1050980
Mohali,punjab,PVR,"PVR CP67 Mall, Sector 67, Mohali",1015096,160062,SCREEN 4,2D,2026-10-02T03:45,Available,95,92,3,597,CLASSIC:0/20@199; CLASSIC PLUS:0/34@199; PRIME:3/41@199,1015096-42779-obbkgo-1015096
Mohali,punjab,PVR,"PVR CP67 Mall, Sector 67, Mohali",1015096,160062,SCREEN 2,2D,2026-10-02T11:45,Available,116,106,10,2920,CLASSIC:0/36@260; CLASSIC PLUS:4/46@280; PRIME:6/34@300,1015096-42776-obbkgo-1015096
Zirakpur,punjab,PVR,"PVR Cosmo Mall, Cosmo Mall, Zirakpur",1023486,140603,AUDI 01,2D,2026-10-02T08:30,Available,200,154,46,11537,CLASSIC ROWS:3/34@99; PRIME ROWS:39/137@240; EXTRA LEGROOM ROWS:0/17@260; RECLINER ROWS:4/12@470,1023486-20985-obbkgo-1023486
Panchkula,haryana,PVR,"INOX NH 22 Mall, Amravati Enclave, Panchkula",1029976,134102,SCREEN 1,2D,2026-10-02T07:30,Available,226,219,7,1330,EXECUTIVE:0/108@170; CLUB:7/112@190; ROYAL:0/6@340,1029976-67235-obbkgo-1029976
Panchkula,haryana,PVR,"INOX NH 22 Mall, Amravati Enclave, Panchkula",1029976,134102,SCREEN 1,2D,2026-10-02T10:35,Available,226,226,0,0,EXECUTIVE:0/108@170; CLUB:0/112@190; ROYAL:0/6@340,1029976-67276-obbkgo-1029976
Zirakpur,punjab,PVR,"INOX Dhillon Plaza, Chhatbir Road, Zirakpur",1024809,140603,SCREEN 2,2D,2026-10-02T10:25,Available,189,152,37,9810,CLASSIC ROW:0/66@99; CLASSIC PLUS ROW:14/38@230; PRIME ROW:18/60@230; EXTRA LEGROOM ROWS:0/19@250; RECLINER ROW:5/6@490,1024809-59222-obbkgo-1024809
Indore,madhya-pradesh,Sapna Sangeeta,"Sapna Sangeeta Lumiere, Indore",1102523,452001,SCREEN 1,2D,2026-10-02T06:10,Available,209,209,0,0,GOLD:0/42@150; PLATINUM:0/56@160; ROYAL:0/111@170,1102523-1194-obbkgo-1102523
Indore,madhya-pradesh,PVR,"INOX Nexus Indore Central, Regal Square, Indore",1024422,452001,SCREEN 1,2D,2026-10-02T08:40,Available,222,194,28,6600,CLASSIC ROWS:0/42@99; CLASSIC PLUS ROWS:0/56@220; PRIME ROWS:12/86@230; PRIME PLUS ROWS:16/38@240,1024422-102953-obbkgo-1024422
Indore,madhya-pradesh,PVR,"PVR Treasure Island Mall, South Tukoganj, Indore",1024420,452001,AUDI 7 PLAY HOUSE,2D,2026-10-02T03:05,Available,62,62,0,0,CLASSIC ROWS:0/24@149; PRIME ROWS:0/33@149; RECLINER ROWS:0/5@299,1024420-46256-obbkgo-1024420
Indore,madhya-pradesh,PVR,"PVR Treasure Island Mall, South Tukoganj, Indore",1024420,452001,AUDI 7 PLAY HOUSE,2D,2026-10-02T06:05,Available,80,37,43,9830,CLASSIC ROWS:2/26@150; PRIME ROWS:34/46@200; RECLINER ROWS:7/8@390,1024420-46257-obbkgo-1024420
Indore,madhya-pradesh,PVR,"PVR Treasure Island Mall, South Tukoganj, Indore",1024420,452001,AUDI 7 PLAY HOUSE,2D,2026-10-02T11:55,Available,80,36,44,13920,CLASSIC ROWS:2/26@240; PRIME ROWS:39/46@310; RECLINER ROWS:3/8@450,1024420-46259-obbkgo-1024420
Indore,madhya-pradesh,PVR,"PVR Treasure Island Mall, South Tukoganj, Indore",1024420,452001,AUDI 7 PLAY HOUSE,2D,2026-10-02T17:45,Available,62,62,0,0,CLASSIC ROWS:0/24@260; PRIME ROWS:0/33@290; RECLINER ROWS:0/5@570,1024420-46261-obbkgo-1024420
Indore,madhya-pradesh,PVR,"INOX C-21 Mall, Sheetal Nagar, Indore",1024421,452010,SCREEN 3,2D,2026-10-02T02:55,Available,249,237,12,2180,CLASSIC ROWS:0/40@150; CLASSIC PLUS ROWS:3/80@160; EXTRA LEGROOM ROWS:0/12@180; PRIME ROWS:5/76@180; PICTURE PERFECT:4/36@200; RECLINER ROWS:0/5@350,1024421-149278-obbkgo-1024421
Indore,madhya-pradesh,PVR,"INOX C-21 Mall, Sheetal Nagar, Indore",1024421,452010,INSIGNIA 9,2D,2026-10-02T03:30,Available,44,44,0,0,EXECUTIVE RECLI ROWS:0/16@430; ROYAL RECLINER ROWS:0/28@460,1024421-149202-obbkgo-1024421
Indore,madhya-pradesh,PVR,"INOX C-21 Mall, Sheetal Nagar, Indore",1024421,452010,SCREEN 2,2D,2026-10-02T06:20,Available,182,114,68,12980,CLASSIC ROWS:0/32@150; CLASSIC PLUS ROWS:19/68@160; PRIME ROWS:42/74@200; EXTRA LEGROOM ROWS:7/8@220,1024421-149197-obbkgo-1024421
Indore,madhya-pradesh,PVR,"INOX C-21 Mall, Sheetal Nagar, Indore",1024421,452010,SCREEN 1,2D,2026-10-02T14:40,Available,157,152,5,1350,CLASSIC ROWS:0/32@240; CLASSIC PLUS ROWS:0/60@250; EXTRA LEGROOM ROWS:0/8@270; PRIME ROWS:5/57@270,1024421-149246-obbkgo-1024421
Indore,madhya-pradesh,Rajhans Cinemas,"Rajhans Cinemas, Malhar Mega Mall, Indore",1023935,452010,SCREEN1,2D,2026-10-02T08:50,Available,60,60,0,0,RECLINER:0/60@360,1023935-21548-obbkgo-1023935
Indore,madhya-pradesh,Rajhans Cinemas,"Rajhans Cinemas, Malhar Mega Mall, Indore",1023935,452010,SCREEN1,2D,2026-10-02T14:35,Available,60,60,0,0,RECLINER:0/60@410,1023935-21538-obbkgo-1023935
Indore,madhya-pradesh,Cine Square,"Cine Square Cinemas, Tirupati Nagar, Indore",1102435,452006,SCREEN 1,2D,2026-10-02T13:00,Available,135,135,0,0,PREMIUM:0/26@210; ROYAL:0/104@230; LUXURY:0/5@280,1102435-18520-obbkgo-1102435
Indore,madhya-pradesh,Mangal Multiplex,"Mangal Multiplex, Vijay Nagar, Indore",1015630,452010,SCREEN 1,2D,2026-10-02T10:00,Available,209,180,29,3465,GOLD:17/158@105; SILVER:0/39@105; PLATINUM:12/12@140,1015630-33511-obbkgo-1015630
Indore,madhya-pradesh,miraj,"Miraj Cinemas : Velocity III, Indore",7709,452010,SCREEN 3,2D,2026-10-02T06:55,Available,200,162,38,5162,PLATINUM:1/30@92; SUPER PLATINUM:24/130@130; CLUB:13/40@150,7709-38184-obbkgo-7709
Indore,madhya-pradesh,Drama Factory,"Drama Factory Cinema, Zodiac Mall, Indore",1053961,452016,SCREEN 2,2D,2026-10-02T03:30,Available,73,73,0,0,RECLINER:0/73@199,1053961-36033-obbkgo-1053961
Indore,madhya-pradesh,Drama Factory,"Drama Factory Cinema, Zodiac Mall, Indore",1053961,452016,SCREEN 3,2D,2026-10-02T09:15,Available,187,187,0,0,LOUNGER:0/7@180; PREMIUM:0/161@180; RECLINER:0/19@300,1053961-36043-obbkgo-1053961
Indore,madhya-pradesh,Drama Factory,"Drama Factory Cinema, Zodiac Mall, Indore",1053961,452016,SCREEN 3,2D,2026-10-02T12:00,Available,193,193,0,0,LOUNGER:0/10@200; PREMIUM:0/164@200; RECLINER:0/19@350,1053961-36044-obbkgo-1053961
Indore,madhya-pradesh,PVR,"INOX Phoenix Pride of India, Indore",1024424,452016,INSIGNIA 8,2D,2026-10-02T03:30,Available,40,40,0,0,EXEC RECLINER ROWS:0/18@430; ROYAL RECLINER ROWS:0/22@460,1024424-58913-obbkgo-1024424
Indore,madhya-pradesh,PVR,"INOX Phoenix Pride of India, Indore",1024424,452016,SCREEN 6,2D,2026-10-02T08:50,Available,126,120,6,896,CLASSIC ROWS:4/16@99; CLASSIC PLUS ROWS:0/60@230; PRIME ROWS:2/50@250,1024424-58904-obbkgo-1024424
Indore,madhya-pradesh,PVR,"INOX Phoenix Pride of India, Indore",1024424,452016,SCREEN 6,2D,2026-10-02T14:05,Available,126,124,2,540,CLASSIC ROWS:0/16@99; CLASSIC PLUS ROWS:0/60@250; PRIME ROWS:2/50@270,1024424-58906-obbkgo-1024424
Indore,madhya-pradesh,Kalyan Cinemas,"Kalyan Cinemas, Rajendra Nagar, Indore",1056569,452001,SCREEN 1,2D,2026-10-02T04:30,Available,223,223,0,0,SILVER:0/42@130; GOLD:0/56@150; PLATINUM:0/125@150,1056569-21081-obbkgo-1056569
Indore,madhya-pradesh,Kalyan Cinemas,"Kalyan Cinemas, Rajendra Nagar, Indore",1056569,452001,SCREEN 2,2D,2026-10-02T06:30,Available,216,216,0,0,SILVER:0/42@180; GOLD:0/56@200; PLATINUM:0/118@220,1056569-21090-obbkgo-1056569
Indore,madhya-pradesh,Kalyan Cinemas,"Kalyan Cinemas, Rajendra Nagar, Indore",1056569,452001,SCREEN 2,2D,2026-10-02T14:30,Available,222,222,0,0,SILVER:0/42@200; GOLD:0/56@230; PLATINUM:0/124@250,1056569-21093-obbkgo-1056569
Indore,madhya-pradesh,Odeon Cinemas,"Odeon Cinemas, Rajendra Nagar, Indore",1092051,452012,SCREEN 1,2D,2026-10-02T08:40,Available,190,190,0,0,PL:0/70@200; DI:0/110@220; RECLINER:0/10@349,1092051-7777-obbkgo-1092051
Indore,madhya-pradesh,Fundore Cinemas,"Fundore Cinemas, Rau, Indore",1014901,453331,AUDI 3,2D,2026-10-02T09:05,Almost Full,198,17,181,25490,CLUB:51/51@130; GOLD:51/68@140; SILVER:68/68@140; SOFA:11/11@200,1014901-34896__1790931900__306__2079540-obbkgo-1014901
Indore,madhya-pradesh,Fortune,"Fortune Cinemas, Indore",1102452,453331,AUDI 2,2D,2026-10-02T06:30,Available,400,400,0,0,GOLD:0/100@130; PLATINUM:0/100@150; SKY BOX:0/100@220; VIP:0/100@300,1102452-138730-obbkgo-1102452
Dewas,madhya-pradesh,Abhinav and Sanghvi,"Abhinav and Sanghvi Cineplex, Itawa, Dewas",1014703,455001,SCREEN 2,2D,2026-10-02T12:15,Available,210,210,0,0,SILVER:0/68@120; PLATINUM:0/142@150,1014703-43379-obbkgo-1014703
Bhopal,madhya-pradesh,Cinepolis,"Cinepolis DB Mall, Maharana Pratap Nagar, Bhopal",132,462016,AUDI 2,2D,2026-10-02T03:40,Available,162,155,7,1830,NORMAL:0/12@190; EXECUTIVE:0/48@230; PREMIUM:3/91@250; EXECUTIVE XL:4/11@270,132-9875-obbkgo-132
Bhopal,madhya-pradesh,Cinepolis,"Cinepolis DB Mall, Maharana Pratap Nagar, Bhopal",132,462016,AUDI 2,2D,2026-10-02T12:10,Available,162,115,47,13810,NORMAL:0/12@210; EXECUTIVE:0/48@250; PREMIUM:38/91@290; EXECUTIVE XL:9/11@310,132-9878-obbkgo-132
Bhopal,madhya-pradesh,Cinepolis,"Cinepolis Bansal Plaza, Bhopal",1049209,462023,AUDI03,2D,2026-10-02T11:50,Available,163,138,25,8080,NORMAL:0/12@220; EXECUTIVE:0/42@260; PREMIUM:23/86@320; PREMIUM XL:2/13@360; RECLINER:0/10@1080,1049209-7857-obbkgo-1049209
Bhopal,madhya-pradesh,Cinepolis,"Cinepolis Aashima Mall, Bawadiya Kalan, Bhopal",117,462026,AUDI04,2D,2026-10-02T03:40,Available,215,206,9,1800,NORMAL:0/15@140; EXECUTIVE:0/45@180; PREMIUM:9/129@200; PREMIUM PLUS:0/26@220,117-11203-obbkgo-117
Bhopal,madhya-pradesh,Cinepolis,"Cinepolis Aashima Mall, Bawadiya Kalan, Bhopal",117,462026,AUDI04,2D,2026-10-02T06:35,Available,215,169,46,12000,NORMAL:0/15@180; EXECUTIVE:0/45@220; PREMIUM:44/129@260; PREMIUM PLUS:2/26@280,117-11204-obbkgo-117
Bhopal,madhya-pradesh,Cinepolis,"Cinepolis Aashima Mall, Bawadiya Kalan, Bhopal",117,462026,AUDI04,2D,2026-10-02T13:45,Available,215,204,11,2710,NORMAL:0/15@190; EXECUTIVE:2/45@230; PREMIUM:9/129@250; PREMIUM PLUS:0/26@270,117-11205-obbkgo-117
Bhopal,madhya-pradesh,British Park Cineplex,"British Park Cineplex, Hoshanagabad Road, Bhopal",1011906,462026,RED AUDI,2D,2026-10-02T14:30,Available,84,84,0,0,SILVER:0/52@150; GOLD:0/32@200,1011906-12100-obbkgo-1011906
Nagpur,maharashtra,MovieMax,"MovieMax: Eternity, Nagpur",27031,440012,SCREEN3,2D,2026-10-02T12:45,Available,257,222,35,16660,CLASSIC:0/32@290; PRIME:3/86@320; PRIME PLUS:17/124@350; RECLINER:15/15@650,27031-34382-obbkgo-27031
Nagpur,maharashtra,Cinepolis,"Cinepolis VR Nagpur Mall, Rambagh Road, Nagpur",24782,440003,AUDI 02,2D,2026-10-02T14:20,Available,107,55,52,22600,NORMAL:0/10@280; EXECUTIVE:4/30@330; PREMIUM:28/46@350; PREMIUM XL:12/13@390; RECLINER:8/8@850,24782-11602-obbkgo-24782
Surat,gujarat,Mukta A2 Cinemas,"Mukta A2 Cinemas, Orbit Plaza by Pramukh, Surat",1102090,395010,SCREEN 2,2D,2026-10-02T11:00,Available,95,95,0,0,PREMIUM LOUNGER:0/10@160; PREMIUM SOFA:0/72@160; PREMIUM RECLINER:0/13@260,1102090-4200-obbkgo-1102090
Surat,gujarat,Rajhans Cinemas,"Rajhans Cinemas Rajmahal AC Mall, Sitanagar, Surat",44983,395006,SCREEN3,2D,2026-10-02T07:15,Available,231,212,19,2850,MARVEL:0/19@130; ROYAL:0/38@130; EXECUTIVE:19/113@150; PLATINUM:0/61@150,44983-22455-obbkgo-44983
Surat,gujarat,Coconut Cinema,"Coconut Cinemas, Surat",1102360,395010,SCREEN 5,2D,2026-10-02T06:20,Available,100,100,0,0,EXECUTIVE:0/100@160,1102360-4763-obbkgo-1102360
Surat,gujarat,Coconut Cinema,"Coconut Cinemas, Surat",1102360,395010,SCREEN 3,2D,2026-10-02T07:15,Available,215,215,0,0,EXECUTIVE:0/32@160; CLUB:0/128@180; ROYAL:0/55@200,1102360-4754-obbkgo-1102360
Surat,gujarat,Coconut Cinema,"Coconut Cinemas, Surat",1102360,395010,SCREEN 1,2D,2026-10-02T08:30,Available,222,172,50,10000,EXECUTIVE:0/32@160; CLUB:0/128@180; ROYAL:50/62@200,1102360-4793-obbkgo-1102360
Surat,gujarat,PVR,"INOX Raj Imperial, Varachha Road, Surat",1020709,395006,SCREEN 2,2D,2026-10-02T03:35,Available,193,193,0,0,GOLD:0/79@99; GOLD PLUS:0/48@99; SILVER:0/15@99; PLATINUM:0/42@160; IMPERIAL SOFA:0/9@230,1020709-116839-obbkgo-1020709
Surat,gujarat,PVR,"INOX Raj Imperial, Varachha Road, Surat",1020709,395006,SCREEN 2,2D,2026-10-02T16:10,Available,193,193,0,0,SILVER:0/15@140; GOLD:0/79@160; GOLD PLUS:0/48@180; PLATINUM:0/42@210; IMPERIAL SOFA:0/9@320,1020709-116843-obbkgo-1020709
Surat,gujarat,Rajhans Multiplex,"Rajhans Multiplex, AR Mall, Surat",1029105,394101,SCREEN 3,2D,2026-10-02T04:30,Available,200,200,0,0,EXECUTIVE:0/100@140; ROYAL SOFA:0/100@160,1029105-66176-obbkgo-1029105
Surat,gujarat,Rajhans Multiplex,"Rajhans Multiplex, AR Mall, Surat",1029105,394101,SCREEN 3,2D,2026-10-02T13:15,Available,181,181,0,0,EXECUTIVE:0/104@150; ROYAL SOFA:0/77@200,1029105-66180-obbkgo-1029105
Surat,gujarat,Friday Cinema,"The Friday Cinema, Mota Varachha, Surat",1036111,394101,SCREEN 2,2D,2026-10-02T14:00,Available,300,300,0,0,ROYAL PUSH BACK:0/100@150; LOUNGER:0/100@150; RECLINER:0/100@300,1036111-18630-obbkgo-1036111
Surat,gujarat,PVR,"INOX Reliance Mega Mall, Udhna, Surat",1020705,395002,SCREEN 2,2D,2026-10-02T11:30,Available,164,164,0,0,CLASSIC ROWS:0/27@170; EXTRA LEGROOM ROWS:0/16@180; CLASSIC PLUS ROWS:0/80@180; PRIME ROWS:0/32@200; RECLINER ROWS:0/9@370,1020705-43317-obbkgo-1020705
Surat,gujarat,Justickets,"Pragati Cinemas, Mota Varachha, Surat",1101590,394107,PHOENIX 2,2D,2026-10-02T16:30,Available,108,108,0,0,SOFA:0/97@150; LOUNGER:0/11@150,1101590-463fd929-f129-45f3-912e-db559a8ac550-obbkgo-1101590
Surat,gujarat,Cine Verse Vesu,"Cineverse Cinema, Katargam, Surat",37587,395004,CLASSIC,2D,2026-10-02T11:00,Available,200,200,0,0,SOFA:0/100@180; LOUNGER:0/100@180,37587-46684-obbkgo-37587
Surat,gujarat,Rajhans Cinemas,"Rajhans Cinemas Flamingo, Katargam, Surat",1008406,395004,SCREEN03,2D,2026-10-02T04:30,Available,240,220,20,2525,MARVEL:3/34@105; EXECUTIVE:17/137@130; ROYAL:0/51@130; RECLINER:0/18@220,1008406-67078-obbkgo-1008406
Surat,gujarat,Rajhans Cinemas,"Rajhans Cinemas Flamingo, Katargam, Surat",1008406,395004,SCREEN01,2D,2026-10-02T07:30,Available,308,279,29,5000,MARVEL:0/38@140; ROYAL:0/57@160; EXECUTIVE:25/193@160; RECLINER:4/20@250,1008406-67068-obbkgo-1008406
Surat,gujarat,Rajhans Cinemas,"Rajhans Cinemas Flamingo, Katargam, Surat",1008406,395004,SCREEN01,2D,2026-10-02T13:45,Available,308,287,21,4200,MARVEL:0/38@180; ROYAL:0/57@200; EXECUTIVE:21/193@200; RECLINER:0/20@340,1008406-67070-obbkgo-1008406
Surat,gujarat,Rajhans Cinemas,"Rajhans Cinemas Flamingo, Katargam, Surat",1008406,395004,SCREEN03,2D,2026-10-02T16:30,Available,240,223,17,3400,MARVEL:0/34@180; EXECUTIVE:17/137@200; ROYAL:0/51@200; RECLINER:0/18@340,1008406-67081-obbkgo-1008406
Surat,gujarat,miraj,"Miraj Cinemas : KSB Mall, Surat",59348,394221,SCREEN 2,2D,2026-10-02T10:30,Available,231,231,0,0,SPECIAL:0/90@140; EXECUTIVE:0/70@150; GOLD:0/54@170; PLATINUM:0/17@320,59348-33955-obbkgo-59348
Surat,gujarat,Sanelite Cinema,"Sanelite Cinemas, Katargam, Surat",1102490,395004,SCREEN 3,2D,2026-10-02T07:00,Available,173,173,0,0,PREMIUM:0/48@99; CLASSIC:0/48@99; STANDARD:0/64@99; SOFA:0/13@150,1102490-32262-obbkgo-1102490
Surat,gujarat,Sanelite Cinema,"Sanelite Cinemas, Katargam, Surat",1102490,395004,SCREEN 1,2D,2026-10-02T13:30,Available,162,162,0,0,PREMIUM:0/45@99; CLASSIC:0/44@99; STANDARD:0/60@99; SOFA:0/13@150,1102490-32241-obbkgo-1102490
Surat,gujarat,Cinepolis,"Cinepolis Imperial Square Mall, Adajan, Surat",118,395009,AUDI 3,2D,2026-10-02T11:30,Available,130,114,16,3040,NORMAL:0/11@170; EXECUTIVE:0/44@170; PREMIUM:16/75@190,118-9660-obbkgo-118
Surat,gujarat,Rajhans Multiplex,"Rajhans Multiplex, Adajan, Surat",9166,395009,SCREEN 3,2D,2026-10-02T03:30,Available,200,200,0,0,MARVEL:0/100@100; ROYAL:0/100@130,9166-121087-obbkgo-9166
Surat,gujarat,Rajhans Multiplex,"Rajhans Multiplex, Adajan, Surat",9166,395009,SCREEN 3,2D,2026-10-02T08:45,Available,292,292,0,0,MARVEL:0/105@140; ROYAL:0/187@160,9166-121089-obbkgo-9166
Surat,gujarat,Rajhans Multiplex,"Rajhans Multiplex, Adajan, Surat",9166,395009,SCREEN 3,2D,2026-10-02T14:20,Available,200,200,0,0,MARVEL:0/100@160; ROYAL:0/100@180,9166-121090-obbkgo-9166
Surat,gujarat,Roongta Cinemas,"Roongta Cinemas, Vesu, Surat",1102314,395007,SCREEN 1,2D,2026-10-02T03:20,Available,37,37,0,0,ROYAL RECLINER:0/37@250,1102314-13392-obbkgo-1102314
Surat,gujarat,Roongta Cinemas,"Roongta Cinemas, Vesu, Surat",1102314,395007,SCREEN 4,2D,2026-10-02T14:15,Available,54,54,0,0,LOUNGER:0/8@200; COUPLE SOFA:0/46@220,1102314-13401-obbkgo-1102314
Surat,gujarat,Rajhans Cinemas,"Rajhans Cinemas, Kamrej, Surat",1050994,394185,3,2D,2026-10-02T10:30,Available,218,198,20,4360,MARVEL:0/20@170; ROYAL:0/40@190; EXECUTIVE:12/116@210; PLATINUM:8/42@230,1050994-33020-obbkgo-1050994
Surat,gujarat,Loop Cineplex,"Loop Cinemas, Surat",1061574,395007,SCREEN 4,2D,2026-10-02T09:30,Available,188,188,0,0,COZY:0/65@150; COZY PLUS:0/94@170; LAZY LOUNGER:0/10@200; SUPER SOFA:0/19@200,1061574-24290-obbkgo-1061574
Surat,gujarat,Loop Cineplex,"Loop Cinemas, Surat",1061574,395007,SCREEN 4,2D,2026-10-02T14:50,Available,185,185,0,0,COZY:0/65@150; COZY PLUS:0/94@170; LAZY LOUNGER:0/10@200; SUPER SOFA:0/16@200,1061574-24292-obbkgo-1061574
Surat,gujarat,PVR,"PVR Rahul Raj Mall, Dumas Road, Surat",1020704,395007,AUDI 03,2D,2026-10-02T05:25,Available,149,149,0,0,CLASSIC:0/30@105; CLASSIC PLUS:0/30@130; PRIME:0/76@130; RECLINER:0/13@220,1020704-46062-obbkgo-1020704
Surat,gujarat,PVR,"PVR Rahul Raj Mall, Dumas Road, Surat",1020704,395007,AUDI 06,2D,2026-10-02T06:45,Available,150,147,3,750,CLASSIC:0/26@140; CLASSIC PLUS:0/12@160; PRIME:0/99@160; RECLINER:3/13@250,1020704-46079-obbkgo-1020704
Surat,gujarat,PVR,"PVR Rahul Raj Mall, Dumas Road, Surat",1020704,395007,AUDI 06,2D,2026-10-02T13:10,Available,150,150,0,0,CLASSIC:0/26@180; CLASSIC PLUS:0/12@200; PRIME:0/99@200; RECLINER:0/13@340,1020704-46081-obbkgo-1020704
Surat,gujarat,Valentine Multiplex,"Valentine Multiplex, Pipload, Surat",2994,395007,SCREEN 2,2D,2026-10-02T11:45,Available,241,222,19,3420,ROYAL:0/105@160; EXECUTIVE:19/136@180,2994-60397-obbkgo-2994
Surat,gujarat,Rajhans Cinemas,"Rajhans Cinemas, Precia, Surat",1040576,395007,SCREEN03,2D,2026-10-02T07:00,Available,156,120,36,8160,MARVEL:0/24@180; ROYAL:0/24@200; EXECUTIVE:28/92@200; RECLINER:8/16@320,1040576-52495-obbkgo-1040576
Surat,gujarat,Rajhans Cinemas,"Rajhans Cinemas, Precia, Surat",1040576,395007,SCREEN08,2D,2026-10-02T08:50,Available,157,138,19,4280,MARVEL:0/22@180; ROYAL:0/22@200; EXECUTIVE:15/101@200; RECLINER:4/12@320,1040576-52507-obbkgo-1040576
Surat,gujarat,Rajhans Cinemas,"Rajhans Cinemas, Precia, Surat",1040576,395007,SCREEN01,2D,2026-10-02T10:05,Available,156,132,24,5760,MARVEL:0/24@180; ROYAL:0/24@200; EXECUTIVE:16/92@200; RECLINER:8/16@320,1040576-52491-obbkgo-1040576
Surat,gujarat,Rajhans Cinemas,"Rajhans Cinemas, Precia, Surat",1040576,395007,SCREEN08,2D,2026-10-02T14:45,Available,157,134,23,6400,MARVEL:0/22@220; ROYAL:0/22@240; EXECUTIVE:19/101@240; RECLINER:4/12@460,1040576-52509-obbkgo-1040576
Surat,gujarat,PVR,"INOX VR Surat, Dumas Road, Surat",1020707,395007,SCREEN 5,2D,2026-10-02T03:30,Available,194,183,11,1639,CLASSIC ROWS:0/34@130; CLASSIC PLUS ROWS:7/85@149; PRIME ROWS:4/57@149; RECLINER ROWS:0/18@250,1020707-194765-obbkgo-1020707
Surat,gujarat,PVR,"INOX VR Surat, Dumas Road, Surat",1020707,395007,SCREEN 5,2D,2026-10-02T10:15,Available,194,186,8,2300,CLASSIC ROWS:0/34@180; CLASSIC PLUS ROWS:0/85@200; PRIME ROWS:3/57@200; RECLINER ROWS:5/18@340,1020707-194767-obbkgo-1020707
Surat,gujarat,CityPlus,"City Plus Multiplex, Dumas Road, Surat",2416,395007,SCREEN3,2D,2026-10-02T12:30,Available,30,30,0,0,GOLD STAR:0/10@150; GOLD:0/10@170; EXECUTIVE:0/10@350,2416-140651-obbkgo-2416
Surat,gujarat,CityPlus,"City Plus Multiplex, Dumas Road, Surat",2416,395007,SCREEN3,2D,2026-10-02T15:15,Available,30,30,0,0,GOLD STAR:0/10@160; GOLD:0/10@180; EXECUTIVE:0/10@400,2416-140653-obbkgo-2416
Bardoli,gujarat,Cine Verse Vesu,"Cineverse Cinema, Bardoli",1041425,394601,VINTAGE,2D,2026-10-02T10:00,Available,223,223,0,0,SOFA:0/182@180; LOUNGER:0/20@180; RECLINER:0/21@340,1041425-42221-obbkgo-1041425
Vadodara,gujarat,Infinity 7 Seas,"Infinity 7 Seas Cinema, Vadodara",1102387,390008,SCREEN 4,2D,2026-10-02T09:45,Available,400,400,0,0,LOUNGER:0/100@130; GOLD:0/100@150; SILVER:0/100@150; RECLINER:0/100@250,1102387-21867-obbkgo-1102387
Vadodara,gujarat,PVR,"PVR TransCube, Vadodara",1094349,390005,AUDI 02,2D,2026-10-02T14:00,Available,168,168,0,0,CLASSIC ROWS:0/42@230; PRIME ROWS:0/118@230; RECLINER ROWS:0/8@390,1094349-15022-obbkgo-1094349
Vadodara,gujarat,Cinepolis,"Cinepolis Inorbit Mall, Gorwa, Vadodara",154,390023,AUDI 1,2D,2026-10-02T09:15,Available,146,138,8,1760,NORMAL:0/12@220; EXECUTIVE:0/48@220; PREMIUM:8/86@220,154-11211-obbkgo-154
Vadodara,gujarat,Movietime,"MovieTime S Square Mall, Ellora Park, Vadodara",1040399,390023,AUDI NO 2,2D,2026-10-02T11:30,Available,176,176,0,0,PREMIUM:0/120@130; EXECUTIVE:0/45@130; RECLINER:0/11@260,1040399-39362-obbkgo-1040399
Vadodara,gujarat,Deep Multiplex,"Deep Cinemas, Nizampura, Chhani Road",1047931,390002,SCREEN 1,2D,2026-10-02T13:30,Available,272,272,0,0,PREMIUM PLUS:0/118@100; PRIME:0/78@100; CLASSIC:0/76@100,1047931-14147-obbkgo-1047931
Vadodara,gujarat,PVR,"INOX Race Course Circle, Ellora Park, Vadodara",1019936,390007,SCREEN 2,2D,2026-10-02T06:10,Available,199,196,3,315,CLASSIC ROWS:0/65@99; PRIME PLUS ROWS:3/65@105; PRIME ROWS:0/69@105,1019936-100371-obbkgo-1019936
Vadodara,gujarat,Cinemarc,"Cinemarc Akota, Galleria Mall, Vadodara",6072,390020,SCREEN 4,2D,2026-10-02T09:20,Available,124,114,10,1380,PREMIER:0/12@100; SILVER:4/87@120; SOFA:6/25@150,6072-68525-obbkgo-6072
Vadodara,gujarat,Cinemarc,"Cinemarc Akota, Galleria Mall, Vadodara",6072,390020,SCREEN 1,2D,2026-10-02T12:15,Available,125,125,0,0,PREMIER:0/12@110; SILVER:0/87@130; SOFA:0/26@150,6072-68521-obbkgo-6072
Vadodara,gujarat,Cinemarc,"Cinemarc Akota, Galleria Mall, Vadodara",6072,390020,SCREEN 4,2D,2026-10-02T14:40,Available,124,124,0,0,PREMIER:0/12@120; SILVER:0/87@140; SOFA:0/25@160,6072-68527-obbkgo-6072
Vadodara,gujarat,PVR,"INOX Reliance Mega Mall, Old Padra Road, Vadodara",1019941,390020,SCREEN 1,2D,2026-10-02T12:25,Available,167,148,19,5040,CLASSIC ROWS:0/20@99; PRIME PLUS ROWS:10/55@180; PRIME ROWS:0/80@180; RECLINER ROWS:9/12@360,1019941-59936-obbkgo-1019941
Vadodara,gujarat,Bansal Movieplex,"Bansal Movieplex, Gotri, Vadodara",29891,390021,SCREEN 4,2D,2026-10-02T04:45,Available,138,120,18,1800,GOLD:18/109@100; SILVER:0/17@100; RECLINER:0/12@250,29891-36856-obbkgo-29891
Vadodara,gujarat,Bansal Movieplex,"Bansal Movieplex, Gotri, Vadodara",29891,390021,SCREEN 4,2D,2026-10-02T07:30,Available,138,122,16,2400,GOLD:16/109@150; SILVER:0/17@150; RECLINER:0/12@300,29891-36857-obbkgo-29891
Vadodara,gujarat,Bansal Movieplex,"Bansal Movieplex, Gotri, Vadodara",29891,390021,SCREEN 3,2D,2026-10-02T11:45,Available,159,135,24,4080,SILVER:0/3@130; GOLD:0/17@150; PLATINIUM:24/126@170; PUSH BACK SOFA:0/13@250,29891-36850-obbkgo-29891
Vadodara,gujarat,PVR,"PVR Nilamber Triumph Mall, Saiyed Vasna, Vadodara",1019940,390007,AUDI 02,2D,2026-10-02T08:55,Available,114,96,18,4690,CLASSIC ROWS:0/22@190; PRIME ROWS:7/74@200; EXTRA LEGROOM ROWS:8/11@250; RECLINER ROWS:3/7@430,1019940-29136-obbkgo-1019940
Vadodara,gujarat,Cinemarc,"Cinemarc Vihar, Pratapnagar Road, Vadodara",6071,390004,SCREEN 2,2D,2026-10-02T13:10,Available,265,265,0,0,PREMIER:0/30@100; SILVER:0/108@120; EXECUTIVE:0/108@120; SOFA:0/19@140,6071-53274-obbkgo-6071
Vadodara,gujarat,Cinemarc,"Cinemarc VIP, Khodiyar Nagar Char Rasta, Vadodara",6073,390022,SCREEN 4,2D,2026-10-02T09:20,Available,139,131,8,1280,PREMIUM:0/13@100; SILVER:0/87@120; SOFA:0/20@130; PUSH BACK SOFA:8/19@160,6073-86674-obbkgo-6073
Vadodara,gujarat,Cinemarc,"Cinemarc VIP, Khodiyar Nagar Char Rasta, Vadodara",6073,390022,SCREEN 1,2D,2026-10-02T12:15,Available,139,134,5,700,PREMIUM:0/13@110; SILVER:0/87@130; SOFA:5/20@140; PUSH BACK SOFA:0/19@170,6073-86669-obbkgo-6073
Vadodara,gujarat,Cinemarc,"Cinemarc VIP, Khodiyar Nagar Char Rasta, Vadodara",6073,390022,SCREEN 4,2D,2026-10-02T14:40,Available,139,139,0,0,PREMIUM:0/13@110; SILVER:0/87@130; SOFA:0/20@150; PUSH BACK SOFA:0/19@180,6073-86676-obbkgo-6073
Vadodara,gujarat,Bansal Movieplex,"Bansal Movieplex, SWC Mall, Vadodara",1102503,390012,SCREEN 4,2D,2026-10-02T05:30,Available,169,169,0,0,SILVER:0/64@100; PLATINUM:0/48@100; GOLD:0/42@100; DIAMOND:0/15@150,1102503-558-obbkgo-1102503
Vadodara,gujarat,Bansal Movieplex,"Bansal Movieplex, SWC Mall, Vadodara",1102503,390012,SCREEN 4,2D,2026-10-02T08:15,Available,169,169,0,0,SILVER:0/64@130; PLATINUM:0/48@130; GOLD:0/42@130; DIAMOND:0/15@180,1102503-559-obbkgo-1102503
Vadodara,gujarat,Bansal Movieplex,"Bansal Movieplex, SWC Mall, Vadodara",1102503,390012,SCREEN 3,2D,2026-10-02T11:30,Available,164,164,0,0,SILVER:0/27@130; PLATINUM:0/45@130; GOLD:0/83@130; DIAMOND:0/9@180,1102503-555-obbkgo-1102503
Vadodara,gujarat,Bansal Movieplex,"Bansal Movieplex, SWC Mall, Vadodara",1102503,390012,SCREEN 4,2D,2026-10-02T14:00,Available,169,169,0,0,SILVER:0/64@130; PLATINUM:0/48@130; GOLD:0/42@130; DIAMOND:0/15@180,1102503-560-obbkgo-1102503
Vadodara,gujarat,PVR,"PVR EVA Mall, Manjalpur, Vadodara",1019943,390011,AUDI 02,2D,2026-10-02T06:30,Available,175,169,6,1260,CLASSIC ROWS:0/48@190; PRIME ROWS:0/48@200; PRIME PLUS ROWS:6/63@210; EXTRA LEGROOM ROWS:0/16@230,1019943-28015-obbkgo-1019943
Vadodara,gujarat,Cinemera,"Cinemera Multiplex, Vrundavan Mall, Vadodara",3198,320019,SCREEN 1,2D,2026-10-02T04:15,Available,192,180,12,1080,EXECUTIVE:0/15@80; GOLD:0/51@80; PLATINUM:0/96@80; SILVER:0/18@80; RECLINER:12/12@90,3198-203353-obbkgo-3198
Vadodara,gujarat,Bansal Movieplex,"Bansal Movieplex, Tarsali, Vadodara",24985,390009,AUDI 1,2D,2026-10-02T04:30,Available,156,134,22,2600,PLATINUM:18/71@100; GOLD:0/59@100; SILVER:0/15@100; RECLINER:4/11@200,24985-40120-obbkgo-24985
Vadodara,gujarat,Bansal Movieplex,"Bansal Movieplex, Tarsali, Vadodara",24985,390009,AUDI 1,2D,2026-10-02T07:15,Available,156,138,18,3150,PLATINUM:15/71@150; GOLD:0/59@150; SILVER:0/15@150; RECLINER:3/11@300,24985-40121-obbkgo-24985
Vadodara,gujarat,Bansal Movieplex,"Bansal Movieplex, Tarsali, Vadodara",24985,390009,AUDI 4,2D,2026-10-02T11:15,Available,127,110,17,3140,SILVER:0/0@140; GOLD:0/57@150; PLATINUM:14/59@160; PUSH BACK SOFA:3/11@300,24985-40117-obbkgo-24985
Vadodara,gujarat,PVR,"INOX Taksh Galaxy Mall, Madhavpura, Vadodara",1019942,390019,SCREEN 1,2D,2026-10-02T06:15,Available,136,134,2,420,CLASSIC ROWS:0/20@190; CLASSIC PLUS ROWS:0/60@200; PRIME ROWS:2/43@210; EXTRA LEGROOM ROWS:0/13@240,1019942-65335-obbkgo-1019942
Anand,gujarat,PVR,"PVR Maruti Solaris, Maruti Solaris Mall, Anand",1019923,388345,AUDI 02,2D,2026-10-02T09:05,Available,156,156,0,0,CLASSIC ROWS:0/22@99; CLASSIC PLUS ROWS:0/22@150; PRIME PLUS ROWS:0/27@160; EXTRA LEGROOM ROWS:0/15@160; PRIME ROWS:0/70@160,1019923-21581-obbkgo-1019923
Anand,gujarat,PVR,"PVR Maruti Solaris, Maruti Solaris Mall, Anand",1019923,388345,AUDI 02,2D,2026-10-02T15:20,Available,156,156,0,0,CLASSIC ROWS:0/22@99; CLASSIC PLUS ROWS:0/22@160; PRIME ROWS:0/70@170; PRIME PLUS ROWS:0/27@180; EXTRA LEGROOM ROWS:0/15@180,1019923-21583-obbkgo-1019923
Anand,gujarat,Diya,"Shaan Cinema, AV Fortune Mall, Anand",10241,388120,SCREEN 4,2D,2026-10-02T07:45,Available,152,152,0,0,GOLD:0/45@100; PLATINUM:0/66@140; SOFA:0/28@250; RECLINER:0/13@350,10241-166437-obbkgo-10241
Anand,gujarat,Diya,"Shaan Cinema, AV Fortune Mall, Anand",10241,388120,SCREEN 4,2D,2026-10-02T13:45,Available,152,152,0,0,GOLD:0/45@100; PLATINUM:0/66@160; SOFA:0/28@250; RECLINER:0/13@400,10241-166440-obbkgo-10241
Rajkot,gujarat,PVR,"INOX R World, Kasturba Road, Rajkot",1030076,360001,SCREEN 1,2D,2026-10-02T10:05,Available,162,152,10,2458,CLASSIC ROWS:2/30@149; PRIME ROWS:0/72@260; PRIME PLUS ROWS:8/60@270,1030076-61068-obbkgo-1030076
Rajkot,gujarat,PVR,"INOX Reliance Mega Mall, Reliance Mall, Rajkot",1030077,360005,SCREEN 1,2D,2026-10-02T03:45,Available,107,98,9,1341,CLASSIC ROWS:0/22@149; PRIME PLUS ROWS:9/33@149; PRIME ROWS:0/44@149; RECLINER ROWS:0/8@299,1030077-55177-obbkgo-1030077
Rajkot,gujarat,Cinepolis,"Cinepolis Vandana, Gondal Road, Rajkot",1018904,360004,AUDI 2,2D,2026-10-02T15:15,Available,211,206,5,1200,NORMAL:0/16@200; EXECUTIVE:0/64@220; PREMIUM:5/65@240; EXECUTIVE XL:0/13@260; PREMIUM PLUS:0/39@260; PREMIUM XL:0/14@280,1018904-6647-obbkgo-1018904
Rajkot,gujarat,Cosmoplex multiplex,"Cosmoplex multiplex Bombay Supermall 2, Kuvadava Road, Rajkot",1003563,360003,PLANET PURPLE,2D,2026-10-02T04:30,Available,30,30,0,0,CREW:0/10@150; CAPTAIN:0/10@190; CLUB:0/10@300,1003563-55073-obbkgo-1003563
Rajkot,gujarat,Cosmoplex multiplex,"Cosmoplex multiplex Bombay Supermall 2, Kuvadava Road, Rajkot",1003563,360003,PLANET PURPLE,2D,2026-10-02T10:30,Available,30,30,0,0,CREW:0/10@180; CAPTAIN:0/10@220; CLUB:0/10@350,1003563-55079-obbkgo-1003563
Rajkot,gujarat,Cosmoplex multiplex,"Cosmoplex multiplex Bombay Supermall 2, Kuvadava Road, Rajkot",1003563,360003,PLANET PURPLE,2D,2026-10-02T13:30,Available,30,30,0,0,CREW:0/10@200; CAPTAIN:0/10@240; CLUB:0/10@350,1003563-55082-obbkgo-1003563
Rajkot,gujarat,Movietime,"Movie Time Crystal Mall, Kalawad Road, Rajkot",1040088,360001,SCREEN1,2D,2026-10-02T12:30,Available,244,205,39,11100,GOLD:30/228@220; RECLINER:9/16@500,1040088-23264-obbkgo-1040088
Rajkot,gujarat,CosmoPlex,"Cosmoplex Multiplex, Kalawad Road, Rajkot",2021,360001,PLANET GREEN,2D,2026-10-02T10:50,Available,10,10,0,0,CREW:0/10@200,2021-181901-obbkgo-2021
Rajkot,gujarat,CosmoPlex,"Cosmoplex Multiplex, Kalawad Road, Rajkot",2021,360001,PLANET GREEN,2D,2026-10-02T13:50,Available,10,10,0,0,CREW:0/10@220,2021-181904-obbkgo-2021
Kanpur,uttar-pradesh,PVR,"PVR Deep, Saket Nagar, Kanpur",1023488,208014,AUDI 03,2D,2026-10-02T06:10,Filling Fast,185,72,113,21660,CLASSIC:47/116@180; PRIME:66/69@200,1023488-15232-obbkgo-1023488
Kanpur,uttar-pradesh,Movietime,"Movietime Cinemas, Ratan Elegance Mall, Kanpur",1040668,208012,SCREEN 2,2D,2026-10-02T09:10,Available,176,160,16,2580,SILVER:0/36@99; GOLD:0/75@130; PLATINUM:7/50@150; EXTRA LEGSPACE:9/15@170,1040668-20504-obbkgo-1040668
Kanpur,uttar-pradesh,PVR,"PVR South X Mall, Kidwai Nagar, Kanpur",1023484,208003,SCREEN 2,2D,2026-10-02T07:30,Available,251,159,92,22427,CLASSIC:13/38@119; PRIME:67/200@240; RECLINER:12/13@400,1023484-16077-obbkgo-1023484
Kanpur,uttar-pradesh,Rave Moti Cinema,"Rave Moti Cinemas, Naveen Nagar, Kanpur",1021087,208025,AUDI 1,2D,2026-10-02T10:55,Almost Full,367,0,367,64225,EBONY:21/21@175; PLATINUM:178/178@175; GOLD:120/120@175; SILVER:48/48@175,1021087-19725-obbkgo-1021087
Kanpur,uttar-pradesh,PVR,"INOX Z Square Mall, Bada Chauraha, Kanpur",1023481,208001,SCREEN 3,2D,2026-10-02T07:40,Available,265,194,71,19370,EXECUTIVE:0/32@220; CLUB:17/148@250; ROYAL:54/85@280,1023481-78193-obbkgo-1023481
Patna,bihar,PVR,"INOX Ashok, KP Mall, Patna",1023473,800001,SCREEN 1,2D,2026-10-02T06:30,Available,188,137,51,14660,CLASSIC ROWS:0/24@149; PRIME ROWS:16/112@260; PRIME PLUS ROWS:35/52@300,1023473-18368-obbkgo-1023473
Patna,bihar,PVR,"INOX City Centre Mall, Lodipur, Patna",1029980,800001,SCREEN 4,2D,2026-10-02T06:55,Available,203,98,105,40070,CLASSIC ROWS:0/28@290; PRIME ROWS:37/92@330; PRIME PLUS ROWS:47/54@360; PRIME PLUS SOFA ROWS:13/15@460; RECLINER ROWS:8/14@620,1029980-21700-obbkgo-1029980
Ranchi,jharkhand,miraj,"Miraj Cinemas : Sandhya Tower, Ranchi",50908,834001,SCREEN 3,2D,2026-10-02T09:25,Available,203,196,7,1460,SILVER:0/18@180; GOLD:4/104@200; PLATINUM:3/81@220,50908-23382-obbkgo-50908
Ranchi,jharkhand,PVR,"PVR Nucleus Mall, Lalpur Circular Road, Ranchi",1023490,834001,AUDI 01,2D,2026-10-02T06:30,Available,213,126,87,23750,CLASSIC ROWS:0/28@99; PRIME ROWS:37/127@240; EXTRA LEGROOM ROWS:13/15@290; PRIME PLUS ROWS:37/43@300,1023490-20434-obbkgo-1023490
Ranchi,jharkhand,Cinepolis,"PJP Cinemas, Mall of Ranchi, Ranchi",1012898,834001,AUDI 4,2D,2026-10-02T09:05,Available,128,62,66,21350,NORMAL:0/10@230; EXECUTIVE:11/40@250; PREMIUM:45/64@280; RECLINER:10/14@600,1012898-28683-obbkgo-1012898
Ranchi,jharkhand,Cinepolis,"PJP Cinemas, Mall of Ranchi, Ranchi",1012898,834001,AUDI 4,2D,2026-10-02T12:10,Available,128,72,56,18730,NORMAL:0/10@230; EXECUTIVE:5/40@250; PREMIUM:41/64@280; RECLINER:10/14@600,1012898-28712-obbkgo-1012898
Bhubaneswar,odisha,PVR,"INOX BMC Bhawani Mall, Shahid Nagar, Bhubaneswar",1017389,751007,SCREEN 1,2D,2026-10-02T07:50,Available,422,397,25,5094,CLASSIC ROWS:6/81@99; PICTURE PERFECT:2/60@230; PRIME ROWS:4/171@230; PRIME PLUS ROWS:13/87@240; EXTRA LEGROOM ROWS:0/23@240,1017389-71573-obbkgo-1017389
Bhubaneswar,odisha,PVR,"PVR Utkal Galleria, Gautam Nagar, Bhubaneswar",1017390,751014,SCREEN 4,2D,2026-10-02T04:00,Available,117,72,45,7005,CLASSIC ROWS:0/24@149; PRIME ROWS:30/76@149; EXTRA LEGROOM ROWS:15/17@169,1017390-25429-obbkgo-1017390
Bhubaneswar,odisha,Cinepolis,"Cinepolis Nexus Esplanade, Rasulgarh, Bhubaneswar",7338,751007,AUDI 06,2D,2026-10-02T09:15,Filling Fast,133,53,80,26860,NORMAL:0/11@300; EXECUTIVE:17/36@320; PREMIUM:63/76@340; RECLINER:0/10@800,7338-12122-obbkgo-7338
Cuttack,odisha,PVR,"INOX SGBL Square Mall, Town Hall Road, Cuttack",1029236,753009,SCREEN 2,2D,2026-10-02T06:30,Available,204,168,36,11020,CLASSIC ROWS:0/28@200; PRIME ROWS:6/88@220; PRIME PLUS ROWS:9/54@240; EXTRA LEGROOM ROWS:8/18@260; RECLINER ROWS:13/16@420,1029236-54236-obbkgo-1029236
Guwahati,assam,Gold,"Kelvin Gold Cinema, Guwahati (Newly Opened)",1102071,781001,SCREEN 2,2D,2026-10-02T05:00,Available,242,242,0,0,GOLD:0/191@150; SILVER:0/42@150; RECLINER:0/9@600,1102071-4054-obbkgo-1102071
Guwahati,assam,Cinepolis,"Cinepolis Central Mall, Christian Basti, Guwahati",3084,781005,AUDI 3,2D,2026-10-02T04:00,Available,196,183,13,2680,NORMAL:0/12@160; EXECUTIVE:0/48@180; PREMIUM:9/116@200; EXECUTIVE XL:4/16@220; RECLINER:0/4@600,3084-6543-obbkgo-3084
Guwahati,assam,PVR,"PVR City Centre, G.S. Road, Guwahati",1020678,781005,AUDI 01,2D,2026-10-02T09:10,Available,135,99,36,11160,CLASSIC ROWS:0/40@149; PRIME ROWS:15/68@250; EXTRA LEGROOM ROWS:12/14@340; PRIME PLUS ROWS:9/13@370,1020678-29974-obbkgo-1020678
Guwahati,assam,PVR,"INOX Aurus, Aurus Mall, Guwahati",1020674,781006,INSIGNIA 3,2D,2026-10-02T03:50,Available,40,40,0,0,EXEC RECLINER ROWS:0/14@570; ROYAL RECLINER ROWS:0/26@620,1020674-37315-obbkgo-1020674
Kochi,kerala,PVR,"PVR Lulu, Lulu International Shopping Mall, Kochi",1022294,682025,AUDI 03,2D,2026-10-02T05:15,Available,208,165,43,9930,CLASSIC ROWS:0/39@150; CLASSIC PLUS ROWS:2/91@170; PRIME ROWS:20/51@190; EXTRA LEGROOM ROWS:12/17@220; RECLINER ROWS:9/10@350,1022294-45994-obbkgo-1022294
Vijayawada,andhra-pradesh,PVR,"PVR Ripples Mall, MG Road, Vijaywada",1023468,520010,AUDI 01,2D,2026-10-02T11:00,Available,215,210,5,885,CLASSIC:5/207@177; RECLINER:0/8@295,1023468-18947-obbkgo-1023468
Ludhiana,punjab,PVR,"PVR Pavilion Mall, Ludhiana",1023581,141002,AUDI 5,2D,2026-10-02T03:30,Available,77,70,7,1043,CLASSIC:0/39@149; PRIME:7/38@149,1023581-36772-obbkgo-1023581
Ludhiana,punjab,PVR,"PVR Pavilion Mall, Ludhiana",1023581,141002,AUDI 5,2D,2026-10-02T12:35,Available,77,54,23,6420,CLASSIC:8/39@240; PRIME:15/38@300,1023581-36775-obbkgo-1023581
Ludhiana,punjab,PVR,"PVR Silver Arc Mall, Gurdev Nagar, Ludhiana",1025088,141001,AUDI 06,2D,2026-10-02T03:30,Available,124,124,0,0,CLASSIC ROWS:0/39@149; PRIME PLUS SOFA ROWS:0/18@149; PRIME ROWS:0/67@149,1025088-30589-obbkgo-1025088
Ludhiana,punjab,PVR,"PVR Silver Arc Mall, Gurdev Nagar, Ludhiana",1025088,141001,AUDI 04,2D,2026-10-02T09:35,Available,220,202,18,5150,CLASSIC ROWS:6/66@200; PRIME ROWS:5/112@240; PRIME PLUS SOFA ROWS:2/18@300; RECLINER ROWS:5/24@430,1025088-30580-obbkgo-1025088
Ludhiana,punjab,PVR,"PVR Avon City Mall, Gurdev Nagar, Ludhiana",1023576,141001,AUDI 01,2D,2026-10-02T07:05,Available,120,102,18,2266,CLASSIC ROWS:14/38@99; CLASSIC PLUS ROWS:0/30@200; PRIME ROWS:4/30@220; RECLINER ROWS:0/22@380,1023576-17559-obbkgo-1023576
Ludhiana,punjab,Wave,"Wave One Movies, Ferozepur Road, Ludhiana",1041108,141001,WAVE 0.2,2D,2026-10-02T03:30,Available,169,169,0,0,CLASSIC:0/85@149; PREMIUM:0/84@149,1041108-143850-obbkgo-1041108
Ludhiana,punjab,Wave,"Wave One Movies, Ferozepur Road, Ludhiana",1041108,141001,WAVE 0.3,2D,2026-10-02T09:55,Available,169,162,7,1540,CLASSIC:0/85@210; PREMIUM:7/84@220,1041108-143852-obbkgo-1041108
Ludhiana,punjab,Cinepolis,"Cinepolis Nexus MBD, Ludhiana",151,141004,AUDI 5,2D,2026-10-02T06:30,Available,95,60,35,8400,PREMIUM:35/95@240,151-9032-obbkgo-151
Amritsar,punjab,Movietime,"Movietime Cinemas, Novelty Mall Lawrence Road, Amritsar",1040660,143001,AUDI3,2D,2026-10-02T09:20,Available,152,150,2,320,GOLD:0/75@99; EXTRA LEGSPACE:2/15@160; PLATINUM:0/49@190; RECLINER:0/13@320,1040660-50018-obbkgo-1040660
Amritsar,punjab,PVR,"INOX VR Ambarsar, Circular Road, Amritsar",1019914,143001,SCREEN 5,2D,2026-10-02T06:10,Available,116,81,35,7275,CLASSIC ROWS:5/22@99; CLASSIC PLUS ROWS:0/15@190; PICTURE PERFECT:6/25@210; PRIME ROWS:24/54@230,1019914-130279-obbkgo-1019914
Amritsar,punjab,PVR,"PVR SCT City Centre, City Centre, Amritsar",1019910,143001,AUDI 3,2D,2026-10-02T14:25,Available,158,158,0,0,CLASSIC ROWS:0/30@99; CLASSIC PLUS ROWS:0/43@210; PRIME ROWS:0/30@220; PRIME PLUS ROWS:0/29@240; EXTRA LEGROOM ROWS:0/15@260; RECLINER ROWS:0/11@430,1019910-30068-obbkgo-1019910
Dehradun,uttarakhand,PVR,"PVR Centrio, Unison Mall, Dehradun",1023496,248001,AUDI 03,2D,2026-10-02T06:55,Filling Fast,166,42,124,43064.22,CLASSIC:6/28@221.69; CLASSIC PLUS:54/70@314.07; PRIME:50/54@332.54; RECLINER:14/14@581.95,1023496-26046-obbkgo-1023496
Dehradun,uttarakhand,PVR,"PVR Centrio, Unison Mall, Dehradun",1023496,248001,AUDI 03,2D,2026-10-02T13:15,Available,166,108,58,20608.6,CLASSIC:0/28@230.93; CLASSIC PLUS:10/70@267.88; PRIME:39/54@323.31; RECLINER:9/14@591.19,1023496-26048-obbkgo-1023496
Dehradun,uttarakhand,Silvercity,"Silvercity, Parsvnath Eleganza Mall, Dehradun",1102319,248001,AUDI 3,2D,2026-10-02T04:30,Available,194,192,2,314.08,SILVER:0/60@110.85; GOLD:2/119@157.04; RECLINER:0/15@461.87,1102319-33586-obbkgo-1102319
Dehradun,uttarakhand,PVR,"PVR Pacific Mall, Main Rajpur Road, Dehradun",1023497,248001,AUDI 04,2D,2026-10-02T07:20,Available,108,47,61,19158.27,CLASSIC:0/24@221.69; PRIME:61/84@314.07,1023497-23664-obbkgo-1023497
Dehradun,uttarakhand,PVR,"PVR Pacific Mall, Main Rajpur Road, Dehradun",1023497,248001,AUDI 04,2D,2026-10-02T13:20,Available,96,87,9,2494.08,CLASSIC:0/24@230.93; PRIME:9/72@277.12,1023497-23666-obbkgo-1023497
Dehradun,uttarakhand,PVR,PVR Mall Of Dehradun,1040152,248005,SCREEN 1,2D,2026-10-02T03:35,Available,144,97,47,9563.289999999999,CLASSIC:0/31@183.82; EXECUTIVE:4/15@183.82; LOUNGER:0/7@183.82; PRIME:0/22@183.82; PRIME PLUS:38/60@183.82; RECLINER:5/9@368.57,1040152-20927-obbkgo-1040152
Dehradun,uttarakhand,PVR,PVR Mall Of Dehradun,1040152,248005,SCREEN 1,2D,2026-10-02T09:30,Filling Fast,144,37,107,37078.490000000005,CLASSIC:6/31@184.75; LOUNGER:0/7@221.69; PRIME:21/22@314.07; PRIME PLUS:57/60@332.54; EXECUTIVE:14/15@387.97; RECLINER:9/9@554.24,1040152-20929-obbkgo-1040152
Dehradun,uttarakhand,PVR,PVR Mall Of Dehradun,1040152,248005,SCREEN 1,2D,2026-10-02T17:45,Available,122,122,0,0.0,CLASSIC:0/24@184.75; LOUNGER:0/7@221.69; PRIME:0/22@221.69; PRIME PLUS:0/45@240.17; EXECUTIVE:0/15@295.59; RECLINER:0/9@461.86,1040152-20932-obbkgo-1040152
Varanasi,uttar-pradesh,IP Cinemas,"IP Cinemas IP Sigra Mall, Shastri Nagar, Varanasi",1039215,221002,AUDI 3,2D,2026-10-02T14:00,Available,168,103,65,21650,SILVER:0/75@200; GOLD:53/81@250; RECLINER:12/12@700,1039215-72527-obbkgo-1039215
Varanasi,uttar-pradesh,IP Cinemas,"IP Cinemas IP Vijaya Mall, Bhelupur, Varanasi",1039499,221010,AUDI 2,2D,2026-10-02T06:20,Available,254,184,70,18600,SILVER:5/108@200; GOLD:62/132@250; RECLINER:3/14@700,1039499-44408-obbkgo-1039499
Agra,uttar-pradesh,Gold,"Gold Cinema Ashok Cosmos Mall, Sanjay Place, Agra",4327,282002,AUDI 4,2D,2026-10-02T09:00,Available,109,109,0,0,GOLD:0/109@200,4327-99250-obbkgo-4327
Agra,uttar-pradesh,Gold,"Gold Cinema Ashok Cosmos Mall, Sanjay Place, Agra",4327,282002,AUDI 4,2D,2026-10-02T14:45,Available,109,109,0,0,GOLD:0/109@200,4327-99251-obbkgo-4327
Agra,uttar-pradesh,PVR,"PVR Anjana Mall, Agra",1102259,282002,AUDI 4,2D,2026-10-02T10:10,Available,118,93,25,9320,CLASSIC ROWS:0/24@260; PRIME ROWS:0/36@270; EXTRA LEGROOM ROWS:4/14@290; PRIME PLUS ROWS:15/23@360; RECLINER ROWS:6/21@460,1102259-4334-obbkgo-1102259
Agra,uttar-pradesh,Cineworld Multiplex,"Cineworld Multiplex, Paras Pearls Mall, Agra",1101450,282002,SCREEN 2,2D,2026-10-02T08:00,Available,600,600,0,0,CLASSIC:0/100@220; LOUNGER:0/100@220; PRIME:0/100@240; PRIME PLUS:0/100@260; ROYAL:0/100@280; RECLINER:0/100@450,1101450-89304-obbkgo-1101450
Agra,uttar-pradesh,Cineworld Multiplex,"Cineworld Multiplex, Paras Pearls Mall, Agra",1101450,282002,SCREEN 2,2D,2026-10-02T13:20,Available,198,198,0,0,CLASSIC:0/32@220; LOUNGER:0/10@220; PRIME:0/48@240; PRIME PLUS:0/48@260; ROYAL:0/48@280; RECLINER:0/12@450,1101450-89305-obbkgo-1101450
Agra,uttar-pradesh,Cineworld Multiplex,"Cineworld Multiplex, Paras Pearls Mall, Agra",1101450,282002,SCREEN 5,2D,2026-10-02T16:10,Available,400,400,0,0,CLASSIC:0/100@220; PRIME:0/100@240; PRIME PLUS:0/100@260; ROYAL:0/100@280,1101450-89307-obbkgo-1101450
Meerut,uttar-pradesh,Wave,"Wave Cinemas, Meerut",1040160,160102,AUDI 1,2D,2026-10-02T11:40,Available,161,114,47,11280,CLASSIC:47/161@240,1040160-67586-obbkgo-1040160
Meerut,uttar-pradesh,Regal Cineplex,"Regal Cinema, Meerut",1102499,250001,SCREEN1,2D,2026-10-02T04:30,Filling Fast,143,22,121,18150,DIAMOND:121/143@150,1102499-34896__1790915400__1573__2079728-obbkgo-1102499
Meerut,uttar-pradesh,Regal Cineplex,"Regal Cinema, Meerut",1102499,250001,SCREEN1,2D,2026-10-02T07:10,Filling Fast,143,22,121,18150,DIAMOND:121/143@150,1102499-34896__1790925000__1573__2079729-obbkgo-1102499
Meerut,uttar-pradesh,Regal Cineplex,"Regal Cinema, Meerut",1102499,250001,SCREEN1,2D,2026-10-02T10:00,Filling Fast,143,22,121,18150,DIAMOND:121/143@150,1102499-34896__1790935200__1573__2079730-obbkgo-1102499
Meerut,uttar-pradesh,Regal Cineplex,"Regal Cinema, Meerut",1102499,250001,SCREEN1,2D,2026-10-02T13:00,Filling Fast,143,22,121,18150,DIAMOND:121/143@150,1102499-34896__1790946000__1573__2079731-obbkgo-1102499
Meerut,uttar-pradesh,Regal Cineplex,"Regal Cinema, Meerut",1102499,250001,SCREEN1,2D,2026-10-02T16:00,Filling Fast,143,22,121,18150,DIAMOND:121/143@150,1102499-34896__1790956800__1573__2079732-obbkgo-1102499
Nashik,maharashtra,MovieMax,"MovieMax: College Road, Nashik (Seats Renovated)",27023,422005,SCREEN1,2D,2026-10-02T02:45,Available,334,323,11,1126,CLASSIC:0/57@92; PRIME:9/261@92; PRIME PLUS:2/16@149,27023-32966-obbkgo-27023
Nashik,maharashtra,PVR,"Cinemax City Center, City Center Mall, Nashik",1019973,422009,SCREEN 4,2D,2026-10-02T11:55,Available,169,97,72,22630,CLASSIC ROWS:0/34@240; PRIME PLUS ROWS:59/122@280; RECLINER ROWS:13/13@470,1019973-26640-obbkgo-1019973
Aurangabad,maharashtra,PVR,"INOX Reliance Mall, Garkheda, Aurangabad",1029157,431001,SCREEN 3,2D,2026-10-02T10:00,Available,249,206,43,14570,CLASSIC ROWS:7/54@230; PRIME ROWS:6/102@250; PRIME PLUS ROWS:9/44@270; EXTRA LEGROOM ROW:0/18@280; RECLINER ROWS:21/31@430,1029157-48462-obbkgo-1029157
Aurangabad,maharashtra,PVR,"INOX Prozone Mall, Chilkalthana, Aurangabad",1029156,431210,SCREEN 3,2D,2026-10-02T03:45,Available,210,205,5,745,CLASSIC ROWS:0/32@149; PRIME PLUS ROWS:3/74@149; PRIME ROWS:2/104@149,1029156-100144-obbkgo-1029156
Aurangabad,maharashtra,PVR,"INOX Prozone Mall, Chilkalthana, Aurangabad",1029156,431210,SCREEN 3,2D,2026-10-02T06:40,Available,210,210,0,0,CLASSIC ROWS:0/32@220; PRIME ROWS:0/104@240; PRIME PLUS ROWS:0/74@260,1029156-100184-obbkgo-1029156
Raipur,chhattisgarh,PVR,"PVR City Center, City Center Mall, Raipur",1019933,492001,SCREEN 5,2D,2026-10-02T06:35,Available,176,101,75,19324.239999999998,CLASSIC ROWS:0/24@166.27; PRIME ROWS:16/76@184.75; PRIME PLUS ROWS:51/64@258.64; RECLINER ROWS:8/12@397.2,1019933-28489-obbkgo-1019933
Raipur,chhattisgarh,Colors Cinema,"Colors Cinemas, Colors Mall, Raipur",44956,492001,SCREEN 2,2D,2026-10-02T14:15,Filling Fast,238,34,204,43400,CLUB:98/112@200; PREMIUM:80/100@200; LOUNGE:26/26@300,44956-34896__1790950500__234__2081383-obbkgo-44956
Raipur,chhattisgarh,PVR,"PVR Magneto The Mall, Magneto Mall, Raipur",1019939,492001,AUDI 03,2D,2026-10-02T06:20,Available,276,234,42,8960.16,CLASSIC ROWS:0/38@184.75; PRIME ROWS:40/170@203.22; PICTURE PERFECT:0/24@221.69; EXTRA LEGROOM ROWS:0/22@230.93; RECLINER ROWS:2/22@415.68,1019939-22259-obbkgo-1019939
Raipur,chhattisgarh,PVR,"INOX Ambuja City Centre, Mowa, Raipur",1019938,492007,SCREEN 1,2D,2026-10-02T11:35,Available,212,165,47,12396.42,CLASSIC ROWS:0/28@147.8; PRIME ROWS:0/98@166.27; PRIME PLUS ROWS:33/51@203.22; EXTRA LEGROOM ROWS:0/17@203.22; RECLINER ROWS:14/18@406.44,1019938-89680-obbkgo-1019938
Raipur,chhattisgarh,PVR,"PVR Zora The Mall, Raipur",1056680,492012,SCREEN 3,2D,2026-10-02T17:25,Available,186,186,0,0,CLASSIC ROWS:0/38@310; PRIME ROWS:0/59@360; PRIME PLUS ROWS:0/79@410; RECLINER ROWS:0/10@600,1056680-14500-obbkgo-1056680
Raipur,chhattisgarh,miraj,"Miraj Cinemas : CBD, Nava Raipur",10235,492101,SCREEN 2,2D,2026-10-02T05:35,Available,117,115,2,295.6,SPECIAL:0/28@129.32; EXECUTIVE:2/81@147.8; CLUB:0/4@258.64; GOLD:0/4@360.25,10235-41138-obbkgo-10235
Bhilai,chhattisgarh,PVR,"PVR Treasure Island, Nehru Nagar, Bhilai",1020677,490020,AUDI 03,2D,2026-10-02T03:40,Available,137,90,47,7897.71,CLASSIC ROWS:0/20@157.03; PRIME ROWS:40/76@157.03; PRIME PLUS ROWS:7/41@230.93,1020677-21462-obbkgo-1020677
Gwalior,madhya-pradesh,PVR,"INOX DB Mall, Race Course Road, Gwalior",1018430,474001,SCREEN 2,2D,2026-10-02T03:35,Available,143,101,42,6158,CLASSIC ROWS:2/22@99; CLASSIC PLUS ROWS:0/55@149; PRIME ROWS:40/66@149,1018430-79215-obbkgo-1018430
Gwalior,madhya-pradesh,PVR,"INOX DB Mall, Race Course Road, Gwalior",1018430,474001,SCREEN 3,2D,2026-10-02T08:25,Available,138,59,79,20581,CLASSIC ROWS:19/24@99; CLASSIC PLUS ROWS:11/48@250; PRIME ROWS:43/57@290; RECLINER ROWS:6/9@580,1018430-79223-obbkgo-1018430
Gwalior,madhya-pradesh,PVR,"PVR Keshar Towers, Race course Road, Gwalior",1018429,474005,SCREEN 4,2D,2026-10-02T03:30,Available,149,140,9,1641,CLASSIC ROWS:0/30@99; EXTRA LEGROOM ROWS:0/15@149; CLASSIC PLUS ROWS:0/45@149; PRIME ROWS:7/45@149; RECLINER ROWS:2/14@299,1018429-22991-obbkgo-1018429
Gwalior,madhya-pradesh,Gold Cinema,"Gold Cinema, Gwalior",1102407,474011,SCREEN 2,2D,2026-10-02T12:30,Available,121,121,0,0,SILVER:0/26@150; GOLD:0/95@180,1102407-1676-obbkgo-1102407
Gwalior,madhya-pradesh,Cinepolis,"Fun Cinema DD City Mall, Maharani Laxmibai Road, Gwalior",141,474001,SCREEN 3,2D,2026-10-02T11:40,Available,225,181,44,8940,NORMAL:11/17@70; EXECUTIVE:4/89@230; PREMIUM:10/42@250; PREMIUM PLUS:19/56@250; EXECUTIVE XL:0/21@260,141-6339-obbkgo-141
Jodhpur,rajasthan,Nasrani Cinema,"Nasrani Cinema, Jodhpur",1013969,342003,SCREEN 3,2D,2026-10-02T03:15,Available,184,184,0,0,GOLD:0/156@150; PLATINUM:0/14@250; LOUNGE:0/14@350,1013969-40762-obbkgo-1013969
Jodhpur,rajasthan,Nasrani Cinema,"Nasrani Cinema, Jodhpur",1013969,342003,SCREEN 3,2D,2026-10-02T06:00,Available,300,300,0,0,GOLD:0/100@220; PLATINUM:0/100@320; LOUNGE:0/100@420,1013969-40763-obbkgo-1013969
Jodhpur,rajasthan,Nasrani Cinema,"Nasrani Cinema, Jodhpur",1013969,342003,SCREEN 3,2D,2026-10-02T09:00,Available,300,300,0,0,GOLD:0/100@250; PLATINUM:0/100@350; LOUNGE:0/100@450,1013969-40764-obbkgo-1013969
Jodhpur,rajasthan,miraj,"Miraj Cinemas : Blue City Mall, Jodhpur",1001091,342001,SCREEN 2,2D,2026-10-02T06:50,Available,165,87,78,18700,PREMIUM:1/42@220; CLUB:77/123@240,1001091-20887-obbkgo-1001091
Jodhpur,rajasthan,Justickets,"New Kohinoor Cinema, Akhaliya Vikas Yojana Choraha, Jodhpur",33334,342001,LOWER NEW KOHINOOR CINEMA,2D,2026-10-02T13:00,Filling Fast,570,198,372,42840,GOLDEN:180/269@100; PLATINUM:132/186@120; MAHARAJA:60/115@150,33334-9493570c-7133-4c37-a4d6-bdaad4f12086-obbkgo-33334
Jodhpur,rajasthan,PVR,"INOX Cinemas Indiabulls Mall,  Vijayrajey Nagar, Jodhpur",1029517,342005,SCREEN 3,2D,2026-10-02T03:45,Available,146,137,9,1791,CLASSIC ROW:0/34@99; PRIME PLUS ROWS:7/32@199; EXTRA LEGROOM ROW:2/12@199; PRIME ROWS:0/68@199,1029517-22733-obbkgo-1029517
Udaipur,rajasthan,PVR,"INOX Lake City Mall, Ashok Nagar, Udaipur",1019904,313001,SCREEN 3,2D,2026-10-02T03:30,Available,212,208,4,760,CLASSIC ROWS:0/33@99; PRIME ROWS:0/105@170; PRIME PLUS ROWS:4/54@190; EXTRA LEGROOM ROWS:0/20@190,1019904-95137-obbkgo-1019904
Udaipur,rajasthan,PVR,"INOX Lake City Mall, Ashok Nagar, Udaipur",1019904,313001,SCREEN 3,2D,2026-10-02T11:55,Available,212,205,7,1610,CLASSIC ROWS:0/33@99; PRIME ROWS:0/105@210; PRIME PLUS ROWS:7/54@230; EXTRA LEGROOM ROWS:0/20@230,1019904-95140-obbkgo-1019904
Udaipur,rajasthan,PVR,"PVR Celebration Mall, Udaipur",1019902,313001,AUDI 03,2D,2026-10-02T09:20,Available,275,199,76,21540,CLASSIC ROWS:8/52@210; PRIME ROWS:11/130@230; PICTURE PERFECT:4/16@250; PRIME PLUS ROWS:31/42@290; EXTRA LEGROOM ROWS:14/21@290; RECLINER ROWS:8/14@410,1019902-22325-obbkgo-1019902
Udaipur,rajasthan,PVR,"INOX Urban Square Mall, Udyog Vihar, Udaipur",1028838,313001,SCREEN 1,2D,2026-10-02T03:30,Available,117,117,0,0,CLASSIC ROWS:0/22@99; PRIME PLUS ROWS:0/30@99; PRIME ROWS:0/65@99,1028838-28513-obbkgo-1028838
Udaipur,rajasthan,PVR,"INOX Urban Square Mall, Udyog Vihar, Udaipur",1028838,313001,SCREEN 6,2D,2026-10-02T12:40,Available,162,158,4,920,CLASSIC ROWS:0/23@99; PRIME ROWS:4/96@230; PRIME PLUS ROWS:0/27@250; EXTRA LEGROOM ROWS:0/16@250,1028838-28533-obbkgo-1028838
Mysuru,karnataka,PVR,"PVR Garuda Mall, Albert Victor Road, Mysuru",1023562,570001,AUDI 01,2D,2026-10-02T04:30,Available,111,106,5,745,CLASSIC ROWS:0/34@149; CLASSIC PLUS ROWS:2/51@149; PRIME ROWS:3/26@149,1023562-19274-obbkgo-1023562
Mysuru,karnataka,PVR,"PVR Garuda Mall, Albert Victor Road, Mysuru",1023562,570001,AUDI 04,2D,2026-10-02T10:10,Available,288,202,86,17730,CLASSIC ROWS:0/40@150; CLASSIC PLUS ROWS:15/140@170; PRIME ROWS:40/60@200; PICTURE PERFECT:22/24@220; PRIME PLUS ROWS:9/24@260,1023562-19246-obbkgo-1023562
Mysuru,karnataka,PVR,"INOX Mall of Mysore, MG Road, Mysuru",1023556,570010,AUDI 3,2D,2026-10-02T13:45,Available,229,217,12,2910,CLASSIC ROWS:0/36@200; CLASSIC PLUS ROWS:3/116@220; PRIME ROWS:9/77@250,1023556-85390-obbkgo-1023556
Trivandrum,kerala,PVR,"PVR LULU, Lulu International Shopping Mall, Trivandrum",1022295,695029,AUDI 09,2D,2026-10-02T08:00,Available,107,70,37,8850,CLASSIC ROWS:4/65@180; PRIME ROWS:31/34@230; RECLINER ROWS:2/8@500,1022295-59465-obbkgo-1022295
Noida,uttar-pradesh,Mukta A2,"1 Cinemas, Spectrum Metro Mall, Noida",1102440,201301,SCREEN 6,2D,2026-10-02T03:30,Available,26,26,0,0,RECLINER:0/26@550,1102440-1884-obbkgo-1102440
Noida,uttar-pradesh,Mukta A2,"1 Cinemas, Spectrum Metro Mall, Noida",1102440,201301,SCREEN 5,2D,2026-10-02T09:50,Available,104,104,0,0,PLATINUM:0/104@260,1102440-1880-obbkgo-1102440
Noida,uttar-pradesh,MovieMax,"MovieMax Laserplex Gulshan One 29 Mall, Noida",58725,201301,SCREEN5,2D,2026-10-02T09:00,Available,181,156,25,15050,CLUB:0/32@350; PRIME:2/80@370; EXECUTIVE:13/54@370; MAX RECLINER:10/15@950,58725-45310-obbkgo-58725
Noida,uttar-pradesh,MovieMax,"MovieMax Laserplex Gulshan One 29 Mall, Noida",58725,201301,SCREEN5,2D,2026-10-02T15:00,Available,181,179,2,740,CLUB:0/32@350; PRIME:2/80@370; EXECUTIVE:0/54@370; MAX RECLINER:0/15@950,58725-45311-obbkgo-58725
Noida,uttar-pradesh,MovieMax,"MovieMax Edition (Luxe),  Rcube Monad Mall, Noida",1039974,201303,BROADWAY,2D,2026-10-02T07:15,Available,60,57,3,2550,RECLINER:3/60@850,1039974-18112-obbkgo-1039974
Noida,uttar-pradesh,PVR,"PVR Gaur City, Gaur City Mall, Greater Noida",1025087,201301,AUDI 01,2D,2026-10-02T04:15,Filling Fast,119,44,75,11175,CLASSIC:65/106@149; PRIME:10/13@149,1025087-42471-obbkgo-1025087
Noida,uttar-pradesh,PVR,"PVR Gaur City, Gaur City Mall, Greater Noida",1025087,201301,AUDI 01,2D,2026-10-02T07:20,Filling Fast,119,35,84,22230,CLASSIC:71/106@260; PRIME:13/13@290,1025087-42472-obbkgo-1025087
Noida,uttar-pradesh,PVR,"PVR Gaur City, Gaur City Mall, Greater Noida",1025087,201301,AUDI 01,2D,2026-10-02T14:20,Available,119,92,27,7760,CLASSIC:17/106@280; PRIME:10/13@300,1025087-42474-obbkgo-1025087
Noida,uttar-pradesh,Rajhans Cinemas,"Rajhans Cinemas, Greater Noida (W), Noida",17667,201308,SCREEN 4,2D,2026-10-02T08:00,Available,129,61,68,11500,MARVEL:0/22@130; ROYAL:0/33@140; EXECUTIVE:55/60@150; RECLINER:13/14@250,17667-54716-obbkgo-17667
Noida,uttar-pradesh,Rajhans Cinemas,"Rajhans Cinemas, Greater Noida (W), Noida",17667,201308,SCREEN 4,2D,2026-10-02T14:00,Available,129,97,32,7300,MARVEL:0/22@170; ROYAL:0/33@190; EXECUTIVE:26/60@200; RECLINER:6/14@350,17667-54718-obbkgo-17667
Greater Noida,uttar-pradesh,SUV Entertainment,"US Cinema, Galaxy Blue Sapphire Plaza, Greater Noida ( West )",40328,201309,EUROPA LUX AUDI 3,2D,2026-10-02T04:15,Filling Fast,115,39,76,11040,LUX:18/55@130; LUX PLUS:58/60@150,40328-73672-obbkgo-40328
Greater Noida,uttar-pradesh,SUV Entertainment,"US Cinema, Galaxy Blue Sapphire Plaza, Greater Noida ( West )",40328,201309,EUROPA LUX AUDI 3,2D,2026-10-02T07:10,Filling Fast,115,39,76,16940,LUX:18/55@200; LUX PLUS:58/60@230,40328-73673-obbkgo-40328
Greater Noida,uttar-pradesh,SUV Entertainment,"US Cinema, Galaxy Blue Sapphire Plaza, Greater Noida ( West )",40328,201309,EUROPA LUX AUDI 2,2D,2026-10-02T08:55,Available,223,181,42,9660,LUX:0/80@200; LUX PLUS:42/143@230,40328-73676-obbkgo-40328
Greater Noida,uttar-pradesh,SUV Entertainment,"US Cinema, Galaxy Blue Sapphire Plaza, Greater Noida ( West )",40328,201309,EUROPA LUX AUDI 2,2D,2026-10-02T14:00,Available,223,211,12,2760,LUX:0/80@200; LUX PLUS:12/143@230,40328-73678-obbkgo-40328
Greater Noida,uttar-pradesh,SUV Entertainment,"US Cinema, Galaxy Blue Sapphire Plaza, Greater Noida ( West )",40328,201309,EUROPA LUX AUDI 2,2D,2026-10-02T16:55,Available,223,213,10,2300,LUX:0/80@200; LUX PLUS:10/143@230,40328-73679-obbkgo-40328
Ghaziabad,uttar-pradesh,Rakesh Cinema,"RR Cinema Jaipuria Mall, Indirapuram, Ghaziabad",25635,201014,AUDI 3,2D,2026-10-02T04:30,Available,222,201,21,1932,GOLD:21/142@92; SILVER:0/80@92,25635-74204-obbkgo-25635
Ghaziabad,uttar-pradesh,Rakesh Cinema,"RR Cinema Jaipuria Mall, Indirapuram, Ghaziabad",25635,201014,AUDI 3,2D,2026-10-02T09:40,Available,222,205,17,3400,SILVER:0/80@170; GOLD:17/142@200,25635-74206-obbkgo-25635
Ghaziabad,uttar-pradesh,Rakesh Cinema,"RR Cinema Jaipuria Mall, Indirapuram, Ghaziabad",25635,201014,AUDI 3,2D,2026-10-02T14:50,Available,222,212,10,2000,SILVER:0/80@170; GOLD:10/142@200,25635-74208-obbkgo-25635
Ghaziabad,uttar-pradesh,US Cinemas,"US Cinemas Eros Mall, Indirapuram, Ghaziabad",2608,201010,EUROPA 2,2D,2026-10-02T13:35,Available,205,189,16,3520,LUXURY:0/60@190; LUX PLUS:16/145@220,2608-58422-obbkgo-2608
Faridabad,haryana,PVR,"INOX Crown Interiorz Mall, Delhi Mathura Road, Faridabad",1020728,121003,SCREEN 4,2D,2026-10-02T06:30,Available,181,142,39,13726,CLASSIC ROWS:4/36@99; PRIME ROWS:12/89@290; EXTRA LEGROOM ROWS:0/14@310; PICTURE PERFECT:18/32@350; RECLINER ROWS:5/10@710,1020728-94877-obbkgo-1020728
Faridabad,haryana,AKR Cinema,"AKR Cinemas, SLF Mall, Faridabad",1040253,121003,AUDI 3,2D,2026-10-02T08:10,Available,100,100,0,0,GOLD:0/100@150,1040253-24048-obbkgo-1040253
Ghaziabad,uttar-pradesh,PVR,"PVR Opulent, The Opulent Mall, Ghaziabad",1036404,201001,AUDI 2,2D,2026-10-02T09:00,Available,216,143,73,21360,CLASSIC:15/104@220; PRIME:48/102@270; RECLINER:10/10@510,1036404-11079-obbkgo-1036404
Ghaziabad,uttar-pradesh,Grand Cinemaz,"Grand Cinemaz@Choudhary Mall, Ghaziabad",1100807,201001,SCREEN 2,2D,2026-10-02T10:30,Available,100,100,0,0,EXECUTIVE:0/100@150,1100807-10428-obbkgo-1100807
Greater Noida,uttar-pradesh,PVR,"INOX Omaxe Connaught Place Mall, Greater Noida",1029331,201308,SCREEN 2,2D,2026-10-02T03:55,Available,191,175,16,3540,CLUB:4/85@180; ROYAL:10/95@210; ROYAL RECLINER:2/11@360,1029331-78856-obbkgo-1029331
Greater Noida,uttar-pradesh,PVR,"INOX Omaxe Connaught Place Mall, Greater Noida",1029331,201308,SCREEN 2,2D,2026-10-02T09:45,Available,206,156,50,14470,CLUB:4/85@220; ROYAL:31/105@240; ROYAL RECLINER:15/16@410,1029331-78858-obbkgo-1029331
Greater Noida,uttar-pradesh,miraj,"Miraj Cinemas : India Expo Plaza, Greater Noida",1102182,201310,SCREEN1,2D,2026-10-02T11:45,Available,88,83,5,1150,LOUNGER:0/9@230; CLASSIC:5/79@230,1102182-4542-obbkgo-1102182
Faridabad,haryana,Cinepolis,"Cinepolis City Life Mall, Faridabad",1102526,121003,SCREEN 01,2D,2026-10-02T15:00,Available,152,147,5,1300,NORMAL:0/15@200; EXECUTIVE:0/34@240; PREMIUM:5/76@260; PREMIUM XL:0/11@300; RECLINER:0/16@560,1102526-89-obbkgo-1102526
Ghaziabad,uttar-pradesh,miraj,"Miraj Cinemas : ATS Khyber Range Mall, Ghaziabad",1102445,201002,SCREEN1,2D,2026-10-02T11:45,Available,110,93,17,4080,SILVER:0/22@220; GOLD:17/88@240,1102445-935-obbkgo-1102445
Greater Noida,uttar-pradesh,Wave,"Wave Cinemas iThum Mall, Greater Noida",1102164,201310,AUDI 4,2D,2026-10-02T09:55,Available,141,120,21,5040,CLASSIC:0/77@220; PREMIUM:21/64@240,1102164-4403-obbkgo-1102164
Ghaziabad,uttar-pradesh,Fun Cinemas,B18 Cinemas (Bhutani Cineplex) City Center GZB,1013245,201007,SCREEN3,2D,2026-10-02T10:50,Available,290,263,27,6750,SILVER:0/128@220; GOLD:27/153@250; BUSINESS CLASS:0/9@350,1013245-19458-obbkgo-1013245
Ghaziabad,uttar-pradesh,Wave,"Wave Cinemas, Raj Nagar",1040868,201002,AUDI 4,2D,2026-10-02T09:55,Available,198,193,5,1200,CLASSIC:5/198@240,1040868-89213-obbkgo-1040868
Ghaziabad,uttar-pradesh,US Cinema,"US Cinemas, Movie World, Ghaziabad (All New)",1102316,201003,AUDI 3,2D,2026-10-02T04:15,Available,210,196,14,1470,LUXURY:0/84@105; LUXURY PLUS:14/114@105; ROYAL (RECLINER):0/12@199,1102316-5349-obbkgo-1102316
Greater Noida,uttar-pradesh,MSX Cinemas,"MSX Cinemas, Greater Noida",1092168,201310,SCREEN 5,2D,2026-10-02T07:50,Filling Fast,124,24,100,18640,CLUB:68/92@180; ROYAL:32/32@200,1092168-34896__1790927400__482__2072844-obbkgo-1092168
Greater Noida,uttar-pradesh,Cinepolis,"Cinepolis The Grand Venice Mall, Near Pari Chowk, Greater Noida",1410,201308,SCREEN 5,2D,2026-10-02T04:05,Available,124,112,12,2400,NORMAL:0/11@180; EXECUTIVE:0/33@190; PREMIUM:12/70@200; PREMIUM XL:0/10@230,1410-7797-obbkgo-1410
Greater Noida,uttar-pradesh,Cinepolis,"Cinepolis The Grand Venice Mall, Near Pari Chowk, Greater Noida",1410,201308,SCREEN 3,2D,2026-10-02T11:05,Available,140,84,56,14450,NORMAL:0/12@220; EXECUTIVE:0/35@240; PREMIUM:41/77@250; PREMIUM XL:15/16@280,1410-7798-obbkgo-1410
Faridabad,haryana,PVR,"INOX EF3 Mall, Mathura Road, Faridabad",1020729,121001,SCREEN 1,2D,2026-10-02T06:40,Available,226,148,78,13720,EXECUTIVE ROWS:20/24@99; CLASSIC ROWS:22/120@190; EXTRA LEGROOM ROWS:0/14@210; PICTURE PERFECT:8/24@210; PRIME ROWS:28/44@210,1020729-67144-obbkgo-1020729
Faridabad,haryana,PM Cinemas,"PM Cinemas Parsvnath Manhattan Mall, Faridabad",3803,121003,SCREEN 1,2D,2026-10-02T13:00,Available,177,177,0,0,PREMIER:0/56@150; ROYAL:0/55@150; SILVER:0/66@150,3803-124680-obbkgo-3803
Ghaziabad,uttar-pradesh,PVR,"PVR VVIP, Raj Nagar Extension, Ghaziabad",1020701,201001,AUDI 03,2D,2026-10-02T09:10,Available,166,99,67,15900,CLASSIC:7/94@210; CLASSIC PLUS:51/60@230; PRIME:9/12@300,1020701-16410-obbkgo-1020701
Ghaziabad,uttar-pradesh,NY ,Devgn CineX (Formerly NY) : Ghaziabad,1101451,201017,AUDI 4,2D,2026-10-02T07:45,Available,162,113,49,11200,CLASSIC:0/45@170; PRIME:40/102@190; RECLINER:9/15@400,1101451-8886-obbkgo-1101451
Gurgaon,haryana,Movietime,"Movietime Cinemas, Celebration Mall, Gurugram",1040589,122101,AUDI 2,2D,2026-10-02T07:00,Available,282,282,0,0,SILVER:0/161@160; GOLD:0/85@180; EXTRA LEGSPACE:0/17@200; RECLINER:0/19@300,1040589-19569-obbkgo-1040589
Gurgaon,haryana,Cinepolis,"Cinepolis The Esplanade, Gurugram",52071,122001,SCREEN 04,2D,2026-10-02T06:30,Available,148,103,45,13660,NORMAL:8/10@230; EXECUTIVE:0/30@280; PREMIUM:10/66@300; PREMIUM PLUS:18/28@320; PREMIUM XL:9/14@340,52071-10948-obbkgo-52071
Gurgaon,haryana,Cinepolis,"Cinepolis The Esplanade, Gurugram",52071,122001,SCREEN 05,2D,2026-10-02T15:15,Available,150,128,22,6250,NORMAL:3/10@210; EXECUTIVE:0/30@260; PREMIUM:7/70@280; PREMIUM PLUS:9/26@300; PREMIUM XL:3/14@320,52071-10931-obbkgo-52071
Gurgaon,haryana,Mukta A2 Cinemas,"1 Cinema Powered by Mukta A2 , Star Mall , Gurugram",1102270,122001,SCREEN 1,2D,2026-10-02T10:40,Available,204,204,0,0,GOLD:0/189@250; PREMIUM RECLINER:0/15@350,1102270-1916-obbkgo-1102270
Gurgaon,haryana,NY ,"Devgn CineX (Formerly NY) : Elan Epic, Gurugram",1029765,122001,AUDI 4,2D,2026-10-02T12:00,Available,193,155,38,17050,CLASSIC:0/57@270; PRIME:23/119@350; RECLINER:15/17@600,1029765-26509-obbkgo-1029765
Gurgaon,haryana,PVR,"INOX Gurugram Ardee Mall, Ardee City, Gurugram",1016455,122003,INSIGNIA 4,2D,2026-10-02T03:50,Available,24,19,5,3750,RECLINER:0/12@550; RECLINER PRIME:5/12@750,1016455-46304-obbkgo-1016455
Gurgaon,haryana,Cineport Cinemas,"Cineport Cinemas, Gurgaon",1013554,122012,SCREEN4,2D,2026-10-02T13:45,Available,129,118,11,1650,CLASSIC:0/34@150; PRIME:11/80@150; RECLINER:0/15@300,1013554-10591-obbkgo-1013554
Gurgaon,haryana,PVR,"INOX AIPL Joy Street, AIPL Joystreet Mall, Gurugram",1016457,122018,SCREEN 5,2D,2026-10-02T11:40,Available,128,112,16,4467,CLASSIC ROWS:3/22@99; PRIME ROWS:3/68@300; EXTRA LEGROOM ROWS:3/14@320; PICTURE PERFECT:7/24@330,1016457-54145-obbkgo-1016457
Gurgaon,haryana,Rajhans Cinemas,"Rajhans Cinemas, Ocus Medley, Sec-99, Gurugram",1102256,122505,SCREEN1,2D,2026-10-02T11:30,Available,134,110,24,5520,ROYAL:0/24@220; LOUNGER:0/10@230; EXECUTIVE:24/84@230; RECLINER:0/16@400,1102256-3327-obbkgo-1102256
Gurgaon,haryana,PVR,"PVR Elan Miracle, Sec 84, Gurugram",1056359,122004,SCREEN 1,2D,2026-10-02T06:40,Available,149,124,25,9280,CLASSIC ROWS:0/26@290; PRIME ROWS:16/94@310; PICTURE PERFECT:0/18@330; RECLINER ROWS:9/11@480,1056359-17023-obbkgo-1056359
Gurgaon,haryana,PVR,"INOX World Mark, Sector 65, Gurugram",1016459,122001,SCREEN 4,2D,2026-10-02T03:55,Available,144,123,21,3129,CLASSIC ROWS:0/26@149; CLASSIC PLUS ROWS:0/65@149; PRIME ROWS:21/29@149; EXTRA LEGROOM ROWS:0/16@169; RECLINER ROWS:0/8@299,1016459-48191-obbkgo-1016459
Gurgaon,haryana,Wave,"Wave Cinemas, Gurugram",1039102,122102,AUDI 5,2D,2026-10-02T11:45,Available,145,145,0,0,CLASSIC:0/48@250; PREMIUM:0/97@290,1039102-38592-obbkgo-1039102
Gurgaon,haryana,PVR,"PVR Elan Town Centre, Sec 67, Gurugram",1018965,122101,SCREEN 2,2D,2026-10-02T11:45,Available,154,130,24,7770,CLASSIC ROWS:0/54@240; PRIME ROWS:15/63@260; EXTRA LEGROOM ROWS:0/18@280; PICTURE PERFECT:0/8@280; RECLINER ROWS:9/11@430,1018965-22045-obbkgo-1018965
Gurgaon,haryana,Cinepolis,"Cinepolis Airia Mall, Sohna Road, Gurugram",10262,122103,AUDI 2 JUNIOR,2D,2026-10-02T07:05,Filling Fast,62,21,41,14150,NORMAL:24/30@330; LOUNGER:3/8@350; DOUBLE SOFA:14/24@370,10262-14631-obbkgo-10262
Gurgaon,haryana,Cinepolis,"Cinepolis Airia Mall, Sohna Road, Gurugram",10262,122103,AUDI 6,2D,2026-10-02T12:10,Available,135,82,53,19740,NORMAL:0/15@280; EXECUTIVE:5/48@300; PREMIUM:42/64@320; RECLINER:6/8@800,10262-14641-obbkgo-10262
Gurgaon,haryana,Cinepolis,"Cinepolis Airia Mall, Sohna Road, Gurugram",10262,122103,AUDI 2 JUNIOR,2D,2026-10-02T18:00,Available,60,52,8,2640,NORMAL:8/30@330; LOUNGER:0/8@350; DOUBLE SOFA:0/22@370,10262-14633-obbkgo-10262
Gurgaon,haryana,miraj,"Miraj Cinemas : KLJ Square, Gurugram",1075096,122004,SCREEN 2,2D,2026-10-02T06:20,Available,72,72,0,0,EXECUTIVE:0/60@250; SOFA:0/12@250,1075096-8646-obbkgo-1075096
Gurgaon,haryana,miraj,"Miraj Cinemas : KLJ Square, Gurugram",1075096,122004,SCREEN 2,2D,2026-10-02T15:05,Available,72,68,4,1000,EXECUTIVE:0/60@250; SOFA:4/12@250,1075096-8648-obbkgo-1075096
Gurgaon,haryana,PVR,"PVR City Centre, DLF City Centre Mall, Gurugram",1018939,122002,SCREEN 3,2D,2026-10-02T03:30,Available,169,121,48,12380,CLASSIC ROWS:0/40@99; PRIME ROWS:35/89@220; EXTRA LEGROOM ROWS:0/24@240; RECLINER ROWS:13/16@360,1018939-17284-obbkgo-1018939
Gurgaon,haryana,PVR,"HDFC Millennia PVR MGF, Gurugram",1019635,122002,SCREEN 6,2D,2026-10-02T06:35,Available,192,100,92,32560,CLASSIC ROWS:0/52@240; PRIME ROWS:74/113@350; PICTURE PERFECT:18/27@370,1019635-40595-obbkgo-1019635
Gurgaon,haryana,PVR,"INOX Gurugram Sapphire 83,  Sapphire Mall, Gurugram",1016458,122004,SCREEN 3,2D,2026-10-02T13:45,Available,157,147,10,1940,CLASSIC ROWS:0/45@149; EXTRA LEGROOM ROWS:0/11@149; PICTURE PERFECT:0/18@149; PRIME ROWS:7/75@149; RECLINER ROWS:3/8@299,1016458-42779-obbkgo-1016458
Gurgaon,haryana,MovieMax,"Moviemax: Sector 56, Metro World Mall, Gurugram",1102431,122011,SCREEN 3,2D,2026-10-02T09:45,Available,138,128,10,3400,PRIME:0/86@280; EXECUTIVE:7/42@280; MAX RECLINER:3/10@480,1102431-1059-obbkgo-1102431
Gurgaon,haryana,Skylit Cinema,"Skylit Cinemas, Sahara Mall, Gurugram",1039765,122002,SCREEN 1,2D,2026-10-02T03:45,Available,223,223,0,0,PLATINUM:0/64@99; PLATINUM LEGROOM:0/15@99; GOLD:0/144@99,1039765-64630-obbkgo-1039765
Gurgaon,haryana,PVR,"PVR Mega Mall, Golf Course Road, Gurugram",1019603,122002,SCREEN 3,2D,2026-10-02T06:30,Available,90,74,16,7020,CLASSIC ROWS:0/39@340; PRIME ROWS:10/33@420; PICTURE PERFECT:6/18@470,1019603-16745-obbkgo-1019603
Gurgaon,haryana,Cinepolis,"Cinepolis Grand View High Street, Gurugram",1067859,122102,SCREEN 04,2D,2026-10-02T03:45,Available,158,152,6,1920,NORMAL:0/13@260; EXECUTIVE:0/45@300; PREMIUM:6/72@320; PREMIUM XL:0/16@340; RECLINER:0/12@550,1067859-8144-obbkgo-1067859
Gurgaon,haryana,PVR,"PVR DLF Summit Plaza, Gurugram",1102505,122011,SCREEN 1,2D,2026-10-02T03:30,Available,84,67,17,4610,CLASSIC ROWS:6/48@200; PRIME ROWS:0/12@230; PICTURE PERFECT:11/24@310,1102505-267-obbkgo-1102505
Gurgaon,haryana,PVR,"INOX Iris Broadways, Sector 85, Gurugram",1019227,122004,SCREEN 2,2D,2026-10-02T10:25,Available,171,123,48,6152,CLASSIC ROWS:20/30@99; PRIME PLUS ROWS:21/48@149; PICTURE PERFECT:0/18@149; PRIME ROWS:7/75@149,1019227-15506-obbkgo-1019227
Gurgaon,haryana,MovieMax,"MovieMax Ansal Plaza, Gurugram",1016377,122017,SCREEN3,2D,2026-10-02T09:45,Available,183,167,16,4760,EXECUTIVE:0/64@270; PREMIUM:13/103@290; CLUB:3/16@330,1016377-19445-obbkgo-1016377
Gurgaon,haryana,PVR,"PVR Elan Mercado, Sector 80, Gurugram",1016452,122052,SCREEN 4,2D,2026-10-02T13:25,Available,116,100,16,3624,CLASSIC ROWS:0/52@149; PRIME ROWS:6/26@149; EXTRA LEGROOM ROWS:2/16@169; PICTURE PERFECT:0/12@169; RECLINER ROWS:8/10@299,1016452-28360-obbkgo-1016452
Gurgaon,haryana,PVR,"INOX Sapphire 90 Mall, Sector 90, Gurugram",1016456,122505,SCREEN 3,2D,2026-10-02T11:45,Available,132,109,23,4327,CLASSIC ROWS:0/56@149; EXECUTIVE ROWS:0/22@149; PICTURE PERFECT:0/18@149; PRIME ROWS:17/30@149; RECLINER ROWS:6/6@299,1016456-39989-obbkgo-1016456
Gurgaon,haryana,PVR,"Pepsi PVR Ambience, Ambience Mall, Gurugram",1022302,122001,AUDI 15,2D,2026-10-02T09:40,Filling Fast,58,11,47,24870,CLASSIC:26/36@480; PRIME:21/22@590,1022302-56307-obbkgo-1022302
Gurgaon,haryana,PVR,"Pepsi PVR Ambience, Ambience Mall, Gurugram",1022302,122001,AUDI 15,2D,2026-10-02T17:15,Available,51,51,0,0,CLASSIC:0/30@400; PRIME:0/21@510,1022302-56310-obbkgo-1022302
New Delhi,delhi,PVR,"PVR Pacific D21, Dwarka, New Delhi",1022287,110077,AUDI 04,2D,2026-10-02T03:35,Filling Fast,81,31,50,9950,CLASSIC ROWS:12/42@199; PRIME ROWS:38/39@199,1022287-30573-obbkgo-1022287
New Delhi,delhi,PVR,"PVR Pacific D21, Dwarka, New Delhi",1022287,110077,AUDI 04,2D,2026-10-02T09:10,Filling Fast,81,32,49,18450,CLASSIC ROWS:11/42@330; PRIME ROWS:38/39@390,1022287-30575-obbkgo-1022287
New Delhi,delhi,PVR,"PVR Pacific D21, Dwarka, New Delhi",1022287,110077,AUDI 04,2D,2026-10-02T15:00,Available,67,58,9,3780,CLASSIC ROWS:0/42@370; PRIME ROWS:9/25@420,1022287-30577-obbkgo-1022287
New Delhi,delhi,Cinepolis,"Cinepolis Unity City Centre, Dwarka",1102253,110078,SCREEN 03,2D,2026-10-02T04:20,Available,129,92,37,10940,NORMAL:4/11@150; EXECUTIVE:0/22@200; PREMIUM:22/77@220; RECLINER:11/19@500,1102253-6123-obbkgo-1102253
New Delhi,delhi,Cinepolis,"Cinepolis Unity City Centre, Dwarka",1102253,110078,SCREEN 03,2D,2026-10-02T10:25,Filling Fast,129,13,116,38480,NORMAL:10/11@250; EXECUTIVE:16/22@280; PREMIUM:72/77@300; RECLINER:18/19@550,1102253-6125-obbkgo-1102253
New Delhi,delhi,PVR,"PVR Vegas, Dwarka, New Delhi",1022286,110078,AUDI 02,2D,2026-10-02T03:30,Available,65,28,37,13200,CLASSIC ROWS:11/36@300; PRIME ROWS:18/21@350; RECLINER ROWS:8/8@450,1022286-63058-obbkgo-1022286
New Delhi,delhi,PVR,"PVR Vegas, Dwarka, New Delhi",1022286,110078,AUDI 02,2D,2026-10-02T06:15,Almost Full,65,6,59,20830,CLASSIC ROWS:31/36@330; PRIME ROWS:20/21@350; RECLINER ROWS:8/8@450,1022286-63059-obbkgo-1022286
New Delhi,delhi,PVR,"PVR Vegas, Dwarka, New Delhi",1022286,110078,AUDI 02,2D,2026-10-02T09:15,Almost Full,65,6,59,23000,CLASSIC ROWS:32/36@350; PRIME ROWS:20/21@380; RECLINER ROWS:7/8@600,1022286-63060-obbkgo-1022286
New Delhi,delhi,PVR,"PVR Vegas, Dwarka, New Delhi",1022286,110078,AUDI 02,2D,2026-10-02T14:35,Available,65,36,29,12780,CLASSIC ROWS:6/36@340; PRIME ROWS:18/21@430; RECLINER ROWS:5/8@600,1022286-63062-obbkgo-1022286
New Delhi,delhi,PVR,"PVR Vegas, Dwarka, New Delhi",1022286,110078,AUDI 02,2D,2026-10-02T17:35,Available,58,56,2,1080,CLASSIC ROWS:0/36@340; PRIME ROWS:0/14@370; RECLINER ROWS:2/8@540,1022286-63063-obbkgo-1022286
Faridabad,haryana,PVR,"PVR Pacific Mall (The Mall of Faridabad NIT), NIT Bus Stand, Faridabad",1023790,121001,AUDI 6,2D,2026-10-02T13:05,Available,123,56,67,24730,CLASSIC ROWS:0/22@270; PRIME ROWS:41/64@310; EXTRA LEGROOM ROWS:13/14@350; PICTURE PERFECT:6/12@370; RECLINER ROWS:7/11@750,1023790-30126-obbkgo-1023790
Faridabad,haryana,Cinepolis,"Cinepolis Pacific, Faridabad",1101471,121001,SCREEN 01,2D,2026-10-02T13:45,Available,182,165,17,4910,NORMAL:0/12@150; EXECUTIVE:0/42@190; PREMIUM:13/104@250; PREMIUM XL:2/14@290; RECLINER:2/10@540,1101471-8070-obbkgo-1101471
Faridabad,haryana,miraj,"Miraj Cinemas : Eldeco Mall, Faridabad",42640,121007,SCREEN 1,2D,2026-10-02T09:05,Available,177,108,69,15180,SPECIAL:0/30@200; EXECUTIVE:69/147@220,42640-24540-obbkgo-42640
Faridabad,haryana,PVR,"PVR Pebble Downtown, Sector 12, Faridabad",1020741,121007,AUDI 03,2D,2026-10-02T05:05,Available,205,147,58,15170,CLASSIC ROWS:2/32@220; PRIME ROWS:38/128@240; EXTRA LEGROOM ROWS:10/16@300; PICTURE PERFECT:7/16@300; RECLINER ROWS:1/13@510,1020741-22082-obbkgo-1020741
Faridabad,haryana,PVR,"PVR Pebble Downtown, Sector 12, Faridabad",1020741,121007,AUDI 04,2D,2026-10-02T11:45,Filling Fast,180,71,109,35730,CLASSIC ROWS:0/32@270; PRIME ROWS:71/106@310; EXTRA LEGROOM ROWS:17/18@350; PICTURE PERFECT:21/24@370,1020741-22061-obbkgo-1020741
Kalyan,maharashtra,MovieMax,"MovieMax, SM5 Kalyan, Newly Renovated",59132,421301,SCREEN 2,2D,2026-10-02T10:15,Available,199,197,2,480,GOLD:0/88@230; PLATINUM:2/111@240,59132-44057-obbkgo-59132
Ulhasnagar,maharashtra,miraj,"Miraj Cinemas : Ashok Anil Multiplex, Ulhasnagar",4818,421003,SCREEN 3,2D,2026-10-02T08:00,Available,125,86,39,6630,GOLD:39/125@170,4818-53472-obbkgo-4818
Ambernath,maharashtra,miraj,"Miraj Cinemas: Star, Ambernath (Newly Renovated)",7322,421505,SCREEN 3,2D,2026-10-02T03:30,Available,70,67,3,540,PLATINUM:3/70@180,7322-48290-obbkgo-7322
Navi Mumbai,maharashtra,miraj,"Miraj Cinemas : Cineraj, Panvel (Newly Renovated)",59118,410207,SCREEN2,2D,2026-10-02T08:25,Available,61,58,3,510,FAMILY:3/61@170,59118-29080-obbkgo-59118
Mumbai,maharashtra,PVR,"PVR Orion Mall, Panvel, Mumbai",1018529,410206,SCREEN 4,2D,2026-10-02T12:30,Available,177,86,91,25660,CLASSIC ROWS:0/28@220; PRIME ROWS:73/115@280; PRIME PLUS ROWS:18/34@290,1018529-28901-obbkgo-1018529
Jamshedpur,jharkhand,Cinepolis,"PJP Cinepolis City Centre Mall, Mauja, Jamshedpur",26785,831001,SCREEN 4,2D,2026-10-02T03:55,Available,120,108,12,2880,NORMAL:0/26@200; EXECUTIVE:0/26@220; PREMIUM:12/68@240,26785-96715-obbkgo-26785
Jamshedpur,jharkhand,Cinepolis,"PJP Cinepolis City Centre Mall, Mauja, Jamshedpur",26785,831001,SCREEN 4,2D,2026-10-02T12:00,Available,120,71,49,13090,NORMAL:0/26@230; EXECUTIVE:7/26@250; PREMIUM:42/68@270,26785-96714-obbkgo-26785
Jamshedpur,jharkhand,miraj,"Miraj Cinemas : Chandra Pacific Mall, Golmuri",1037447,831003,SCREEN3,2D,2026-10-02T09:30,Available,172,135,37,8230,SILVER:0/22@190; GOLD:14/66@210; PLATINUM:23/76@230; RECLINER:0/8@400,1037447-11593-obbkgo-1037447
