city,state,chain,cinema,cinemaId,pincode,audi,format,showTime,seatStatus,seatsTotal,seatsAvail,sold,grossRs,classes,sessionId
Mumbai,maharashtra,PVR,"PVR C&B Square Chakala  (Formerly Sangam Cinema), Andheri East, Mumbai",1023314,400059,SCREEN 2,2D,2026-10-03T09:50,Available,201,201,0,0,CLASSIC ROWS:0/27@199; PRIME ROWS:0/132@199; PRIME PLUS ROWS:0/32@219; RECLIINER ROWS:0/10@480,1023314-21299-ob5bpq-1023314
Mumbai,maharashtra,Movietime,"MovieTime Hub Mall, Goregaon (E), Mumbai",1040385,400063,SCREEN6,2D,2026-10-03T04:30,Available,196,175,21,4200,GOLD:21/196@200,1040385-276586-ob5bpq-1040385
Mumbai,maharashtra,Movietime,"MovieTime Hub Mall, Goregaon (E), Mumbai",1040385,400063,SCREEN4,2D,2026-10-03T09:00,Available,196,173,23,6440,GOLD:23/196@280,1040385-276564-ob5bpq-1040385
Mumbai,maharashtra,Movietime,"MovieTime Hub Mall, Goregaon (E), Mumbai",1040385,400063,SCREEN4,2D,2026-10-03T14:30,Available,196,173,23,6900,GOLD:23/196@300,1040385-276566-ob5bpq-1040385
Mumbai,maharashtra,Movietime,"MovieTime Hub Mall, Goregaon (E), Mumbai",1040385,400063,SCREEN4,2D,2026-10-03T17:15,Available,196,168,28,8400,GOLD:28/196@300,1040385-276567-ob5bpq-1040385
Mumbai,maharashtra,Maxus,"Maxus Cinemas, Saki Naka",1067732,400072,SCREEN 4,2D,2026-10-03T05:45,Available,100,100,0,0,SOFA:0/100@199,1067732-185868-ob5bpq-1067732
Mumbai,maharashtra,Maxus,"Maxus Cinemas, Saki Naka",1067732,400072,SCREEN 4,2D,2026-10-03T11:45,Available,37,37,0,0,SOFA:0/37@299,1067732-185874-ob5bpq-1067732
Mumbai,maharashtra,Maxus,"Maxus Cinemas, Saki Naka",1067732,400072,SCREEN 4,2D,2026-10-03T17:45,Available,100,100,0,0,SOFA:0/100@349,1067732-185880-ob5bpq-1067732
Mumbai,maharashtra,Cinepolis,"Cinepolis Fun Republic Mall, Andheri (W), Mumbai",146,400053,AUDI 04,2D,2026-10-03T08:45,Available,195,189,6,2040,NORMAL:0/32@300; EXECUTIVE:0/95@320; PREMIUM:6/44@340; PLATINUM:0/24@520,146-6990-ob5bpq-146
Mumbai,maharashtra,PVR,"PVR Market City, Kurla(W), Mumbai",1022270,400072,AUDI 01,2D,2026-10-03T08:50,Available,55,55,0,0,EXECUTIVE ROWS:0/23@510; ROYAL ROWS:0/32@560,1022270-43457-ob5bpq-1022270
Mumbai,maharashtra,PVR,"PVR Market City, Kurla(W), Mumbai",1022270,400072,AUDI 01,2D,2026-10-03T14:30,Available,55,55,0,0,EXECUTIVE ROWS:0/23@670; ROYAL ROWS:0/32@720,1022270-43459-ob5bpq-1022270
Mumbai,maharashtra,PVR,"PVR Citi Mall, Andheri (West), Mumbai",1013602,400053,SCREEN 3,2D,2026-10-03T12:20,Available,195,193,2,740,CLASSIC ROWS:0/27@330; PRIME ROWS:0/85@350; PRIME PLUS ROWS:2/49@370; EXTRA LEGROOM ROWS:0/10@380; RECLINER ROWS:0/24@650,1013602-32162-ob5bpq-1013602
Mumbai,maharashtra,MovieMax,MovieMax: Huma Kanjurmarg (Seats Renovated ),45099,400078,SCREEN 3,2D,2026-10-03T06:30,Available,294,288,6,1080,SILVER:0/95@170; GOLD:6/95@180; PLATINUM:0/104@190,45099-44009-ob5bpq-45099
Mumbai,maharashtra,MovieMax,MovieMax: Huma Kanjurmarg (Seats Renovated ),45099,400078,SCREEN 3,2D,2026-10-03T12:30,Available,294,294,0,0,SILVER:0/95@210; GOLD:0/95@220; PLATINUM:0/104@230,45099-44011-ob5bpq-45099
Mumbai,maharashtra,PVR,"INOX R City, Ghatkopar (W), Mumbai",1013613,400086,SCREEN 6,2D,2026-10-03T06:20,Available,153,139,14,3500,CLASSIC ROWS:0/22@140; PRIME ROWS:8/77@160; PRIME PLUS ROWS:0/40@180; RECLINER ROWS:6/14@370,1013613-175351-ob5bpq-1013613
Mumbai,maharashtra,PVR,"INOX R City, Ghatkopar (W), Mumbai",1013613,400086,INSIGNIA 9,2D,2026-10-03T10:00,Available,37,37,0,0,EXECUTIVE ROWS:0/19@640; ROYAL ROWS:0/18@690,1013613-175376-ob5bpq-1013613
Mumbai,maharashtra,PVR,"INOX R City, Ghatkopar (W), Mumbai",1013613,400086,SCREEN 7,2D,2026-10-03T15:05,Available,148,146,2,720,CLASSIC ROWS:0/24@320; PRIME ROWS:0/75@340; PRIME PLUS ROWS:2/37@360; RECLINER ROWS:0/12@660,1013613-175366-ob5bpq-1013613
Mumbai,maharashtra,PVR,"INOX R City, Ghatkopar (W), Mumbai",1013613,400086,SCREEN 7,2D,2026-10-03T18:00,Available,148,146,2,1320,CLASSIC ROWS:0/24@320; PRIME ROWS:0/75@340; PRIME PLUS ROWS:0/37@360; RECLINER ROWS:2/12@660,1013613-175367-ob5bpq-1013613
Mumbai,maharashtra,PVR,"PVR ICON Infiniti, Andheri (W), Mumbai",1022250,400053,SCREEN 1,2D,2026-10-03T09:25,Available,221,221,0,0,CLASSIC ROWS:0/30@280; PRIME ROWS:0/150@300; PRIME PLUS ROWS:0/22@320; EXTRA LEGROOM ROWS:0/11@350; RECLINER ROWS:0/8@590,1022250-34017-ob5bpq-1022250
Mumbai,maharashtra,PVR,"PVR ICON Infiniti, Andheri (W), Mumbai",1022250,400053,SCREEN 1,2D,2026-10-03T15:30,Available,221,221,0,0,CLASSIC ROWS:0/30@380; PRIME ROWS:0/150@400; PRIME PLUS ROWS:0/22@420; EXTRA LEGROOM ROWS:0/11@450; RECLINER ROWS:0/8@700,1022250-34019-ob5bpq-1022250
Mumbai,maharashtra,PVR,"HDFC Millennia PVR ICON Oberoi Mall, Goregaon (E)",1018530,400063,SCREEN 5,2D,2026-10-03T07:10,Available,210,206,4,1120,CLASSIC ROWS:0/31@250; PRIME ROWS:2/113@270; PRIME PLUS ROWS:2/36@290; RECLINER ROWS:0/30@550,1018530-35156-ob5bpq-1018530
Mumbai,maharashtra,PVR,"HDFC Millennia PVR ICON Oberoi Mall, Goregaon (E)",1018530,400063,SCREEN 5,2D,2026-10-03T12:50,Available,210,210,0,0,CLASSIC ROWS:0/31@340; PRIME ROWS:0/113@360; PRIME PLUS ROWS:0/36@380; RECLINER ROWS:0/30@720,1018530-35158-ob5bpq-1018530
Mumbai,maharashtra,Rajhans Cinemas,"Rajhans Cinemas Helix 3, Ghatkopar (W), Mumbai",1002515,400086,SCREEN1,2D,2026-10-03T10:30,Available,159,152,7,1400,EXECUTIVE SOFA:0/42@170; PREMIUM SOFA:7/117@200,1002515-15100-ob5bpq-1002515
Mumbai,maharashtra,PVR,"PVR Dynamix, Juhu, Mumbai",1018522,400049,SCREEN 5,2D,2026-10-03T06:30,Available,99,99,0,0,CLASSIC ROWS:0/10@280; PRIME ROWS:0/63@300; PRIME PLUS ROWS:0/26@320,1018522-30750-ob5bpq-1018522
Mumbai,maharashtra,PVR,"PVR Dynamix, Juhu, Mumbai",1018522,400049,SCREEN 5,2D,2026-10-03T12:20,Available,99,95,4,1460,CLASSIC ROWS:1/10@350; PRIME ROWS:3/63@370; PRIME PLUS ROWS:0/26@390,1018522-30752-ob5bpq-1018522
Mumbai,maharashtra,Cinepolis,"Cinepolis Magnet Mall, Bhandup (W), Mumbai",318,400078,AUDI 1,2D,2026-10-03T07:50,Available,140,134,6,1320,NORMAL:0/14@190; EXECUTIVE:0/47@210; PREMIUM PLUS:6/56@220; RECLINER:0/23@440,318-9274-ob5bpq-318
Mumbai,maharashtra,PVR,"PVR Odeon, Ghatkopar East, Mumbai",1013617,400077,SCREEN 2,2D,2026-10-03T08:45,Available,175,175,0,0,CLASSIC ROWS:0/27@190; PRIME ROWS:0/87@190; PRIME PLUS ROWS:0/39@210; EXTRA LEGROOM ROWS:0/13@210; RECLINER ROWS:0/9@330,1013617-24568-ob5bpq-1013617
Mumbai,maharashtra,PVR,"INOX Megaplex, Inorbit Mall Malad, Mumbai",1013607,400064,INSIGNIA 9,2D,2026-10-03T03:50,Available,34,34,0,0,EXECUTIVE ROWS:0/24@390; ROYAL ROWS:0/10@460,1013607-234717-ob5bpq-1013607
Mumbai,maharashtra,PVR,"INOX Megaplex, Inorbit Mall Malad, Mumbai",1013607,400064,INSIGNIA 10,2D,2026-10-03T06:40,Available,42,42,0,0,EXECUTIVE ROWS:0/32@500; ROYAL ROWS:0/10@590,1013607-234760-ob5bpq-1013607
Mumbai,maharashtra,PVR,"INOX Megaplex, Inorbit Mall Malad, Mumbai",1013607,400064,INSIGNIA 9,2D,2026-10-03T12:05,Available,34,31,3,2340,EXECUTIVE ROWS:0/24@710; ROYAL ROWS:3/10@780,1013607-234720-ob5bpq-1013607
Mumbai,maharashtra,PVR,"INOX Megaplex, Inorbit Mall Malad, Mumbai",1013607,400064,INSIGNIA 9,2D,2026-10-03T17:55,Available,34,34,0,0,EXECUTIVE ROWS:0/24@870; ROYAL ROWS:0/10@940,1013607-234722-ob5bpq-1013607
Mumbai,maharashtra,Bharath INC	,"Bharat Cineplex, Kurla (W), Mumbai",1012094,400070,SCREEN 1,2D,2026-10-03T08:00,Available,200,200,0,0,PREMIUM:0/100@150; SOFA:0/100@200,1012094-46043-ob5bpq-1012094
Mumbai,maharashtra,PVR,"PVR Lido, Santacruz (W), Mumbai",1028887,400049,SCREEN 2,2D,2026-10-03T09:35,Available,56,56,0,0,PRIME:0/36@370; PRIME PLUS:0/20@390,1028887-16202-ob5bpq-1028887
Mumbai,maharashtra,PVR,"PVR Infiniti Malad, Malad (W), Mumbai",1018523,400065,SCREEN 5,2D,2026-10-03T09:45,Available,71,69,2,660,CLASSIC ROWS:0/26@310; PRIME ROWS:2/45@330,1018523-28821-ob5bpq-1018523
Mumbai,maharashtra,PVR,"PVR Infiniti Malad, Malad (W), Mumbai",1018523,400065,SCREEN 4,2D,2026-10-03T15:25,Available,145,143,2,760,CLASSIC ROWS:0/12@310; PRIME ROWS:0/69@330; PRIME PLUS ROWS:0/45@350; EXTRA LEGROOM ROWS:2/12@380; RECLINER ROWS:0/7@650,1018523-28817-ob5bpq-1018523
Mumbai,maharashtra,Movietime,"MovieTime Malad (W), Mumbai",1040387,400064,SCREEN 2,2D,2026-10-03T11:45,Available,70,64,6,1080,DRESS CIRCLE:6/70@180,1040387-61347-ob5bpq-1040387
Mumbai,maharashtra,PVR,"Maison PVR Jio World Drive, BKC, Mumbai",1022288,400051,AUDI 01,2D,2026-10-03T04:00,Available,18,18,0,0,RECLINER:0/12@500; RECLINER PRIME:0/6@550,1022288-31434-ob5bpq-1022288
Mumbai,maharashtra,PVR,"Maison PVR Jio World Drive, BKC, Mumbai",1022288,400051,AUDI 01,2D,2026-10-03T14:45,Available,18,18,0,0,RECLINER:0/12@1200; RECLINER PRIME:0/6@1250,1022288-31438-ob5bpq-1022288
Mumbai,maharashtra,Cinepolis,"Fun Cinema K Star Mall, Chembur (E), Mumbai",145,400071,AUDI 05,2D,2026-10-03T07:55,Available,269,259,10,2500,NORMAL:0/17@210; EXECUTIVE:0/95@230; PREMIUM:10/141@250; PREMIUM XL:0/16@270,145-8371-ob5bpq-145
Mumbai,maharashtra,Cinepolis,"Fun Cinema K Star Mall, Chembur (E), Mumbai",145,400071,AUDI 05,2D,2026-10-03T14:10,Available,269,259,10,3000,NORMAL:0/17@260; EXECUTIVE:0/95@280; PREMIUM:10/141@300; PREMIUM XL:0/16@320,145-8373-ob5bpq-145
Mumbai,maharashtra,Gold,"Gold Cinema: Malad, Savera Heights, Mumbai",4183,400095,AUDI 2,2D,2026-10-03T13:00,Available,258,258,0,0,GOLD:0/150@200; SILVER:0/93@200; BOX:0/15@250,4183-51446-ob5bpq-4183
Mumbai,maharashtra,Movietime,"MovieTime Chembur, Mumbai",1040113,400074,SCREEN 6,2D,2026-10-03T03:30,Available,202,185,17,3400,SILVER:17/185@200; SILVER 1:0/17@200,1040113-126491-ob5bpq-1040113
Mumbai,maharashtra,Movietime,"MovieTime Chembur, Mumbai",1040113,400074,SCREEN 6,2D,2026-10-03T09:00,Available,202,183,19,4750,SILVER:17/185@250; SILVER 1:2/17@250,1040113-126493-ob5bpq-1040113
Mumbai,maharashtra,Movietime,"MovieTime Chembur, Mumbai",1040113,400074,SCREEN 6,2D,2026-10-03T14:45,Available,202,185,17,5100,SILVER:17/185@300; SILVER 1:0/17@300,1040113-126495-ob5bpq-1040113
Mumbai,maharashtra,Movietime,"MovieTime Chembur, Mumbai",1040113,400074,SCREEN 6,2D,2026-10-03T17:30,Available,202,185,17,5100,SILVER:17/185@300; SILVER 1:0/17@300,1040113-126496-ob5bpq-1040113
Mumbai,maharashtra,MovieMax,"MovieMax Sion, Mumbai",27028,400022,SCREEN3,2D,2026-10-03T15:40,Available,144,144,0,0,PRIME:0/93@270; CLASSIC:0/45@270; PRIME PLUS:0/6@320,27028-37610-ob5bpq-27028
Mumbai,maharashtra,PVR,"INOX Raghuleela Mega Mall, Kandivali (W), Mumbai",1013610,400067,SCREEN 4,2D,2026-10-03T06:40,Available,198,198,0,0,CLASSIC ROWS:0/26@230; PRIME ROWS:0/115@250; PRIME PLUS ROWS:0/57@270,1013610-102622-ob5bpq-1013610
Mumbai,maharashtra,PVR,"INOX Raghuleela Mega Mall, Kandivali (W), Mumbai",1013610,400067,SCREEN 4,2D,2026-10-03T18:25,Available,198,198,0,0,CLASSIC ROWS:0/26@280; PRIME ROWS:0/115@300; PRIME PLUS ROWS:0/57@320,1013610-102612-ob5bpq-1013610
Mumbai,maharashtra,miraj,"Miraj Cinemas : R Mall, Mulund",1013961,400080,SCREEN 4,2D,2026-10-03T06:00,Available,240,240,0,0,GOLD:0/190@200; SILVER:0/37@200; PLATINUM RECLINER:0/13@400,1013961-26838-ob5bpq-1013961
Mumbai,maharashtra,miraj,"Miraj Cinemas : R Mall, Mulund",1013961,400080,SCREEN 4,2D,2026-10-03T13:30,Available,240,237,3,1500,GOLD:0/190@240; SILVER:0/37@240; PLATINUM RECLINER:3/13@500,1013961-26841-ob5bpq-1013961
Mumbai,maharashtra,PVR,"INOX Megaplex, Oberoi Sky City Mall, Mumbai",1089402,400066,SCREEN 3,2D,2026-10-03T03:30,Available,127,127,0,0,CLASSIC:0/20@200; PRIME:0/45@220; LOUNGER:0/3@240; PRIME PLUS:0/35@240; PICTURE PERFECT:0/24@300,1089402-23027-ob5bpq-1089402
Mumbai,maharashtra,PVR,"INOX Megaplex, Oberoi Sky City Mall, Mumbai",1089402,400066,SCREEN 3,2D,2026-10-03T09:20,Available,127,127,0,0,CLASSIC:0/20@300; PRIME:0/45@320; LOUNGER:0/3@340; PRIME PLUS:0/35@340; PICTURE PERFECT:0/24@430,1089402-23029-ob5bpq-1089402
Mumbai,maharashtra,PVR,"INOX Megaplex, Oberoi Sky City Mall, Mumbai",1089402,400066,SCREEN 3,2D,2026-10-03T15:10,Available,127,127,0,0,CLASSIC:0/20@350; PRIME:0/45@370; LOUNGER:0/3@390; PRIME PLUS:0/35@390; PICTURE PERFECT:0/24@490,1089402-23031-ob5bpq-1089402
Mumbai,maharashtra,PVR,"INOX Megaplex, Oberoi Sky City Mall, Mumbai",1089402,400066,SCREEN 4,2D,2026-10-03T18:10,Available,128,126,2,780,CLASSIC:0/18@350; PRIME:0/41@370; LOUNGER:0/6@390; PRIME PLUS:2/35@390; PICTURE PERFECT:0/28@490,1089402-23067-ob5bpq-1089402
Mumbai,maharashtra,miraj,"Miraj Cinemas : IMAX, Wadala",1038682,400037,SCREEN 2,2D,2026-10-03T09:30,Available,242,237,5,1400,EXECUTIVE:0/60@260; PLATINUM:5/147@280; LOUNGER:0/16@300; RECLINER:0/19@600,1038682-19937-ob5bpq-1038682
Mumbai,maharashtra,miraj,"Miraj Cinemas : IMAX, Wadala",1038682,400037,SCREEN 2,2D,2026-10-03T18:05,Available,242,242,0,0,EXECUTIVE:0/60@170; PLATINUM:0/147@190; LOUNGER:0/16@200; RECLINER:0/19@250,1038682-19940-ob5bpq-1038682
Thane,maharashtra,MovieMax,"MovieMax: Eternity Mall, Thane (Newly Renovated)",59128,400604,SCREEN 4,2D,2026-10-03T07:30,Available,238,238,0,0,CLASSIC:0/38@170; PRIME:0/168@180; RECLINER:0/32@350,59128-41629-ob5bpq-59128
Thane,maharashtra,MovieMax,"MovieMax: Eternity Mall, Thane (Newly Renovated)",59128,400604,SCREEN 4,2D,2026-10-03T13:30,Available,238,238,0,0,CLASSIC:0/38@180; PRIME:0/168@200; RECLINER:0/32@410,59128-41631-ob5bpq-59128
Thane,maharashtra,PVR,"INOX Korum Mall, Mangal Pandey Road, Thane (W)",1018545,400606,SCREEN 4,2D,2026-10-03T03:35,Available,224,218,6,1194,CLASSIC ROWS:0/50@99; PRIME PLUS ROWS:0/80@99; PRIME ROWS:0/75@99; RECLINER ROWS:6/19@199,1018545-101831-ob5bpq-1018545
Thane,maharashtra,PVR,"INOX Korum Mall, Mangal Pandey Road, Thane (W)",1018545,400606,SCREEN 4,2D,2026-10-03T08:45,Available,224,217,7,1800,CLASSIC ROWS:0/50@230; PRIME ROWS:2/75@250; PRIME PLUS ROWS:5/80@260; RECLINER ROWS:0/19@420,1018545-101833-ob5bpq-1018545
Mumbai,maharashtra,Maxus,"Maxus Cinemas, Borivali (W)",1067731,400092,SCREEN 3,2D,2026-10-03T02:45,Available,68,68,0,0,COUPLE:0/26@349; RECLINER:0/42@349,1067731-132605-ob5bpq-1067731
Mumbai,maharashtra,Maxus,"Maxus Cinemas, Borivali (W)",1067731,400092,SCREEN 3,2D,2026-10-03T17:45,Available,200,200,0,0,COUPLE:0/100@549; RECLINER:0/100@549,1067731-132590-ob5bpq-1067731
Thane,maharashtra,Cinepolis,"Cinepolis Lake Shore, Thane (EX Cinepolis Viviana Mall, Thane)",114,400606,AUDI 09,2D,2026-10-03T03:30,Available,177,164,13,1430,NORMAL:0/13@110; EXECUTIVE:0/42@110; PREMIUM:0/62@110; PREMIUM XL:0/14@110; PREMIUM PLUS:13/46@110,114-16032-ob5bpq-114
Thane,maharashtra,Cinepolis,"Cinepolis Lake Shore, Thane (EX Cinepolis Viviana Mall, Thane)",114,400606,AUDI 09,2D,2026-10-03T06:15,Available,177,165,12,3480,NORMAL:0/13@210; EXECUTIVE:0/42@250; PREMIUM:0/62@270; PREMIUM PLUS:12/46@290; PREMIUM XL:0/14@310,114-16033-ob5bpq-114
Thane,maharashtra,Cinepolis,"Cinepolis Lake Shore, Thane (EX Cinepolis Viviana Mall, Thane)",114,400606,AUDI 09,2D,2026-10-03T12:15,Available,177,163,14,4980,NORMAL:0/13@270; EXECUTIVE:0/42@310; PREMIUM:0/62@330; PREMIUM PLUS:10/46@350; PREMIUM XL:4/14@370,114-16035-ob5bpq-114
Thane,maharashtra,Cinepolis,"Cinepolis VIP Lake Shore, Thane (EX Cinepolis Viviana Mall, Thane)",123,400606,AUDI 04,2D,2026-10-03T17:05,Available,76,66,10,7500,VIP EXECUTIVE:0/18@650; VIP PREMIUM:10/58@750,123-5822-ob5bpq-123
Navi Mumbai,maharashtra,Cinepolis,"Cinepolis Aurum, Navi Mumbai",1042335,400701,AUDI 01,2D,2026-10-03T12:45,Available,254,246,8,2160,NORMAL:0/14@210; EXECUTIVE:0/48@230; PREMIUM:0/80@250; PREMIUM PLUS:8/100@270; RECLINER:0/12@540,1042335-6773-ob5bpq-1042335
Navi Mumbai,maharashtra,PVR,"INOX Palm Beach Galleria Mall, Vashi, Navi Mumbai",1029922,400703,INSIGNIA 4,2D,2026-10-03T07:10,Available,36,36,0,0,ROYAL RECLINER ROWS:0/36@410,1029922-60963-ob5bpq-1029922
Thane,maharashtra,MovieMax,"MovieMax Wonder, Thane, Mumbai",59129,400601,SCREEN2,2D,2026-10-03T10:30,Available,252,252,0,0,PRIME:0/154@200; PRIME PLUS:0/32@200; CLASSIC:0/66@200,59129-40864-ob5bpq-59129
Thane,maharashtra,MovieMax,"MovieMax Wonder, Thane, Mumbai",59129,400601,SCREEN2,2D,2026-10-03T16:30,Available,252,252,0,0,CLASSIC:0/66@200; PRIME:0/154@220; PRIME PLUS:0/32@250,59129-40866-ob5bpq-59129
Mumbai,maharashtra,Cinepolis,"Cinepolis High Street Mall, Thane (formerly Cinema Star High Street), Mumbai",1027253,400601,AUDI 02,2D,2026-10-03T13:00,Available,221,211,10,2300,NORMAL:10/221@230,1027253-7916-ob5bpq-1027253
Mumbai,maharashtra,Cinepolis,"Cinepolis High Street Mall, Thane (formerly Cinema Star High Street), Mumbai",1027253,400601,AUDI 05,2D,2026-10-03T17:10,Available,223,213,10,2300,NORMAL:10/223@230,1027253-7902-ob5bpq-1027253
New Delhi,delhi,PVR,"PVR ECX, Chanakyapuri, New Delhi",1022277,110021,AUDI 02,2D,2026-10-03T06:55,Available,271,178,93,41210,CLASSIC ROWS:64/95@420; PRIME ROWS:15/135@470; PRIME PLUS ROWS:14/41@520,1022277-15813-ob5bpq-1022277
New Delhi,delhi,PVR,"INOX Patel Nagar, New Delhi",1018960,110008,SCREEN 1,2D,2026-10-03T07:50,Available,216,216,0,0,EXECUTIVE:0/105@290; CLUB:0/81@320; ROYAL:0/30@330,1018960-93475-ob5bpq-1018960
New Delhi,delhi,PVR,"INOX Patel Nagar, New Delhi",1018960,110008,SCREEN 1,2D,2026-10-03T13:50,Available,216,216,0,0,EXECUTIVE:0/105@310; CLUB:0/81@340; ROYAL:0/30@350,1018960-93477-ob5bpq-1018960
New Delhi,delhi,Cinepolis,"Cinepolis V3S Mall, Laxmi Nagar, New Delhi",1335,110092,SCREEN 4,2D,2026-10-03T06:45,Available,162,142,20,5880,NORMAL:0/12@200; EXECUTIVE:6/56@280; PREMIUM:14/83@300; EXECUTIVE XL:0/11@320,1335-7047-ob5bpq-1335
New Delhi,delhi,Cinepolis,"Cinepolis V3S Mall, Laxmi Nagar, New Delhi",1335,110092,SCREEN 4,2D,2026-10-03T14:55,Available,162,149,13,3900,NORMAL:0/12@200; EXECUTIVE:0/56@280; PREMIUM:13/83@300; EXECUTIVE XL:0/11@320,1335-7049-ob5bpq-1335
New Delhi,delhi,Cinepolis,"Cinepolis V3S East Center (New), Beside Nirman Vihar Metro Station, Laxmi Nagar",1011683,110092,AUDI8,2D,2026-10-03T04:05,Available,136,128,8,2720,NORMAL:0/10@300; EXECUTIVE:0/48@320; PREMIUM:8/54@340; PREMIUM XL:0/14@360; RECLINER:0/10@720,1011683-6955-ob5bpq-1011683
New Delhi,delhi,Cinepolis,"Cinepolis V3S East Center (New), Beside Nirman Vihar Metro Station, Laxmi Nagar",1011683,110092,AUDI8,2D,2026-10-03T09:05,Available,136,118,18,6840,NORMAL:0/10@340; EXECUTIVE:0/48@360; PREMIUM:18/54@380; PREMIUM XL:0/14@400; RECLINER:0/10@800,1011683-6953-ob5bpq-1011683
New Delhi,delhi,Cinepolis,"Cinepolis V3S East Center (New), Beside Nirman Vihar Metro Station, Laxmi Nagar",1011683,110092,AUDI8,2D,2026-10-03T12:05,Available,136,126,10,3840,NORMAL:0/10@340; EXECUTIVE:0/48@360; PREMIUM:8/54@380; PREMIUM XL:2/14@400; RECLINER:0/10@800,1011683-6967-ob5bpq-1011683
New Delhi,delhi,PVR,"PVR Midtown Moti Nagar, Delhi",1102265,110015,SCREEN 1,2D,2026-10-03T11:05,Available,90,90,0,0,CLASSIC ROWS:0/64@300; PRIME ROWS:0/14@350; RECLINER ROWS:0/12@630,1102265-3248-ob5bpq-1102265
New Delhi,delhi,PVR,"PVR Naraina, Community Centre, New Delhi",1022249,110028,AUDI 2,2D,2026-10-03T05:05,Available,113,113,0,0,CLASSIC ROWS:0/42@190; PRIME ROWS:0/42@210; PRIME PLUS ROWS:0/29@220,1022249-22416-ob5bpq-1022249
New Delhi,delhi,PVR,"PVR Naraina, Community Centre, New Delhi",1022249,110028,AUDI 2,2D,2026-10-03T11:10,Available,113,113,0,0,CLASSIC ROWS:0/42@260; PRIME ROWS:0/42@280; PRIME PLUS ROWS:0/29@300,1022249-22418-ob5bpq-1022249
New Delhi,delhi,miraj,"Miraj Cinemas : Vikas Cinemall, Shahdara",20936,110032,SCREEN 2,2D,2026-10-03T11:55,Available,149,149,0,0,SPECIAL:0/39@200; EXECUTIVE:0/110@220,20936-30362-ob5bpq-20936
New Delhi,delhi,miraj,"Miraj Cinemas : Vikas Cinemall, Shahdara",20936,110032,SCREEN 2,2D,2026-10-03T17:25,Available,149,149,0,0,SPECIAL:0/39@200; EXECUTIVE:0/110@220,20936-30364-ob5bpq-20936
New Delhi,delhi,Cinepolis,"Cinepolis Cross River Mall, Shahdara, New Delhi",1333,110032,SCREEN 4,2D,2026-10-03T05:30,Available,129,123,6,2040,NORMAL:0/12@240; EXECUTIVE:0/36@320; PREMIUM:6/81@340,1333-5636-ob5bpq-1333
New Delhi,delhi,Cinepolis,"Cinepolis Cross River Mall, Shahdara, New Delhi",1333,110032,SCREEN 4,2D,2026-10-03T11:15,Available,129,116,13,4550,NORMAL:0/12@250; EXECUTIVE:0/36@330; PREMIUM:13/81@350,1333-5638-ob5bpq-1333
New Delhi,delhi,Cinepolis,"Cinepolis Cross River Mall, Shahdara, New Delhi",1333,110032,SCREEN 4,2D,2026-10-03T17:20,Available,129,120,9,2850,NORMAL:3/12@250; EXECUTIVE:0/36@330; PREMIUM:6/81@350,1333-5640-ob5bpq-1333
New Delhi,delhi,miraj,"Miraj Cinemas : Chand, Mayur Vihar Phase 1",1037340,110091,SCREEN 3,2D,2026-10-03T04:05,Available,55,55,0,0,RECLINER:0/55@450,1037340-23831-ob5bpq-1037340
New Delhi,delhi,miraj,"Miraj Cinemas : Chand, Mayur Vihar Phase 1",1037340,110091,SCREEN 3,2D,2026-10-03T09:40,Available,55,55,0,0,RECLINER:0/55@450,1037340-23833-ob5bpq-1037340
New Delhi,delhi,miraj,"Miraj Cinemas : Chand, Mayur Vihar Phase 1",1037340,110091,SCREEN 6,2D,2026-10-03T17:45,Available,146,146,0,0,SILVER:0/70@220; GOLD:0/76@270,1037340-23842-ob5bpq-1037340
New Delhi,delhi,Cinepolis,"Cinepolis Pacific NSP2, Pitampura, New Delhi",52078,110034,AUDI 6,2D,2026-10-03T05:05,Available,183,175,8,2660,NORMAL:0/11@230; EXECUTIVE:2/39@250; PREMIUM:0/26@340; PREMIUM PLUS:6/84@360; PREMIUM XL:0/12@380; RECLINER:0/11@720,52078-13019-ob5bpq-52078
New Delhi,delhi,Cinepolis,"Cinepolis Pacific NSP2, Pitampura, New Delhi",52078,110034,AUDI 6,2D,2026-10-03T07:45,Available,183,173,10,4860,NORMAL:0/11@270; EXECUTIVE:0/39@320; PREMIUM:2/26@380; PREMIUM PLUS:6/84@400; PREMIUM XL:0/12@420; RECLINER:2/11@850,52078-13020-ob5bpq-52078
New Delhi,delhi,Cinepolis,"Cinepolis Pacific NSP2, Pitampura, New Delhi",52078,110034,AUDI 6,2D,2026-10-03T10:40,Available,183,177,6,2400,NORMAL:0/11@270; EXECUTIVE:0/39@320; PREMIUM:0/26@380; PREMIUM PLUS:6/84@400; PREMIUM XL:0/12@420; RECLINER:0/11@850,52078-13021-ob5bpq-52078
New Delhi,delhi,Cinepolis,"Cinepolis Pacific NSP2, Pitampura, New Delhi",52078,110034,AUDI 6,2D,2026-10-03T13:45,Available,183,177,6,2400,NORMAL:0/11@270; EXECUTIVE:0/39@320; PREMIUM:0/26@380; PREMIUM PLUS:6/84@400; PREMIUM XL:0/12@420; RECLINER:0/11@850,52078-13022-ob5bpq-52078
New Delhi,delhi,Cinepolis,"Cinepolis Pacific NSP2, Pitampura, New Delhi",52078,110034,AUDI 6,2D,2026-10-03T16:45,Available,183,177,6,2400,NORMAL:0/11@270; EXECUTIVE:0/39@320; PREMIUM:0/26@380; PREMIUM PLUS:6/84@400; PREMIUM XL:0/12@420; RECLINER:0/11@850,52078-13023-ob5bpq-52078
Ghaziabad,uttar-pradesh,PVR,"PVR EDM, EDM Mall, Ghaziabad",1020700,201010,AUDI 3,2D,2026-10-03T03:30,Available,170,170,0,0,CLASSIC:0/102@200; PRIME:0/68@230,1020700-16112-ob5bpq-1020700
Ghaziabad,uttar-pradesh,PVR,"PVR EDM, EDM Mall, Ghaziabad",1020700,201010,AUDI 3,2D,2026-10-03T15:00,Available,170,170,0,0,CLASSIC:0/102@280; PRIME:0/68@310,1020700-16116-ob5bpq-1020700
New Delhi,delhi,miraj,"Miraj Cinemas : Aakash, Azadpur",1074336,110033,SCREEN 2,2D,2026-10-03T06:30,Available,99,99,0,0,SILVER:0/24@250; GOLD:0/75@250,1074336-6996-ob5bpq-1074336
New Delhi,delhi,miraj,"Miraj Cinemas : Aakash, Azadpur",1074336,110033,SCREEN 2,2D,2026-10-03T17:45,Available,99,99,0,0,SILVER:0/24@250; GOLD:0/75@250,1074336-7000-ob5bpq-1074336
New Delhi,delhi,PVR,"INOX Insignia At Epicuria, Nehru Place, New Delhi",1018958,110019,INSIGNIA 3,2D,2026-10-03T06:15,Available,29,29,0,0,RECLINER:0/18@600; RECLINER PRIME:0/11@600,1018958-46107-ob5bpq-1018958
New Delhi,delhi,PVR,"PVR Cinemagic, Unity One Elegante, NSP, Pitampura",1102047,110034,AUDI 1,2D,2026-10-03T03:35,Available,111,111,0,0,CLASSIC:0/44@300; PRIME:0/56@330; RECLINER:0/11@600,1102047-10736-ob5bpq-1102047
New Delhi,delhi,PVR,"PVR Cinemagic, Unity One Elegante, NSP, Pitampura",1102047,110034,AUDI 1,2D,2026-10-03T09:25,Available,111,109,2,660,CLASSIC:0/44@300; PRIME:2/56@330; RECLINER:0/11@600,1102047-10738-ob5bpq-1102047
New Delhi,delhi,PVR,"PVR Cinemagic, Unity One Elegante, NSP, Pitampura",1102047,110034,AUDI 1,2D,2026-10-03T15:15,Available,111,104,7,4550,CLASSIC:0/44@400; PRIME:3/56@450; RECLINER:4/11@800,1102047-10740-ob5bpq-1102047
New Delhi,delhi,PVR,"PVR Cinemagic, Unity One Elegante, NSP, Pitampura",1102047,110034,AUDI 2,2D,2026-10-03T18:00,Available,104,104,0,0,CLASSIC:0/48@350; PRIME:0/45@380; RECLINER:0/11@700,1102047-10762-ob5bpq-1102047
New Delhi,delhi,PVR,"INOX Nehru Place,  District Centre, New Delhi",1018954,110019,SCREEN 1,2D,2026-10-03T04:45,Available,54,54,0,0,RECLINER:0/28@600; RECLINER PRIME:0/26@600,1018954-94975-ob5bpq-1018954
New Delhi,delhi,PVR,"INOX Nehru Place,  District Centre, New Delhi",1018954,110019,SCREEN 3,2D,2026-10-03T09:45,Available,170,166,4,1240,EXECUTIVE:0/70@280; CLUB:0/60@310; ROYAL:4/25@310; XTRA LEGROOM:0/15@372,1018954-94965-ob5bpq-1018954
New Delhi,delhi,PVR,"INOX RCube Monad Mall, New Delhi",1018959,110027,SCREEN 5,2D,2026-10-03T12:20,Available,28,26,2,2200,RECLINER:0/17@1000; RECLINER PRIME:2/11@1100,1018959-41693-ob5bpq-1018959
New Delhi,delhi,PVR,"PVR Shalimar Bagh, DLF City Centre Mall, New Delhi",1022278,110088,AUDI 2,2D,2026-10-03T07:55,Available,188,188,0,0,CLASSIC ROWS:0/133@360; PRIME ROWS:0/55@410,1022278-20460-ob5bpq-1022278
New Delhi,delhi,PVR,"PVR Shalimar Bagh, DLF City Centre Mall, New Delhi",1022278,110088,AUDI 2,2D,2026-10-03T14:00,Available,188,188,0,0,CLASSIC ROWS:0/133@360; PRIME ROWS:0/55@410,1022278-20462-ob5bpq-1022278
New Delhi,delhi,PVR,"INOX Vishal Mall, Rajouri Garden, New Delhi",1018962,110027,SCREEN 2,2D,2026-10-03T07:10,Available,138,135,3,1170,EXECUTIVE:0/30@370; CLUB:3/85@390; ROYAL:0/23@410,1018962-42058-ob5bpq-1018962
New Delhi,delhi,PVR,"INOX Vishal Mall, Rajouri Garden, New Delhi",1018962,110027,SCREEN 1,2D,2026-10-03T17:25,Available,76,72,4,1760,EXECUTIVE:0/40@420; CLUB:4/36@440,1018962-42056-ob5bpq-1018962
New Delhi,delhi,Wave Cinema,"Wave Cinemas, Raja Garden",1058536,110027,WAVE 0.1,2D,2026-10-03T06:30,Available,116,116,0,0,CLASSIC:0/116@280,1058536-142776-ob5bpq-1058536
New Delhi,delhi,Wave Cinema,"Wave Cinemas, Raja Garden",1058536,110027,WAVE 0.1,2D,2026-10-03T12:00,Available,116,116,0,0,CLASSIC:0/116@300,1058536-142778-ob5bpq-1058536
New Delhi,delhi,Wave Cinema,"Wave Cinemas, Raja Garden",1058536,110027,WAVE 0.1,2D,2026-10-03T17:30,Available,116,116,0,0,CLASSIC:0/116@300,1058536-142780-ob5bpq-1058536
Ghaziabad,uttar-pradesh,Wave,"Wave Cinemas, Kaushambi",1041051,201012,WAVE 0.2,2D,2026-10-03T06:30,Available,178,176,2,540,CLASSIC:2/178@270,1041051-160060-ob5bpq-1041051
Ghaziabad,uttar-pradesh,Wave,"Wave Cinemas, Kaushambi",1041051,201012,WAVE 0.2,2D,2026-10-03T12:00,Available,178,178,0,0,CLASSIC:0/178@270,1041051-160062-ob5bpq-1041051
Ghaziabad,uttar-pradesh,Wave,"Wave Cinemas, Kaushambi",1041051,201012,WAVE 0.2,2D,2026-10-03T17:30,Available,178,178,0,0,CLASSIC:0/178@270,1041051-160064-ob5bpq-1041051
New Delhi,delhi,M2K,"M2K Pitampura, New Delhi",1038832,110034,AUDI 3,2D,2026-10-03T09:00,Available,183,168,15,3750,SILVER:15/166@250; GOLD:0/17@300,1038832-119724-ob5bpq-1038832
New Delhi,delhi,M2K,"M2K Pitampura, New Delhi",1038832,110034,AUDI 3,2D,2026-10-03T17:45,Available,183,168,15,3000,SILVER:15/166@200; GOLD:0/17@250,1038832-119727-ob5bpq-1038832
New Delhi,delhi,miraj,"Miraj Cinemas : Ivory Tower, Subhash Nagar",1338,110018,AUDI 2,2D,2026-10-03T06:45,Available,196,196,0,0,CLUB:0/164@260; SILVER:0/32@260,1338-42901-ob5bpq-1338
New Delhi,delhi,PVR,"PVR Pacific, Subhash Nagar, New Delhi",1022260,110018,SCREEN 2,2D,2026-10-03T09:25,Available,154,154,0,0,CLASSIC ROWS:0/38@460; PRIME PLUS ROWS:0/23@490; PRIME ROWS:0/76@490; RECLINER ROWS:0/17@690,1022260-28201-ob5bpq-1022260
New Delhi,delhi,PVR,"PVR Pacific, Subhash Nagar, New Delhi",1022260,110018,SCREEN 2,2D,2026-10-03T15:10,Available,154,154,0,0,CLASSIC ROWS:0/38@460; PRIME PLUS ROWS:0/23@490; PRIME ROWS:0/76@490; RECLINER ROWS:0/17@690,1022260-28203-ob5bpq-1022260
Ghaziabad,uttar-pradesh,PVR,"PVR Mahagun, Mahagun Metro Mall, Ghaziabad",1020699,201010,AUDI 04,2D,2026-10-03T11:30,Available,169,167,2,600,CLASSIC:0/90@290; PRIME:2/69@300; RECLINER:0/10@480,1020699-24127-ob5bpq-1020699
New Delhi,delhi,PVR,"PVR Select City Walk, Saket, New Delhi",1022254,110017,AUDI 06,2D,2026-10-03T04:20,Available,152,152,0,0,CLASSIC NORMAL:0/96@340; CLA SUPERIOR:0/31@370; XTRA LEGROOM:0/16@430; RECLINER:0/9@630,1022254-34620-ob5bpq-1022254
New Delhi,delhi,PVR,"PVR Select City Walk, Saket, New Delhi",1022254,110017,AUDI 05,2D,2026-10-03T09:25,Available,147,143,4,1760,CLASSIC NORMAL:0/90@390; CLA SUPERIOR:4/47@440; RECLINER:0/10@750,1022254-34610-ob5bpq-1022254
New Delhi,delhi,PVR,"PVR Select City Walk, Saket, New Delhi",1022254,110017,AUDI 05,2D,2026-10-03T15:15,Available,147,147,0,0,CLASSIC NORMAL:0/90@390; CLA SUPERIOR:0/47@440; RECLINER:0/10@750,1022254-34612-ob5bpq-1022254
New Delhi,delhi,Cinepolis,"Cinepolis DLF Avenue, Saket, New Delhi",1390,110017,SCREEN 6,2D,2026-10-03T06:20,Available,155,144,11,4400,NORMAL:0/14@320; EXECUTIVE:0/28@360; PREMIUM:11/104@400; VIP:0/9@800,1390-10065-ob5bpq-1390
New Delhi,delhi,Cinepolis,"Cinepolis DLF Avenue, Saket, New Delhi",1390,110017,SCREEN 6,2D,2026-10-03T12:00,Available,155,143,12,4800,NORMAL:0/14@320; EXECUTIVE:0/28@360; PREMIUM:12/104@400; VIP:0/9@800,1390-10067-ob5bpq-1390
New Delhi,delhi,PVR,"PVR Promenade, Vasant Kunj, New Delhi",1019394,110070,SCREEN 1,2D,2026-10-03T04:00,Available,117,115,2,800,CLASSIC ROWS:0/96@370; PRIME ROWS:2/21@400,1019394-37338-ob5bpq-1019394
New Delhi,delhi,PVR,"PVR Promenade, Vasant Kunj, New Delhi",1019394,110070,SCREEN 1,2D,2026-10-03T09:30,Available,117,115,2,960,CLASSIC ROWS:2/96@480; PRIME ROWS:0/21@530,1019394-37340-ob5bpq-1019394
New Delhi,delhi,PVR,"PVR Promenade, Vasant Kunj, New Delhi",1019394,110070,SCREEN 1,2D,2026-10-03T15:15,Available,117,117,0,0,CLASSIC ROWS:0/96@480; PRIME ROWS:0/21@530,1019394-37342-ob5bpq-1019394
Ghaziabad,uttar-pradesh,Roongta Cinemas,"Roongta Cinema Shopprix Mall, Sector 5, Ghaziabad",1028288,201010,SCREEN 2,2D,2026-10-03T09:15,Available,188,188,0,0,ECONOMY:0/19@180; PREMIER:0/133@200; X CLASS:0/36@200,1028288-14278-ob5bpq-1028288
Ghaziabad,uttar-pradesh,Roongta Cinemas,"Roongta Cinema Shopprix Mall, Sector 5, Ghaziabad",1028288,201010,SCREEN 2,2D,2026-10-03T14:45,Available,188,188,0,0,ECONOMY:0/19@180; PREMIER:0/133@200; X CLASS:0/36@200,1028288-14280-ob5bpq-1028288
New Delhi,delhi,PVR,Delhi: PVR Directors Cut Ambience Mall,1025112,110070,AUDI 04,2D,2026-10-03T12:15,Available,37,35,2,3400,RECLINER:0/27@1500; RECLINER PRIME:2/10@1700,1025112-24766-ob5bpq-1025112
Noida,uttar-pradesh,Movietime,"MovieTime Dharam Palace Mall, Noida",1040157,201301,AUDI 2,2D,2026-10-03T12:00,Available,175,175,0,0,SILVER:0/163@170; GOLD:0/12@190,1040157-53560-ob5bpq-1040157
New Delhi,delhi,PVR,"PVR Prashant Vihar, Funcity Mall, New Delhi",1022252,110085,AUDI 01,2D,2026-10-03T12:35,Available,180,180,0,0,CLASSIC ROWS:0/150@360; PRIME ROWS:0/30@410,1022252-15264-ob5bpq-1022252
New Delhi,delhi,PVR,"PVR Anupam Saket, New Delhi",1022245,110017,AUDI 03,2D,2026-10-03T04:10,Available,80,71,9,1791,CLASSIC ROWS:4/52@199; PRIME ROWS:5/28@199,1022245-22532-ob5bpq-1022245
New Delhi,delhi,PVR,"PVR Anupam Saket, New Delhi",1022245,110017,AUDI 02,2D,2026-10-03T12:20,Available,54,42,12,4380,CLASSIC ROWS:6/26@340; PRIME ROWS:6/28@390,1022245-22529-ob5bpq-1022245
New Delhi,delhi,PVR,"INOX Pacific Mall, Jasola, New Delhi",1018963,110025,SCREEN 3,2D,2026-10-03T03:40,Available,156,156,0,0,CLUB:0/78@290; ROYAL:0/78@310,1018963-58352-ob5bpq-1018963
New Delhi,delhi,PVR,"INOX Pacific Mall, Jasola, New Delhi",1018963,110025,SCREEN 5,2D,2026-10-03T07:35,Available,171,153,18,7920,CLUB:0/70@420; ROYAL:18/90@440; ROYAL RECLINER:0/11@640,1018963-58364-ob5bpq-1018963
New Delhi,delhi,PVR,"INOX Pacific Mall, Jasola, New Delhi",1018963,110025,SCREEN 5,2D,2026-10-03T13:30,Available,153,153,0,0,CLUB:0/70@420; ROYAL:0/72@440; ROYAL RECLINER:0/11@640,1018963-58366-ob5bpq-1018963
Noida,uttar-pradesh,PVR,"PVR Superplex Mall Of India, Sector 18, Noida",1024358,201301,SCREEN 4,2D,2026-10-03T11:25,Available,131,121,10,3700,CLASSIC:0/86@350; PRIME:10/12@370; XTRA LEGROOM:0/11@420; RECLINER:0/22@1000,1024358-35611-ob5bpq-1024358
Noida,uttar-pradesh,PVR,"PVR Superplex Mall Of India, Sector 18, Noida",1024358,201301,SCREEN 4,2D,2026-10-03T17:25,Available,131,121,10,3700,CLASSIC:0/86@350; PRIME:10/12@370; XTRA LEGROOM:0/11@420; RECLINER:0/22@1000,1024358-35613-ob5bpq-1024358
Greater Noida,uttar-pradesh,PVR,"PVR Directors Cut, DLF Mall of India, Noida",1058603,201301,AUDI 11 THE LIBRARY,2D,2026-10-03T08:50,Available,34,25,9,14400,RECLINER:0/21@1400; RECLINER PRIME:9/13@1600,1058603-15146-ob5bpq-1058603
Noida,uttar-pradesh,Wave,"Wave Cinemas, Noida",1040104,201301,AUDI 5,2D,2026-10-03T04:20,Available,352,350,2,460,CLASSIC:2/352@230,1040104-203474-ob5bpq-1040104
Noida,uttar-pradesh,Wave,"Wave Cinemas, Noida",1040104,201301,AUDI 4,2D,2026-10-03T11:10,Available,168,168,0,0,CLASSIC:0/168@300,1040104-203465-ob5bpq-1040104
Noida,uttar-pradesh,Wave,"Wave Cinemas, Noida",1040104,201301,AUDI 3,2D,2026-10-03T14:35,Available,176,173,3,900,CLASSIC:3/176@300,1040104-203454-ob5bpq-1040104
Ghaziabad,uttar-pradesh,Galaxie Multiplex,"Galaxie Multiplex, Ghaziabad",1102375,201010,AUDI2,2D,2026-10-03T05:30,Almost Full,173,13,160,24335,KLASSIC:117/130@140; KLUB:43/43@185,1102375-35117__1791005400__1463__2082100-ob5bpq-1102375
Ghaziabad,uttar-pradesh,Galaxie Multiplex,"Galaxie Multiplex, Ghaziabad",1102375,201010,AUDI2,2D,2026-10-03T14:00,Almost Full,173,13,160,24335,KLASSIC:117/130@140; KLUB:43/43@185,1102375-35117__1791036000__1463__2082101-ob5bpq-1102375
Ghaziabad,uttar-pradesh,Galaxie Multiplex,"Galaxie Multiplex, Ghaziabad",1102375,201010,AUDI2,2D,2026-10-03T16:45,Almost Full,173,13,160,24335,KLASSIC:117/130@140; KLUB:43/43@185,1102375-35117__1791045900__1463__2082102-ob5bpq-1102375
New Delhi,delhi,Cinepolis,"Cinepolis Janak Cinema, Janakpuri, New Delhi",3799,110058,AUDI 4,2D,2026-10-03T03:55,Available,155,149,6,1560,NORMAL:0/14@180; EXECUTIVE:0/70@240; PREMIUM:6/29@260; PREMIUM PLUS:0/28@280; EXECUTIVE XL:0/14@280,3799-5758-ob5bpq-3799
New Delhi,delhi,Cinepolis,"Cinepolis Janak Cinema, Janakpuri, New Delhi",3799,110058,AUDI 4,2D,2026-10-03T11:45,Available,155,144,11,3080,NORMAL:0/14@220; EXECUTIVE:0/70@280; PREMIUM:11/29@280; PREMIUM PLUS:0/28@300; EXECUTIVE XL:0/14@320,3799-5760-ob5bpq-3799
New Delhi,delhi,Cinepolis,"Cinepolis Janak Cinema, Janakpuri, New Delhi",3799,110058,AUDI 4,2D,2026-10-03T14:45,Available,155,140,15,4020,NORMAL:4/14@220; EXECUTIVE:0/70@280; PREMIUM:8/29@280; PREMIUM PLUS:3/28@300; EXECUTIVE XL:0/14@320,3799-5761-ob5bpq-3799
New Delhi,delhi,M2K,"M2K Rohini, New Delhi",1039164,110085,AUDI 2,2D,2026-10-03T06:30,Available,242,223,19,5130,SILVER:19/204@270; GOLD:0/38@320,1039164-63620-ob5bpq-1039164
Noida,uttar-pradesh,miraj,"Miraj Cinemas : TGIP, Noida",1008726,201301,SCREEN 4,2D,2026-10-03T03:50,Available,221,221,0,0,GOLD:0/221@150,1008726-39508-ob5bpq-1008726
Noida,uttar-pradesh,miraj,"Miraj Cinemas : TGIP, Noida",1008726,201301,SCREEN 4,2D,2026-10-03T06:30,Available,221,218,3,600,GOLD:3/221@200,1008726-39509-ob5bpq-1008726
Noida,uttar-pradesh,miraj,"Miraj Cinemas : TGIP, Noida",1008726,201301,SCREEN 4,2D,2026-10-03T12:10,Available,221,221,0,0,GOLD:0/221@250,1008726-39511-ob5bpq-1008726
Noida,uttar-pradesh,miraj,"Miraj Cinemas : TGIP, Noida",1008726,201301,SCREEN 4,2D,2026-10-03T17:30,Available,221,221,0,0,GOLD:0/221@250,1008726-39513-ob5bpq-1008726
Noida,uttar-pradesh,Cinepolis,"Cinepolis Modi Mall (Formerly Spice Mall), Noida",3134,201301,SCREEN 7,2D,2026-10-03T04:40,Available,177,165,12,3480,NORMAL:0/0@260; EXECUTIVE:0/91@260; PREMIUM:6/60@280; PREMIUM XL:0/15@300; PREMIUM PLUS:6/11@300,3134-13858-ob5bpq-3134
Noida,uttar-pradesh,Cinepolis,"Cinepolis Modi Mall (Formerly Spice Mall), Noida",3134,201301,SCREEN 7,2D,2026-10-03T07:20,Available,257,171,86,22480,NORMAL:19/19@260; EXECUTIVE:61/152@260; PREMIUM:6/60@280; PREMIUM XL:0/15@300; PREMIUM PLUS:0/11@300,3134-13859-ob5bpq-3134
Noida,uttar-pradesh,Cinepolis,"Cinepolis Modi Mall (Formerly Spice Mall), Noida",3134,201301,SCREEN 7,2D,2026-10-03T10:25,Available,177,171,6,1800,NORMAL:0/0@280; EXECUTIVE:0/91@280; PREMIUM:6/60@300; PREMIUM XL:0/15@320; PREMIUM PLUS:0/11@320,3134-13860-ob5bpq-3134
Noida,uttar-pradesh,Cinepolis,"Cinepolis Modi Mall (Formerly Spice Mall), Noida",3134,201301,SCREEN 7,2D,2026-10-03T13:30,Available,257,171,86,24200,NORMAL:19/19@280; EXECUTIVE:61/152@280; PREMIUM:6/60@300; PREMIUM XL:0/15@320; PREMIUM PLUS:0/11@320,3134-13861-ob5bpq-3134
Noida,uttar-pradesh,Cinepolis,"Cinepolis Modi Mall (Formerly Spice Mall), Noida",3134,201301,SCREEN 7,2D,2026-10-03T16:40,Available,257,171,86,24200,NORMAL:19/19@280; EXECUTIVE:61/152@280; PREMIUM:6/60@300; PREMIUM XL:0/15@320; PREMIUM PLUS:0/11@320,3134-13862-ob5bpq-3134
Bengaluru,karnataka,Cinepolis,"Cinepolis Orion Avenue Mall, Banaswadi, Bengaluru",925,560033,AUDI 01,2D,2026-10-03T06:50,Available,248,236,12,3040,NORMAL:0/19@210; EXECUTIVE:0/76@230; PREMIUM:10/131@250; EXECUTIVE XL:2/22@270,925-6848-ob5bpq-925
Bengaluru,karnataka,PVR,"INOX Lido Mall, Ulsoor, Bengaluru",1020718,560008,SCREEN 3,2D,2026-10-03T14:10,Available,267,267,0,0,CLASSIC ROWS:0/44@270; CLASSIC PLUS ROWS:0/154@290; PRIME ROWS:0/10@320; EXTRA LEGROOM ROWS:0/15@370; PICTURE PERFECT:0/20@370; RECLINER ROWS:0/24@610,1020718-96791-ob5bpq-1020718
Bengaluru,karnataka,New Fangled Miniplex,"Newfangled Miniplex (Twin Seat), MG Road, Bengaluru",1036213,560001,SCREEN 2,2D,2026-10-03T05:40,Available,15,15,0,0,VIP (1 FOR 2 ADMIT):0/15@1000,1036213-75037-ob5bpq-1036213
Bengaluru,karnataka,New Fangled Miniplex,"Newfangled Miniplex (Twin Seat), MG Road, Bengaluru",1036213,560001,SCREEN 1,2D,2026-10-03T11:35,Available,15,15,0,0,VIP (1 FOR 2 ADMIT):0/15@1000,1036213-75088-ob5bpq-1036213
Bengaluru,karnataka,New Fangled Miniplex,"Newfangled Miniplex (Twin Seat), MG Road, Bengaluru",1036213,560001,SCREEN 2,2D,2026-10-03T17:10,Available,15,15,0,0,VIP (1 FOR 2 ADMIT):0/15@1000,1036213-75049-ob5bpq-1036213
Bengaluru,karnataka,PVR,"INOX Garuda Mall, Magrath Road, Bengaluru",1020720,560025,SCREEN 2,2D,2026-10-03T08:00,Available,60,60,0,0,RECLINER:0/33@650; ROYAL RECLINER:0/27@700,1020720-120515-ob5bpq-1020720
Bengaluru,karnataka,PVR,"PVR Directors Cut, Forum Rex Walk Brigade Road, Bengaluru",1024350,560001,AUDI 01,2D,2026-10-03T06:15,Available,41,41,0,0,RECLINER:0/24@750; RECLINER PRIME:0/17@850,1024350-29166-ob5bpq-1024350
Bengaluru,karnataka,PVR,"PVR MSR Elements Mall, Tanisandhra Main Road, Bengaluru",1022269,560077,AUDI 04,2D,2026-10-03T07:25,Available,106,102,4,1080,CLASSIC ROWS:0/32@190; CLASSIC PLUS ROWS:1/44@210; EXTRA LEGROOM ROWS:3/19@290; RECLINER ROWS:0/11@460,1022269-32866-ob5bpq-1022269
Bengaluru,karnataka,PVR,"PVR VR, Whitefield Road, Bengaluru",1022272,560048,AUDI 05,2D,2026-10-03T08:25,Available,241,221,20,6580,CLASSIC ROWS:0/42@260; CLASSIC PLUS ROWS:6/84@280; PRIME ROWS:0/50@310; PICTURE PERFECT:14/45@350; RECLINER ROWS:0/20@540,1022272-42615-ob5bpq-1022272
Bengaluru,karnataka,PVR,"INOX Mantri Square, Malleshwaram, Bengaluru",1020725,560003,SCREEN 1,2D,2026-10-03T10:55,Available,274,274,0,0,CLASSIC ROWS:0/34@190; CLASSIC PLUS ROWS:0/115@210; PRIME ROWS:0/69@240; PICTURE PERFECT:0/46@260; RECLINER ROWS:0/10@430,1020725-75210-ob5bpq-1020725
Bengaluru,karnataka,Cinepolis,"Cinepolis Lulu Global Mall, Bengaluru, Bengaluru",56450,560023,SCREEN 3,2D,2026-10-03T07:15,Available,184,166,18,5560,NORMAL:0/14@220; EXECUTIVE:0/45@260; PREMIUM:2/75@280; PREMIUM PLUS:6/31@300; PREMIUM XL:10/19@320,56450-11165-ob5bpq-56450
Bengaluru,karnataka,Cinepolis,"Cinepolis VIP Lulu Global Mall, Rajajinagar, Bengaluru",56451,560023,SCREEN 01,2D,2026-10-03T09:55,Available,93,87,6,3300,VIP EXECUTIVE:0/40@500; VIP PREMIUM:6/53@550,56451-3891-ob5bpq-56451
Bengaluru,karnataka,Suresh Production,"Innovative Multiplex Marathahalli, Near Marathalli Junction, Bengaluru",10940,560037,SCREEN7,2D,2026-10-03T12:55,Available,36,29,7,1400,PREMIUM:7/36@200,10940-35117__1791032100__84__2073283-ob5bpq-10940
Bengaluru,karnataka,Cinepolis,"Cinepolis ETA Namma Mall, Binny Pete, Bengaluru",128,560023,AUDI 8,2D,2026-10-03T07:10,Available,142,136,6,1320,NORMAL:0/9@140; EXECUTIVE:0/42@190; PREMIUM:6/91@220,128-9703-ob5bpq-128
Bengaluru,karnataka,Cinepolis,"Cinepolis ETA Namma Mall, Binny Pete, Bengaluru",128,560023,AUDI 7,2D,2026-10-03T17:00,Available,136,130,6,1500,NORMAL:0/9@170; EXECUTIVE:0/39@220; PREMIUM:6/88@250,128-9701-ob5bpq-128
Bengaluru,karnataka,PVR,"PVR Orion Mall, Dr Rajkumar Road, Bengaluru",1022299,560055,AUDI 07,2D,2026-10-03T14:05,Available,370,369,1,290,CLASSIC ROWS:0/44@270; CLASSIC PLUS ROWS:1/176@290; PRIME ROWS:0/63@330; PICTURE PERFECT:0/28@350; EXTRA LEGROOM ROWS:0/26@380; RECLINER ROWS:0/33@630,1022299-55851-ob5bpq-1022299
Bengaluru,karnataka,PVR,"INOX Megaplex Mall of Asia, Byatarayanapura, Bengaluru",1025975,560092,SCREEN 5,2D,2026-10-03T06:05,Available,126,124,2,420,CLASSIC ROWS:0/26@190; CLASSIC PLUS ROWS:2/26@210; PRIME ROWS:0/74@250,1025975-65483-ob5bpq-1025975
Bengaluru,karnataka,PVR,"PVR Central Spirit Mall, Bellandur, Bengaluru",1022298,560103,SCREEN 7,2D,2026-10-03T17:10,Available,120,112,8,3600,CLASSIC ROWS:0/26@280; CLASSIC PLUS ROWS:0/39@300; PRIME ROWS:4/46@330; RECLINER ROWS:4/9@570,1022298-19651-ob5bpq-1022298
Bengaluru,karnataka,PVR,"PVR Bhartiya Mall Of Bengaluru, Bhartiya City Mall, Bengaluru",1020740,560064,AUDI 06,2D,2026-10-03T13:45,Available,197,197,0,0,CLASSIC ROWS:0/36@210; CLASSIC PLUS ROWS:0/54@230; PRIME ROWS:0/57@260; PRIME PLUS ROWS:0/36@290; RECLINER ROWS:0/14@580,1020740-37182-ob5bpq-1020740
Bengaluru,karnataka,PVR,"PVR Vaishnavi Sapphire Mall, Yashwantpur, Bengaluru",1022273,560022,AUDI 06,2D,2026-10-03T11:20,Available,123,123,0,0,CLASSIC ROWS:0/34@200; CLASSIC PLUS ROWS:0/34@220; PRIME ROWS:0/46@250; RECLINER ROWS:0/9@430,1022273-29444-ob5bpq-1022273
Bengaluru,karnataka,Cinepolis,"Cinepolis Nexus Shantiniketan, Thigalarapalya, Bengaluru",7508,560067,AUDI10,2D,2026-10-03T13:25,Available,138,126,12,5170,NORMAL:0/12@270; EXECUTIVE:3/36@290; PREMIUM:5/80@340; RECLINER:4/10@650,7508-15362-ob5bpq-7508
Bengaluru,karnataka,PVR,"INOX Central Mantri Junction, JP Nagar, Bengaluru",1020726,560069,SCREEN 4,2D,2026-10-03T06:05,Available,252,248,4,1000,CLASSIC ROWS:0/42@180; CLASSIC PLUS ROWS:0/84@200; PRIME ROWS:0/58@230; PICTURE PERFECT:4/60@250; RECLINER ROWS:0/8@460,1020726-88901-ob5bpq-1020726
Bengaluru,karnataka,PVR,"PVR Vega City, Bannerghatta Road, Bengaluru",1022309,560076,AUDI 05,2D,2026-10-03T16:50,Available,84,82,2,680,CLASSIC ROWS:0/19@280; CLASSIC PLUS ROWS:0/30@300; PRIME ROWS:2/28@340; RECLINER ROWS:0/7@580,1022309-59794-ob5bpq-1022309
Bengaluru,karnataka,PVR,"PVR Aura Park Square, Whitefield, Bengaluru",1022308,560066,SCREEN 2,2D,2026-10-03T05:30,Available,174,159,15,3270,CLASSIC ROWS:0/44@190; CLASSIC PLUS ROWS:11/44@210; PRIME ROWS:4/72@240; RECLINER ROWS:0/14@410,1022308-19895-ob5bpq-1022308
Bengaluru,karnataka,PVR,"INOX Galleria Mall, Yelahanka, Bengaluru",1020731,560064,SCREEN 3,2D,2026-10-03T10:50,Available,263,263,0,0,CLASSIC ROWS:0/40@200; CLASSIC PLUS ROWS:0/68@220; PRIME ROWS:0/37@260; EXTRA LEGROOM ROWS:0/24@340; PICTURE PERFECT:0/79@340; RECLINER ROWS:0/15@440,1020731-68280-ob5bpq-1020731
Bengaluru,karnataka,PVR,"INOX Garuda, Yelahanka, Bengaluru",1020734,560064,SCREEN 4,2D,2026-10-03T10:40,Available,183,183,0,0,CLASSIC ROWS:0/48@180; CLASSIC PLUS ROWS:0/24@200; PRIME ROWS:0/111@220,1020734-49100-ob5bpq-1020734
Bengaluru,karnataka,Cinepolis,"Cinepolis SJR Spectrum (Central Mall), Bannerghatta Road, Bengaluru",9637,560076,SCREEN 01,2D,2026-10-03T04:30,Available,150,144,6,1560,NORMAL:0/14@220; EXECUTIVE:0/42@240; PREMIUM:6/82@260; RECLINER:0/12@520,9637-9300-ob5bpq-9637
Bengaluru,karnataka,Cinepolis,"Cinepolis SJR Spectrum (Central Mall), Bannerghatta Road, Bengaluru",9637,560076,SCREEN 03,2D,2026-10-03T14:05,Available,200,194,6,1920,NORMAL:0/14@260; EXECUTIVE:0/28@280; PREMIUM:6/132@320; EXECUTIVE XL:0/14@340; RECLINER:0/12@640,9637-9261-ob5bpq-9637
Bengaluru,karnataka,PVR,"INOX Nexus The Forum Value Mall, Whitefield, Bengaluru",1020714,560066,INSIGNIA 3,2D,2026-10-03T10:55,Available,41,34,7,4550,INSIGNIA:7/41@650,1020714-122568-ob5bpq-1020714
Bengaluru,karnataka,PVR,"INOX SBR Horizon, Seegehalli Whitefield Hoskote Road, Bengaluru",1020738,560067,SCREEN 1,2D,2026-10-03T04:30,Available,104,104,0,0,CLASSIC ROWS:0/20@180; CLASSIC PLUS ROWS:0/30@200; PRIME ROWS:0/54@230,1020738-50184-ob5bpq-1020738
Bengaluru,karnataka,PVR,"INOX SBR Horizon, Seegehalli Whitefield Hoskote Road, Bengaluru",1020738,560067,SCREEN 4,2D,2026-10-03T10:35,Available,104,104,0,0,CLASSIC ROWS:0/20@200; CLASSIC PLUS ROWS:0/30@220; PRIME ROWS:0/54@250,1020738-50196-ob5bpq-1020738
Bengaluru,karnataka,PVR,"INOX Arcadia, Brigade Utopia, Bengaluru",1102473,560087,SCREEN 5,2D,2026-10-03T10:35,Available,142,139,3,780,CLASSIC ROWS:0/24@210; CLASSIC PLUS ROWS:0/42@230; PRIME ROWS:3/59@260; LOUNGER ROWS:0/8@260; RECLINER ROWS:0/9@430,1102473-1178-ob5bpq-1102473
Bengaluru,karnataka,Cinepolis,"Cinepolis Royal Meenakshi Mall, Bannerghatta Road, Bengaluru",115,560076,AUDI07,2D,2026-10-03T11:00,Available,158,134,24,5140,NORMAL:0/15@150; EXECUTIVE:5/45@190; PREMIUM:14/51@210; PREMIUM PLUS:0/32@230; PREMIUM XL:5/15@250,115-9352-ob5bpq-115
Bengaluru,karnataka,PVR,"PVR Superplex Forum Mall, Kanakapura Road, Bengaluru",1022305,560062,AUDI 10,2D,2026-10-03T13:35,Available,171,158,13,3970,CLASSIC ROWS:0/24@220; CLASSIC PLUS ROWS:2/60@240; PRIME ROWS:9/74@270; RECLINER ROWS:2/13@530,1022305-58864-ob5bpq-1022305
Bengaluru,karnataka,PVR,"PVR Orion Uptown, Old Madras Road, Bengaluru",1022306,560049,AUDI 03,2D,2026-10-03T16:40,Available,172,172,0,0,CLASSIC ROWS:0/26@230; CLASSIC PLUS ROWS:0/65@250; PRIME ROWS:0/69@280; RECLINER ROWS:0/12@480,1022306-24604-ob5bpq-1022306
Bengaluru,karnataka,PVR,"INOX M5 Ecity, Bengaluru",1088533,560100,AUDI 07,2D,2026-10-03T11:00,Available,209,181,28,12080,CLASSIC ROWS:0/33@280; CLASSIC PLUS ROWS:8/68@300; PRIME ROWS:12/84@340; EXTRA LEGROOM ROWS:0/13@390; RECLINER ROWS:8/11@700,1088533-17656-ob5bpq-1088533
Hyderabad,telangana,Roongta Cinemas,"Roongta Cinemas, Novum, Nampally",1101081,500001,SCREEN 2,2D,2026-10-03T14:00,Available,105,105,0,0,EXECUTIVE:0/89@175; ROYAL RECLINER:0/16@235,1101081-3029-ob5bpq-1101081
Hyderabad,telangana,PVR,"INOX Maheshwari Parmeshwari Mall, Kachiguda, Hyderabad",1020777,500027,SCREEN 1,2D,2026-10-03T17:00,Available,213,194,19,3420,EXECUTIVE:19/213@180,1020777-111568-ob5bpq-1020777
Hyderabad,telangana,PVR,"INOX Odeon 4K LASER, Dolby ATMOS, DTS-X, RTC X Roads",1022247,500020,SCREEN 4,2D,2026-10-03T12:10,Available,123,123,0,0,CLASSIC ROWS:0/73@149; PRIME ROWS:0/43@199; RECLINER ROWS:0/7@299,1022247-10146-ob5bpq-1022247
Hyderabad,telangana,PVR,"INOX GVK One, Banjara Hills Hyderabad",1020776,500034,SCREEN 2,2D,2026-10-03T14:20,Available,156,122,34,7974,EXECUTIVE:26/144@199; ROYAL:8/12@350,1020776-134727-ob5bpq-1020776
Hyderabad,telangana,PVR,"PVR Next Galleria Mall, Panjagutta, Hyderabad",1022281,500082,AUDI 07,2D,2026-10-03T11:05,Available,156,154,2,398,CLASSIC:2/156@199,1022281-41269-ob5bpq-1022281
Hyderabad,telangana,PVR,"PVR Musarambagh, New Malakpet, Hyderabad",1022283,500036,AUDI 02,2D,2026-10-03T08:30,Available,172,172,0,0,CLASSIC:0/172@199,1022283-29697-ob5bpq-1022283
Hyderabad,telangana,Cinepolis,"Cinepolis Sudha Cinemas, Rajpal Nagar, Hyderabad",3870,500065,AUDI 4,2D,2026-10-03T04:35,Available,122,112,10,1800,NORMAL:0/25@180; EXECUTIVE:10/97@180,3870-5527-ob5bpq-3870
Hyderabad,telangana,Cinepolis,"Cinepolis Sudha Cinemas, Rajpal Nagar, Hyderabad",3870,500065,AUDI 2,2D,2026-10-03T08:35,Available,220,210,10,1800,NORMAL:0/40@180; EXECUTIVE:10/180@180,3870-5519-ob5bpq-3870
Hyderabad,telangana,Cinepolis,"Cinepolis Sudha Cinemas, Rajpal Nagar, Hyderabad",3870,500065,AUDI 2,2D,2026-10-03T14:45,Available,220,210,10,1800,NORMAL:0/40@180; EXECUTIVE:10/180@180,3870-5521-ob5bpq-3870
Hyderabad,telangana,miraj,"Miraj Cinemas : Shalini Shivani, Kothapet",183,500036,SCREEN 2,2D,2026-10-03T08:30,Available,454,453,1,300,EXECUTIVE:0/426@200; GOLD:1/28@300,183-72981-ob5bpq-183
Hyderabad,telangana,Cinepolis,"Cinepolis Mantra Mall, Upparpally, Hyderabad",1977,500030,AUDI03,2D,2026-10-03T17:45,Available,162,151,11,2300,NORMAL:10/154@200; VIP:1/8@300,1977-7831-ob5bpq-1977
Hyderabad,telangana,Cinepolis,"Cinepolis DSL Virtue Mall, Uppal, Hyderabad",9123,500013,AUDI04,2D,2026-10-03T14:55,Available,159,149,10,2500,NORMAL:0/23@250; EXECUTIVE:10/126@250; VIP:0/10@350,9123-9031-ob5bpq-9123
Hyderabad,telangana,Cinepolis,"Cinepolis CCPL Mall, Malkajgiri, Hyderabad",126,500047,AUDI 2,2D,2026-10-03T11:10,Available,141,131,10,2500,EXECUTIVE:0/22@200; PREMIUM:10/119@250,126-6973-ob5bpq-126
Hyderabad,telangana,miraj,"Miraj Cinemas : A2A Central Mall, Balanagar",9338,500037,SCREEN 1,2D,2026-10-03T17:20,Available,143,143,0,0,EXECUTIVE:0/143@200,9338-45298-ob5bpq-9338
Hyderabad,telangana,PVR,"PVR Superplex Inorbit, LUXE PXL 4DX, Cyberabad",1022263,500081,SCREEN 10,2D,2026-10-03T10:55,Available,42,25,17,8500,ROYAL ROWS:17/42@500,1022263-33870-ob5bpq-1022263
Hyderabad,telangana,PVR,"PVR ICON Hitech, Madhapur, Hyderabad",1022280,500081,AUDI 03,2D,2026-10-03T09:40,Available,126,126,0,0,CLASSIC:0/126@199,1022280-27387-ob5bpq-1022280
Hyderabad,telangana,MovieMax,"MovieMax AMR ECIL, Secunderabad, Hyderabad",52274,500040,SCREEN1,2D,2026-10-03T08:00,Available,239,214,25,6250,CLASSIC:0/40@200; PRIME:25/183@250; RECLINER:0/16@354,52274-61559-ob5bpq-52274
Hyderabad,telangana,PVR,"PVR Preston, Gachibowli, Hyderabad",1022285,500081,AUDI 01,2D,2026-10-03T09:10,Available,181,179,2,398,CLASSIC:2/181@199,1022285-19934-ob5bpq-1022285
Hyderabad,telangana,Cinepolis,"Cinepolis TNR North City, Suchitra, Hyderabad",1039952,500055,AUDI01,2D,2026-10-03T11:30,Available,164,158,6,1500,EXECUTIVE:6/139@250; VIP:0/25@350,1039952-14547-ob5bpq-1039952
Hyderabad,telangana,Cinepolis,"Cinepolis TNR North City, Suchitra, Hyderabad",1039952,500055,AUDI01,2D,2026-10-03T14:30,Available,164,158,6,1500,EXECUTIVE:6/139@250; VIP:0/25@350,1039952-14548-ob5bpq-1039952
Hyderabad,telangana,miraj,"Miraj Cinemas : Anand Mall and Movies ,Narsingi",1099532,500075,SCREEN2,2D,2026-10-03T11:40,Available,168,154,14,2800,EXECUTIVE:6/157@200; SOFA:8/11@200,1099532-8084-ob5bpq-1099532
Hyderabad,telangana,PVR,"INOX Prism Mall, Gachibowli, Hyderabad",1030419,500032,SCREEN 1,2D,2026-10-03T10:20,Available,213,207,6,1794,CLASSIC:2/202@199; RECLINER:4/11@349,1030419-17550-ob5bpq-1030419
Hyderabad,telangana,PVR,"PVR Nexus Mall (Formerly Forum Sujana) Kukatpally, Hyderabad",1022267,500072,AUDI 04,2D,2026-10-03T11:00,Available,112,103,9,1791,CLASSIC:9/108@199; RECLINER:0/4@354,1022267-46652-ob5bpq-1022267
Hyderabad,telangana,Movietime,"Platinum Movietime Cinemas, Gachibowli (SLN Terminus), Hyderabad",1040670,500032,SCREEN 5,2D,2026-10-03T09:15,Available,34,34,0,0,RECLINER:0/34@350,1040670-80118-ob5bpq-1040670
Hyderabad,telangana,Cinepolis,"Cinepolis Lulu Mall (Formerly Manjeera), Hyderabad",124,500082,AUDI 01,2D,2026-10-03T08:25,Available,253,237,16,3494,NORMAL:14/225@199; VIP:2/28@354,124-7531-ob5bpq-124
Hyderabad,telangana,miraj,"Miraj Cinemas : Cinetown, Miyapur",24951,500049,SCREEN 2,2D,2026-10-03T11:10,Available,702,702,0,0,EXECUTIVEP:0/336@175; EXECUTIVE:0/344@175; GOLD:0/22@235,24951-27018-ob5bpq-24951
Hyderabad,telangana,PVR,"INOX GSM Mall, Madinaguda, Hyderabad",1020780,500049,SCREEN 4,2D,2026-10-03T11:05,Available,143,138,5,1146,EXECUTIVE:4/137@199; ROYAL:1/6@350,1020780-87455-ob5bpq-1020780
Hyderabad,telangana,miraj,"Miraj Cinemas : Geeta, Chandanagar",10249,500050,SCREEN 4,2D,2026-10-03T14:20,Available,101,101,0,0,EXECUTIVE:0/101@200,10249-39134-ob5bpq-10249
Chennai,tamil-nadu,PVR,"INOX Phoenix Market City (formerly Jazz Cinemas), Velachery, Chennai",1020779,600042,SCREEN 8,2D,2026-10-03T17:20,Available,224,174,50,10124.5,BUDGET:0/34@59.43; ELITE:50/190@202.49,1020779-66951-ob5bpq-1020779
Chennai,tamil-nadu,PVR,"PVR Palazzo, The Nexus Vijaya Mall, Chennai",1022274,600026,AUDI 6,2D,2026-10-03T16:20,Available,228,228,0,0.0,BUDGET:0/27@59.43; ELITE:0/201@202.49,1022274-39081-ob5bpq-1022274
Chennai,tamil-nadu,PVR,"PVR VR Mall, Anna Nagar, Chennai",1022304,600040,AUDI 10,2D,2026-10-03T17:00,Available,196,160,36,7289.64,CLASSIC:0/32@59.43; PRIME:36/164@202.49,1022304-46003-ob5bpq-1022304
Chennai,tamil-nadu,PVR,"PVR Ampa Skywalk Mall, Aminjikarai, Chennai",1022258,600029,AUDI 06,2D,2026-10-03T10:10,Available,201,172,29,3583.25,CLASSIC:16/32@59.43; PRIME:13/169@202.49,1022258-32849-ob5bpq-1022258
Chennai,tamil-nadu,PVR,"INOX The Marina Mall OMR, Egatoor, Chennai",1020778,603103,SCREEN 6,2D,2026-10-03T16:40,Available,153,128,25,2773.29,EXECUTIVE:16/26@59.43; CLUB:9/127@202.49,1020778-91156-ob5bpq-1020778
Chennai,tamil-nadu,PVR,"INOX Chennai Citi Centre, Mylapore, Chennai",1020774,600004,SCREEN 2,2D,2026-10-03T13:25,Available,184,180,4,237.72,EXECUTIVE:4/25@59.43; CLUB:0/159@202.49,1020774-80823-ob5bpq-1020774
Chennai,tamil-nadu,PVR,"HDFC Millennia PVR Escape-Express Avenue Mall, Chennai",1022257,600014,AUDI 7 CARVE,2D,2026-10-03T10:15,Available,105,52,53,10731.970000000001,BUDGET:0/11@59.43; ELITE:53/94@202.49,1022257-34723-ob5bpq-1022257
Chennai,tamil-nadu,MovieMax,"MovieMax PR Mall, Wall Tax Road, Chennai",1102281,600001,SCREEN 1,2D,2026-10-03T07:30,Available,223,223,0,0.0,BUDGET:0/23@59.43; EXECUTIVE:0/200@202.49,1102281-2420-ob5bpq-1102281
Kolkata,west-bengal,Cinepolis,"Cinepolis Acropolis Mall, Rajdanga Road, Kolkata",148,839200,AUDI01,2D,2026-10-03T03:35,Available,124,120,4,840,NORMAL:0/11@170; EXECUTIVE:0/33@190; PREMIUM:4/80@210,148-6693-ob5bpq-148
Kolkata,west-bengal,Cinepolis,"Cinepolis Acropolis Mall, Rajdanga Road, Kolkata",148,839200,AUDI01,2D,2026-10-03T15:15,Available,124,120,4,1280,NORMAL:0/11@280; EXECUTIVE:0/33@300; PREMIUM:4/80@320,148-6696-ob5bpq-148
Kolkata,west-bengal,PVR,"INOX Quest Mall, Ballygunge, Kolkata",1020727,700017,SCREEN 3,2D,2026-10-03T08:40,Available,248,243,5,2460,EXECUTIVE:0/30@350; CLUB:0/105@370; ROYAL:3/103@380; ROYAL RECLINER:2/10@660,1020727-144631-ob5bpq-1020727
Kolkata,west-bengal,PVR,"INOX Quest Mall, Ballygunge, Kolkata",1020727,700017,SCREEN 1,2D,2026-10-03T15:15,Available,166,166,0,0,EXECUTIVE:0/24@410; CLUB:0/48@430; ROYAL:0/86@440; ROYAL RECLINER:0/8@720,1020727-144611-ob5bpq-1020727
Kolkata,west-bengal,PVR,"INOX Forum Mall, Elgin Road, Kolkata",1020721,700020,SCREEN 1,2D,2026-10-03T04:35,Available,169,169,0,0,CLASSIC ROWS:0/36@200; PRIME ROWS:0/107@220; PRIME PLUS ROWS:0/26@240,1020721-96180-ob5bpq-1020721
Kolkata,west-bengal,PVR,"INOX Forum Mall, Elgin Road, Kolkata",1020721,700020,SCREEN 2,2D,2026-10-03T12:30,Available,153,153,0,0,CLASSIC ROWS:0/28@330; PRIME ROWS:0/100@370; PRIME PLUS ROWS:0/25@390,1020721-96189-ob5bpq-1020721
Kolkata,west-bengal,PVR,"INOX South City Mall, South City Mall, Kolkata",1020717,700068,SCREEN 2,2D,2026-10-03T03:30,Available,190,190,0,0,PREMIER:0/34@260; SILVER:0/156@260,1020717-150657-ob5bpq-1020717
Kolkata,west-bengal,PVR,"INOX South City Mall, South City Mall, Kolkata",1020717,700068,SCREEN 2,2D,2026-10-03T08:40,Available,190,188,2,760,PREMIER:0/34@360; SILVER:2/156@380,1020717-150659-ob5bpq-1020717
Kolkata,west-bengal,PVR,"INOX South City Mall, South City Mall, Kolkata",1020717,700068,SCREEN 1,2D,2026-10-03T15:00,Available,199,197,2,1440,PREMIER:0/32@410; SILVER:0/151@430; ROYAL RECLINER:2/16@720,1020717-150674-ob5bpq-1020717
Kolkata,west-bengal,Cinepolis,"Cinepolis Lake Mall, Rashbehari, Kolkata",1041,700026,AUDI 4,2D,2026-10-03T03:50,Available,262,257,5,1050,NORMAL:0/20@180; EXECUTIVE:0/80@190; PREMIUM XL:0/14@200; PREMIUM:5/131@210; PREMIUM PLUS:0/7@220; RECLINER:0/10@500,1041-7362-ob5bpq-1041
Kolkata,west-bengal,Cinepolis,"Cinepolis Lake Mall, Rashbehari, Kolkata",1041,700026,AUDI 3,2D,2026-10-03T14:40,Available,108,103,5,1600,NORMAL:0/11@280; EXECUTIVE:0/33@300; PREMIUM:5/64@320,1041-7365-ob5bpq-1041
Kolkata,west-bengal,Cinepolis,"Cinepolis Lake Mall, Rashbehari, Kolkata",1041,700026,AUDI 3,2D,2026-10-03T17:45,Available,108,103,5,1600,NORMAL:0/11@280; EXECUTIVE:0/33@300; PREMIUM:5/64@320,1041-7396-ob5bpq-1041
Kolkata,west-bengal,PVR,"INOX Hind, Ganesh Chandra Avenue, Kolkata",1020716,700013,SCREEN 1,2D,2026-10-03T09:50,Available,325,325,0,0,EXECUTIVE:0/37@220; PREMIUM:0/107@230; SILVER:0/181@260,1020716-41734-ob5bpq-1020716
Kolkata,west-bengal,PVR,"INOX Metropolis Mall, Hiland Park, Kolkata",1020713,700094,SCREEN 1,2D,2026-10-03T03:45,Available,193,193,0,0,PREMIER:0/29@190; SILVER:0/146@210; ROYAL:0/18@350,1020713-100498-ob5bpq-1020713
Kolkata,west-bengal,PVR,"INOX Metropolis Mall, Hiland Park, Kolkata",1020713,700094,SCREEN 1,2D,2026-10-03T14:55,Available,193,193,0,0,PREMIER:0/29@290; SILVER:0/146@310; ROYAL:0/18@550,1020713-100502-ob5bpq-1020713
Kolkata,west-bengal,PVR,"INOX Metro, Jawaharlal Nehru Road, Kolkata",1020733,700013,SCREEN 2,2D,2026-10-03T12:20,Available,176,176,0,0,EXECUTIVE:0/38@250; CLUB:0/63@270; ROYAL:0/75@290,1020733-19851-ob5bpq-1020733
Kolkata,west-bengal,PVR,"INOX Swabhumi, Maulana Azad Sarani, Kolkata",1020722,700054,SCREEN 4,2D,2026-10-03T09:25,Available,166,166,0,0,CLASSIC ROWS:0/33@270; PRIME ROWS:0/109@300; PRIME PLUS ROWS:0/24@320,1020722-94024-ob5bpq-1020722
Kolkata,west-bengal,PVR,"INOX Swabhumi, Maulana Azad Sarani, Kolkata",1020722,700054,SCREEN 4,2D,2026-10-03T15:10,Available,166,166,0,0,CLASSIC ROWS:0/33@270; PRIME ROWS:0/109@300; PRIME PLUS ROWS:0/24@320,1020722-94026-ob5bpq-1020722
Kolkata,west-bengal,PVR,"PVR Manisquare, Mani Square Mall, Kolkata",1020736,700054,SCREEN 2,2D,2026-10-03T15:00,Available,147,145,2,1340,CLASSIC:0/45@300; PRIME:0/81@340; RECLINER:2/21@670,1020736-22789-ob5bpq-1020736
Kolkata,west-bengal,miraj,"Miraj Cinemas : Downtown Mall, Salt Lake",1024333,700091,SCREEN 4,2D,2026-10-03T04:00,Available,166,166,0,0,SILVER:0/42@150; EXECUTIVE:0/63@170; GOLD:0/61@170,1024333-19086-ob5bpq-1024333
Kolkata,west-bengal,miraj,"Miraj Cinemas : Downtown Mall, Salt Lake",1024333,700091,SCREEN 4,2D,2026-10-03T12:40,Available,166,166,0,0,SILVER:0/42@220; EXECUTIVE:0/63@240; GOLD:0/61@260,1024333-19088-ob5bpq-1024333
Kolkata,west-bengal,PVR,"PVR Avani River Side Mall, Howrah, Kolkata",1022262,711102,AUDI 01,2D,2026-10-03T04:30,Available,194,190,4,880,CLASSIC ROWS:0/28@180; PRIME ROWS:2/70@200; PRIME PLUS ROWS:0/68@210; EXTRA LEGROOM ROWS:0/17@220; PRIME PLUS SOFA ROWS:2/11@240,1022262-20840-ob5bpq-1022262
Kolkata,west-bengal,PVR,"PVR Avani River Side Mall, Howrah, Kolkata",1022262,711102,AUDI 01,2D,2026-10-03T12:15,Available,194,190,4,1240,CLASSIC ROWS:0/28@260; PRIME ROWS:2/70@280; PRIME PLUS ROWS:0/68@290; EXTRA LEGROOM ROWS:0/17@300; PRIME PLUS SOFA ROWS:2/11@340,1022262-20843-ob5bpq-1022262
Kolkata,west-bengal,PVR,"INOX City Centre, Saltlake, kolkata",1020719,700064,SCREEN 1,2D,2026-10-03T03:45,Available,225,223,2,440,CLASSIC ROWS:0/49@220; PRIME PLUS ROWS:0/48@220; PRIME ROWS:2/128@220,1020719-113214-ob5bpq-1020719
Howrah,west-bengal,SVF Cinemas,"SVF Cinemas : Platina Mall, Howrah",1102203,711101,SCREEN 2,2D,2026-10-03T06:40,Available,148,138,10,3250,GOLD:0/14@100; PLATINUM:0/42@230; DIAMOND:5/84@250; ROYAL:5/8@400,1102203-11982-ob5bpq-1102203
Howrah,west-bengal,SVF Cinemas,"SVF Cinemas : Platina Mall, Howrah",1102203,711101,SCREEN 2,2D,2026-10-03T09:10,Available,148,138,10,3250,GOLD:0/14@100; PLATINUM:0/42@230; DIAMOND:5/84@250; ROYAL:5/8@400,1102203-11983-ob5bpq-1102203
Howrah,west-bengal,SVF Cinemas,"SVF Cinemas : Platina Mall, Howrah",1102203,711101,SCREEN 2,2D,2026-10-03T11:50,Available,148,138,10,3250,GOLD:0/14@100; PLATINUM:0/42@230; DIAMOND:5/84@250; ROYAL:5/8@400,1102203-11984-ob5bpq-1102203
Howrah,west-bengal,SVF Cinemas,"SVF Cinemas : Platina Mall, Howrah",1102203,711101,SCREEN 2,2D,2026-10-03T17:00,Available,148,138,10,3250,GOLD:0/14@100; PLATINUM:0/42@230; DIAMOND:5/84@250; ROYAL:5/8@400,1102203-11986-ob5bpq-1102203
Howrah,west-bengal,miraj,"Miraj Cinemas : Aurbindo Mall, Howrah",3621,711106,SCREEN 1,2D,2026-10-03T07:00,Available,257,257,0,0,PREMIUM:0/136@220; DELUXE:0/121@220,3621-28924-ob5bpq-3621
Kolkata,west-bengal,SVF Cinemas,Nazrultirtha Cinema : Kolkata,1102200,700156,SCREEN 2,2D,2026-10-03T10:25,Available,96,89,7,1260,SILVER:0/13@180; GOLD:7/83@180,1102200-8125-ob5bpq-1102200
Kolkata,west-bengal,SVF Cinemas,Nazrultirtha Cinema : Kolkata,1102200,700156,SCREEN 2,2D,2026-10-03T13:00,Available,96,91,5,900,SILVER:0/13@180; GOLD:5/83@180,1102200-8126-ob5bpq-1102200
Kolkata,west-bengal,SVF Cinemas,"SVF Cinemas : Wood Square Mall, Narendrapur",1102209,700103,SCREEN 1,2D,2026-10-03T07:15,Available,132,126,6,2100,GOLD:0/7@200; PLATINUM:0/48@220; DIAMOND:0/68@220; ROYAL:6/9@350,1102209-42658-ob5bpq-1102209
Kolkata,west-bengal,SVF Cinemas,"SVF Cinemas : Wood Square Mall, Narendrapur",1102209,700103,SCREEN 1,2D,2026-10-03T12:50,Available,132,126,6,2100,GOLD:0/7@200; PLATINUM:0/48@220; DIAMOND:0/68@220; ROYAL:6/9@350,1102209-42660-ob5bpq-1102209
Kolkata,west-bengal,SVF Cinemas,"SVF Cinemas : Wood Square Mall, Narendrapur",1102209,700103,SCREEN 3,2D,2026-10-03T17:10,Available,62,56,6,2100,ROYAL LOUNGER:0/42@300; ROYAL RECLINER:6/20@350,1102209-42674-ob5bpq-1102209
Kolkata,west-bengal,PVR,"PVR Diamond Plaza, Jassore Road, Kolkata",1020735,700055,AUDI 05,2D,2026-10-03T04:55,Available,103,101,2,500,CLASSIC ROWS:0/13@220; PRIME ROWS:0/20@240; PRIME PLUS ROWS:2/40@250; PRIME PLUS SOFA ROWS:0/18@300; RECLINER ROWS:0/12@420,1020735-27191-ob5bpq-1020735
Kolkata,west-bengal,PVR,"PVR Diamond Plaza, Jassore Road, Kolkata",1020735,700055,AUDI 03,2D,2026-10-03T06:30,Available,180,180,0,0,CLASSIC ROWS:0/36@300; PRIME ROWS:0/66@320; PRIME PLUS ROWS:0/44@330; PRIME PLUS SOFA ROWS:0/20@380; RECLINER ROWS:0/14@570,1020735-27180-ob5bpq-1020735
Kolkata,west-bengal,PVR,"PVR Diamond Plaza, Jassore Road, Kolkata",1020735,700055,AUDI 03,2D,2026-10-03T12:20,Available,180,169,11,3610,CLASSIC ROWS:0/36@300; PRIME ROWS:2/66@320; PRIME PLUS ROWS:9/44@330; PRIME PLUS SOFA ROWS:0/20@380; RECLINER ROWS:0/14@570,1020735-27182-ob5bpq-1020735
Kolkata,west-bengal,miraj,"Miraj Cinemas : The Terminus, New Town",12939,700156,SCREEN 4,2D,2026-10-03T03:45,Available,191,191,0,0,SPECIAL:0/59@160; EXECUTIVE:0/85@160; RECLINER:0/47@300,12939-50308-ob5bpq-12939
Kolkata,west-bengal,miraj,"Miraj Cinemas : The Terminus, New Town",12939,700156,SCREEN 4,2D,2026-10-03T12:05,Available,191,191,0,0,SPECIAL:0/59@260; EXECUTIVE:0/85@260; RECLINER:0/47@490,12939-50311-ob5bpq-12939
Kolkata,west-bengal,miraj,"Miraj Cinemas : The Terminus, New Town",12939,700156,SCREEN 1,2D,2026-10-03T18:00,Available,156,156,0,0,SPECIAL:0/56@260; EXECUTIVE:0/78@260; RECLINER:0/22@490,12939-50281-ob5bpq-12939
Howrah,west-bengal,PVR,"INOX Forum Rangoli Mall, Belur, Howrah",1029337,711202,SCREEN 1,2D,2026-10-03T03:20,Available,227,227,0,0,CLASSIC ROWS:0/46@200; PICTURE PERFECT:0/26@200; PRIME ROWS:0/99@200; PRIME PLUS ROWS:0/56@210,1029337-61431-ob5bpq-1029337
Howrah,west-bengal,PVR,"INOX Forum Rangoli Mall, Belur, Howrah",1029337,711202,SCREEN 1,2D,2026-10-03T09:00,Available,227,220,7,1960,CLASSIC ROWS:0/46@250; PICTURE PERFECT:0/26@270; PRIME ROWS:0/99@270; PRIME PLUS ROWS:7/56@280,1029337-61433-ob5bpq-1029337
Howrah,west-bengal,PVR,"INOX Forum Rangoli Mall, Belur, Howrah",1029337,711202,SCREEN 2,2D,2026-10-03T12:30,Available,225,220,5,1550,CLASSIC ROWS:0/46@280; PICTURE PERFECT:0/28@300; PRIME ROWS:0/96@300; PRIME PLUS ROWS:5/55@310,1029337-61446-ob5bpq-1029337
Howrah,west-bengal,PVR,"INOX Forum Rangoli Mall, Belur, Howrah",1029337,711202,SCREEN 2,2D,2026-10-03T18:10,Available,225,225,0,0,CLASSIC ROWS:0/46@280; PICTURE PERFECT:0/28@300; PRIME ROWS:0/96@300; PRIME PLUS ROWS:0/55@310,1029337-61448-ob5bpq-1029337
Kolkata,west-bengal,PVR,"INOX City Centre II, Rajarhat, Kolkata",1020724,700157,SCREEN 2,2D,2026-10-03T03:35,Available,273,271,2,480,CLASSIC ROWS:0/28@210; PICTURE PERFECT:0/30@230; PRIME ROWS:0/170@230; PRIME PLUS ROWS:2/45@240,1020724-98190-ob5bpq-1020724
Kolkata,west-bengal,PVR,"INOX City Centre II, Rajarhat, Kolkata",1020724,700157,SCREEN 3,2D,2026-10-03T06:10,Available,273,273,0,0,CLASSIC ROWS:0/28@210; PICTURE PERFECT:0/30@230; PRIME ROWS:0/170@230; PRIME PLUS ROWS:0/45@240,1020724-98197-ob5bpq-1020724
Kolkata,west-bengal,PVR,"INOX City Centre II, Rajarhat, Kolkata",1020724,700157,SCREEN 3,2D,2026-10-03T12:10,Available,273,265,8,2500,CLASSIC ROWS:0/28@290; PICTURE PERFECT:6/30@310; PRIME ROWS:0/170@310; PRIME PLUS ROWS:2/45@320,1020724-98199-ob5bpq-1020724
Kolkata,west-bengal,PVR,"INOX Star Mall, Madhyamgram, Kolkata",1020732,700129,SCREEN 1,2D,2026-10-03T03:40,Available,178,178,0,0,CLASSIC ROWS:0/30@180; PRIME ROWS:0/105@200; PRIME PLUS ROWS:0/43@220,1020732-53078-ob5bpq-1020732
Kolkata,west-bengal,PVR,"INOX Star Mall, Madhyamgram, Kolkata",1020732,700129,SCREEN 1,2D,2026-10-03T06:30,Available,178,178,0,0,CLASSIC ROWS:0/30@240; PRIME ROWS:0/105@260; PRIME PLUS ROWS:0/43@280,1020732-53079-ob5bpq-1020732
Kolkata,west-bengal,PVR,"INOX Star Mall, Madhyamgram, Kolkata",1020732,700129,SCREEN 2,2D,2026-10-03T14:50,Available,182,180,2,520,CLASSIC ROWS:0/32@240; PRIME ROWS:2/107@260; PRIME PLUS ROWS:0/43@280,1020732-53088-ob5bpq-1020732
Hooghly,west-bengal,Rabindra Mancha,"Rabindra Mancha, Jagadhatritala Road, Hooghly",49444,712124,SCREEN 1,2D,2026-10-03T07:30,Available,500,500,0,0,FIRST CLASS:0/300@70; BALCONY CLASS:0/200@90,49444-35117__1791012600__524__2074051-ob5bpq-49444
Hooghly,west-bengal,Rabindra Mancha,"Rabindra Mancha, Jagadhatritala Road, Hooghly",49444,712124,SCREEN 1,2D,2026-10-03T10:30,Available,500,500,0,0,FIRST CLASS:0/300@70; BALCONY CLASS:0/200@90,49444-35117__1791023400__524__2074052-ob5bpq-49444
Hooghly,west-bengal,Rabindra Mancha,"Rabindra Mancha, Jagadhatritala Road, Hooghly",49444,712124,SCREEN 1,2D,2026-10-03T13:00,Available,500,500,0,0,FIRST CLASS:0/300@70; BALCONY CLASS:0/200@90,49444-35117__1791032400__524__2074053-ob5bpq-49444
Pune,maharashtra,City Pride Multiplex,"City Pride Multiplex, Nyati Plaza, Kharadi (Pune)",1102429,411014,SCREEN4,2D,2026-10-03T04:45,Available,170,169,1,200,ROYAL SILVER:0/24@180; ROYAL GOLD:1/146@200,1102429-17310-ob5bpq-1102429
Pune,maharashtra,City Pride Multiplex,"City Pride Multiplex, Nyati Plaza, Kharadi (Pune)",1102429,411014,SCREEN1,2D,2026-10-03T10:00,Available,126,124,2,600,ROYAL SILVER:0/24@270; ROYAL GOLD:2/92@300; ROYAL RECLINER:0/10@600,1102429-17381-ob5bpq-1102429
Pune,maharashtra,City Pride Multiplex,"City Pride Multiplex, Nyati Plaza, Kharadi (Pune)",1102429,411014,SCREEN5,2D,2026-10-03T17:00,Available,178,178,0,0,ROYAL SILVER:0/24@300; ROYAL GOLD:0/154@330,1102429-17352-ob5bpq-1102429
Pune,maharashtra,PVR,"INOX Bund Garden, Bund Garden Road, Pune",1019930,411001,SCREEN 1,2D,2026-10-03T08:25,Available,231,229,2,500,CLASSIC ROWS:0/56@210; PRIME ROWS:0/116@230; PRIME PLUS ROWS:2/59@250,1019930-141909-ob5bpq-1019930
Pune,maharashtra,PVR,"PVR ICON Pavillion Mall, Shivajinagar, Pune",1019924,411016,AUDI 03,2D,2026-10-03T09:45,Available,232,230,2,620,CLASSIC ROWS:0/40@270; PRIME ROWS:2/120@310; PRIME PLUS ROWS:0/59@330; RECLINER ROWS:0/13@700,1019924-36491-ob5bpq-1019924
Pune,maharashtra,PVR,"PVR Kumar Pacific Mall, Swar Gate, Pune",1019925,411002,AUDI 02,2D,2026-10-03T04:05,Available,184,184,0,0,CLASSIC ROWS:0/24@170; PRIME ROWS:0/75@190; PRIME PLUS ROWS:0/60@210; EXTRA LEGROOM ROWS:0/15@230; RECLINER ROWS:0/10@290,1019925-22145-ob5bpq-1019925
Pune,maharashtra,PVR,"PVR Kumar Pacific Mall, Swar Gate, Pune",1019925,411002,AUDI 02,2D,2026-10-03T12:35,Available,184,182,2,940,CLASSIC ROWS:0/24@250; PRIME ROWS:0/75@270; PRIME PLUS ROWS:0/60@290; EXTRA LEGROOM ROWS:0/15@320; RECLINER ROWS:2/10@470,1019925-22148-ob5bpq-1019925
Pune,maharashtra,PVR,"PVR Directors Cut KOPA, KOPA Mall, Pune",1027604,411001,AUDI 05,2D,2026-10-03T12:20,Available,54,54,0,0,RECLINER:0/27@600; RECLINER PRIME:0/27@650,1027604-36091-ob5bpq-1027604
Pune,maharashtra,MovieMax,"MovieMax Gold, Mariplex Mall, Kalyani Nagar, Pune",1027599,411006,SCREEN3,2D,2026-10-03T15:30,Available,315,315,0,0,MAX PRIME:0/98@190; MAX PREMIER:0/195@210; RECLINER:0/22@450,1027599-15205-ob5bpq-1027599
Pune,maharashtra,Cinepolis,"Cinepolis Nexus Westend, Aundh, Pune",127,411007,AUDI06,2D,2026-10-03T04:00,Available,128,122,6,1380,NORMAL:0/12@170; EXECUTIVE:0/39@210; PREMIUM:6/77@230,127-16561-ob5bpq-127
Pune,maharashtra,Cinepolis,"Cinepolis Nexus Westend, Aundh, Pune",127,411007,AUDI06,2D,2026-10-03T16:50,Available,128,122,6,1800,NORMAL:0/12@240; EXECUTIVE:0/39@280; PREMIUM:6/77@300,127-16564-ob5bpq-127
Pune,maharashtra,PVR,"PVR Phoenix Market City, Nagar Road, Pune",1022265,411014,AUDI 05,2D,2026-10-03T04:35,Available,216,216,0,0,CLASSIC ROWS:0/36@190; CLASSIC PLUS ROWS:0/36@210; PRIME ROWS:0/107@230; PRIME PLUS ROWS:0/21@280; RECLINER ROWS:0/16@430,1022265-46421-ob5bpq-1022265
Pune,maharashtra,PVR,"PVR Phoenix Market City, Nagar Road, Pune",1022265,411014,AUDI 05,2D,2026-10-03T10:35,Available,216,209,7,3250,CLASSIC ROWS:0/36@270; CLASSIC PLUS ROWS:0/36@290; PRIME ROWS:3/107@310; PRIME PLUS ROWS:0/21@360; RECLINER ROWS:4/16@580,1022265-46423-ob5bpq-1022265
Pune,maharashtra,PVR,"PVR Phoenix Market City, Nagar Road, Pune",1022265,411014,AUDI 05,2D,2026-10-03T16:40,Available,216,216,0,0,CLASSIC ROWS:0/36@290; CLASSIC PLUS ROWS:0/36@310; PRIME ROWS:0/107@330; PRIME PLUS ROWS:0/21@380; RECLINER ROWS:0/16@580,1022265-46425-ob5bpq-1022265
Pune,maharashtra,Cinepolis,"Cinepolis Seasons Mall, Hadapsar, Pune",153,411028,AUDI 10,2D,2026-10-03T03:30,Available,165,160,5,1050,NORMAL:0/15@190; EXECUTIVE:0/47@190; PREMIUM:5/103@210,153-26111-ob5bpq-153
Pune,maharashtra,Cinepolis,"Cinepolis Seasons Mall, Hadapsar, Pune",153,411028,AUDI 10,2D,2026-10-03T06:25,Available,165,160,5,1250,NORMAL:0/15@230; EXECUTIVE:0/47@230; PREMIUM:5/103@250,153-26112-ob5bpq-153
Pune,maharashtra,Cinepolis,"Cinepolis Seasons Mall, Hadapsar, Pune",153,411028,AUDI 10,2D,2026-10-03T09:15,Available,165,158,7,1750,NORMAL:0/15@230; EXECUTIVE:0/47@230; PREMIUM:7/103@250,153-26113-ob5bpq-153
Pune,maharashtra,Cinepolis,"Cinepolis Seasons Mall, Hadapsar, Pune",153,411028,AUDI 10,2D,2026-10-03T12:10,Available,165,158,7,2030,NORMAL:0/15@270; EXECUTIVE:0/47@270; PREMIUM:7/103@290,153-26114-ob5bpq-153
Pune,maharashtra,Cinepolis,"Cinepolis Seasons Mall, Hadapsar, Pune",153,411028,AUDI 10,2D,2026-10-03T15:05,Available,165,160,5,1550,NORMAL:0/15@290; EXECUTIVE:0/47@290; PREMIUM:5/103@310,153-26115-ob5bpq-153
Pune,maharashtra,Cinepolis,"Cinepolis Seasons Mall, Hadapsar, Pune",153,411028,AUDI 10,2D,2026-10-03T18:00,Available,165,160,5,1550,NORMAL:0/15@290; EXECUTIVE:0/47@290; PREMIUM:5/103@310,153-26116-ob5bpq-153
Pune,maharashtra,PVR,"INOX Royal Heritage Mall, NIBM Ext., Pune",1019929,411060,SCREEN 2,2D,2026-10-03T08:45,Available,93,93,0,0,CLASSIC ROWS:0/26@230; PRIME ROWS:0/36@250; PRIME PLUS ROWS:0/19@270; RECLINER ROWS:0/12@420,1019929-98571-ob5bpq-1019929
Pune,maharashtra,MovieMax,"MovieMax Amanora, Town Centre, Pune (Now Renovated)",1025280,411028,SCREEN 5,2D,2026-10-03T04:45,Available,211,211,0,0,EXECUTIVE:0/42@150; CLUB:0/157@170; RECLINER:0/12@400,1025280-43455-ob5bpq-1025280
Pune,maharashtra,MovieMax,"MovieMax Amanora, Town Centre, Pune (Now Renovated)",1025280,411028,SCREEN 6,2D,2026-10-03T07:00,Available,211,184,27,5670,EXECUTIVE:0/42@190; CLUB:27/157@210; RECLINER:0/12@450,1025280-43440-ob5bpq-1025280
Pune,maharashtra,MovieMax,"MovieMax Amanora, Town Centre, Pune (Now Renovated)",1025280,411028,SCREEN 6,2D,2026-10-03T13:00,Available,211,161,50,13500,EXECUTIVE:0/42@250; CLUB:50/157@270; RECLINER:0/12@600,1025280-43441-ob5bpq-1025280
Pune,maharashtra,PVR,"INOX Megaplex, Phoenix Mall of the Millennium, Wakad, Pune",1023543,411057,AUDI 14,2D,2026-10-03T03:35,Available,156,156,0,0,CLASSIC ROWS:0/22@200; CLASSIC PLUS ROWS:0/22@230; PRIME ROWS:0/112@250,1023543-73737-ob5bpq-1023543
Pune,maharashtra,PVR,"INOX Megaplex, Phoenix Mall of the Millennium, Wakad, Pune",1023543,411057,AUDI 14,2D,2026-10-03T08:55,Available,156,140,16,4800,CLASSIC ROWS:0/22@250; CLASSIC PLUS ROWS:0/22@280; PRIME ROWS:16/112@300,1023543-73739-ob5bpq-1023543
Pune,maharashtra,PVR,"INOX Megaplex, Phoenix Mall of the Millennium, Wakad, Pune",1023543,411057,AUDI 14,2D,2026-10-03T12:05,Available,156,154,2,720,CLASSIC ROWS:0/22@310; CLASSIC PLUS ROWS:0/22@340; PRIME ROWS:2/112@360,1023543-73740-ob5bpq-1023543
Pune,maharashtra,PVR,"INOX Megaplex, Phoenix Mall of the Millennium, Wakad, Pune",1023543,411057,AUDI 14,2D,2026-10-03T15:15,Available,156,154,2,720,CLASSIC ROWS:0/22@310; CLASSIC PLUS ROWS:0/22@340; PRIME ROWS:2/112@360,1023543-73741-ob5bpq-1023543
Pune,maharashtra,PVR,"INOX Megaplex, Phoenix Mall of the Millennium, Wakad, Pune",1023543,411057,AUDI 14,2D,2026-10-03T18:25,Available,156,154,2,720,CLASSIC ROWS:0/22@310; CLASSIC PLUS ROWS:0/22@340; PRIME ROWS:2/112@360,1023543-73742-ob5bpq-1023543
Pune,maharashtra,PVR,"INOX Elpro City Square, Chinchwad, Pune",1019931,411033,SCREEN 4,2D,2026-10-03T03:20,Available,190,189,1,250,CLASSIC ROWS:0/34@180; PRIME ROWS:0/85@210; PRIME PLUS ROWS:1/54@250; EXTRA LEGROOM ROWS:0/17@270,1019931-59460-ob5bpq-1019931
Pune,maharashtra,PVR,"INOX Elpro City Square, Chinchwad, Pune",1019931,411033,SCREEN 4,2D,2026-10-03T15:15,Available,190,190,0,0,CLASSIC ROWS:0/34@280; PRIME ROWS:0/85@320; PRIME PLUS ROWS:0/54@360; EXTRA LEGROOM ROWS:0/17@380,1019931-59464-ob5bpq-1019931
Pune,maharashtra,miraj,"Miraj Cinemas : Spine City Mall, Pune",1017287,412105,SCREEN 4,2D,2026-10-03T03:45,Available,220,220,0,0,SILVER:0/48@150; GOLD:0/145@150; PLATINUM RECLINER:0/27@250,1017287-26628-ob5bpq-1017287
Pune,maharashtra,miraj,"Miraj Cinemas : Spine City Mall, Pune",1017287,412105,SCREEN 4,2D,2026-10-03T09:30,Available,220,220,0,0,SILVER:0/48@170; GOLD:0/145@190; PLATINUM RECLINER:0/27@290,1017287-26630-ob5bpq-1017287
Pune,maharashtra,miraj,"Miraj Cinemas : Spine City Mall, Pune",1017287,412105,SCREEN 1,2D,2026-10-03T12:00,Available,179,179,0,0,SILVER:0/48@170; GOLD:0/113@190; CLUB SOFA:0/18@240,1017287-26619-ob5bpq-1017287
Pune,maharashtra,miraj,"Miraj Cinemas : Spine City Mall, Pune",1017287,412105,SCREEN 4,2D,2026-10-03T15:30,Available,220,220,0,0,SILVER:0/48@200; GOLD:0/145@220; PLATINUM RECLINER:0/27@290,1017287-26632-ob5bpq-1017287
Pune,maharashtra,PVR,"PVR Grand Highstreet Mall, Hinjawadi, Pune",1019928,411057,AUDI 02,2D,2026-10-03T06:20,Available,148,146,2,500,CLASSIC ROWS:0/24@180; PRIME ROWS:0/48@200; PRIME PLUS ROWS:0/52@230; EXTRA LEGROOM ROWS:2/16@250; RECLINER ROWS:0/8@350,1019928-47707-ob5bpq-1019928
Pune,maharashtra,PVR,"PVR Grand Highstreet Mall, Hinjawadi, Pune",1019928,411057,AUDI 02,2D,2026-10-03T15:05,Available,148,148,0,0,CLASSIC ROWS:0/24@260; PRIME ROWS:0/48@280; PRIME PLUS ROWS:0/52@310; EXTRA LEGROOM ROWS:0/16@330; RECLINER ROWS:0/8@590,1019928-47710-ob5bpq-1019928
Pune,maharashtra,PVR,"INOX Jai Ganesh Vision Mall, Akurdi, Pune",1019927,411035,SCREEN 2,2D,2026-10-03T12:35,Available,137,135,2,420,CLASSIC ROWS:0/26@170; CLASSIC PLUS ROWS:0/64@190; PRIME ROWS:2/32@210; EXTRA LEGROOM ROWS:0/15@230,1019927-78554-ob5bpq-1019927
Ahmedabad,gujarat,City Gold,"City Gold, Ashram Road",1102111,380009,SCREEN 3,2D,2026-10-03T03:30,Available,261,261,0,0,EXECUTIVE:0/261@150,1102111-237357-ob5bpq-1102111
Ahmedabad,gujarat,City Gold,"City Gold, Ashram Road",1102111,380009,SCREEN 3,2D,2026-10-03T10:30,Available,261,261,0,0,EXECUTIVE:0/261@200,1102111-237375-ob5bpq-1102111
Ahmedabad,gujarat,City Gold,"City Gold, Ashram Road",1102111,380009,SCREEN 3,2D,2026-10-03T16:45,Available,261,261,0,0,EXECUTIVE:0/261@250,1102111-237381-ob5bpq-1102111
Ahmedabad,gujarat,miraj,"Miraj Cinemas : City Pulse, Ahmedabad",171,380001,SCREEN 7,2D,2026-10-03T05:00,Available,56,56,0,0,GOLD:0/56@140,171-150609-ob5bpq-171
Ahmedabad,gujarat,miraj,"Miraj Cinemas : City Pulse, Ahmedabad",171,380001,SCREEN 7,2D,2026-10-03T08:00,Available,56,56,0,0,GOLD:0/56@160,171-150610-ob5bpq-171
Ahmedabad,gujarat,miraj,"Miraj Cinemas : City Pulse, Ahmedabad",171,380001,SCREEN 7,2D,2026-10-03T11:00,Available,56,56,0,0,GOLD:0/56@180,171-150611-ob5bpq-171
Ahmedabad,gujarat,miraj,"Miraj Cinemas : City Pulse, Ahmedabad",171,380001,SCREEN 7,2D,2026-10-03T14:00,Available,56,56,0,0,GOLD:0/56@200,171-150612-ob5bpq-171
Ahmedabad,gujarat,miraj,"Miraj Cinemas : City Pulse, Ahmedabad",171,380001,SCREEN 7,2D,2026-10-03T17:00,Available,56,56,0,0,GOLD:0/56@220,171-150613-ob5bpq-171
Ahmedabad,gujarat,PVR,"PVR Arved Transcube, Vijay Nagar, Ahmedabad",1020682,382480,AUDI 07,2D,2026-10-03T03:50,Available,116,116,0,0,CLASSIC ROWS:0/30@105; PRIME ROWS:0/76@105; EXTRA LEGROOM ROWS:0/10@130,1020682-38212-ob5bpq-1020682
Ahmedabad,gujarat,PVR,"PVR Arved Transcube, Vijay Nagar, Ahmedabad",1020682,382480,AUDI 07,2D,2026-10-03T09:05,Available,116,116,0,0,CLASSIC ROWS:0/30@130; PRIME ROWS:0/76@160; EXTRA LEGROOM ROWS:0/10@190,1020682-38214-ob5bpq-1020682
Ahmedabad,gujarat,PVR,"PVR Arved Transcube, Vijay Nagar, Ahmedabad",1020682,382480,AUDI 07,2D,2026-10-03T17:40,Available,116,116,0,0,CLASSIC ROWS:0/30@180; PRIME ROWS:0/76@210; EXTRA LEGROOM ROWS:0/10@240,1020682-38217-ob5bpq-1020682
Ahmedabad,gujarat,Cinepolis,"Cinepolis Nexus One, Ahmedabad",125,380015,AUDI 3,2D,2026-10-03T03:30,Available,145,139,6,1440,EXECUTIVE:0/37@200; EXECUTIVE XL:0/15@240; PREMIUM:6/93@240,125-10016-ob5bpq-125
Ahmedabad,gujarat,City Gold,"City Gold, Satellite",1102115,380015,SCREEN 4,2D,2026-10-03T08:00,Available,123,123,0,0,EXECUTIVE:0/123@200,1102115-285742-ob5bpq-1102115
Ahmedabad,gujarat,City Gold,"City Gold, Satellite",1102115,380015,SCREEN 1,2D,2026-10-03T13:00,Available,100,100,0,0,EXECUTIVE:0/100@250,1102115-285734-ob5bpq-1102115
Ahmedabad,gujarat,Apple Cinema,"Apple Cinema, Bapunagar, Ahmedabad",1102449,380024,SCREEN 2,2D,2026-10-03T06:45,Available,107,107,0,0,SILVER:0/65@160; LOUNGER:0/10@170; PLATINUM:0/32@180,1102449-64281-ob5bpq-1102449
Ahmedabad,gujarat,Apple Cinema,"Apple Cinema, Bapunagar, Ahmedabad",1102449,380024,SCREEN 2,2D,2026-10-03T17:30,Available,300,300,0,0,SILVER:0/100@240; PLATINUM:0/100@250; LOUNGER:0/100@250,1102449-64309-ob5bpq-1102449
Ahmedabad,gujarat,PVR,"PVR Palladium Mall, Thaltej, Ahmedabad",1032362,380054,SCREEN 8,2D,2026-10-03T14:55,Available,65,61,4,1880,CLASSIC ROWS:0/18@290; PRIME ROWS:0/18@310; PRIME PLUS ROWS:2/21@360; RECLINER ROWS:2/8@580,1032362-39970-ob5bpq-1032362
Ahmedabad,gujarat,PVR,"PVR Palladium Mall, Thaltej, Ahmedabad",1032362,380054,SCREEN 8,2D,2026-10-03T17:50,Available,65,65,0,0,CLASSIC ROWS:0/18@310; PRIME ROWS:0/18@330; PRIME PLUS ROWS:0/21@380; RECLINER ROWS:0/8@610,1032362-39971-ob5bpq-1032362
Ahmedabad,gujarat,PVR,"PVR Acropolis, Acropolis Mall, Ahmedabad",1022291,380059,AUDI 03,2D,2026-10-03T03:25,Available,161,160,1,220,CLASSIC ROWS:0/39@150; PRIME ROWS:0/65@170; PRIME PLUS ROWS:1/34@220; EXTRA LEGROOM ROWS:0/15@250; RECLINER ROWS:0/8@360,1022291-34735-ob5bpq-1022291
Ahmedabad,gujarat,PVR,"PVR Acropolis, Acropolis Mall, Ahmedabad",1022291,380059,AUDI 03,2D,2026-10-03T15:00,Available,161,157,4,1120,CLASSIC ROWS:0/39@260; PRIME ROWS:4/65@280; PRIME PLUS ROWS:0/34@330; EXTRA LEGROOM ROWS:0/15@360; RECLINER ROWS:0/8@530,1022291-34739-ob5bpq-1022291
Ahmedabad,gujarat,New Fangled Miniplex,"Newfangled Miniplex (Twin Seat), Mondeal Retail Park, Ahmedabad",28429,380015,SCREEN 2,2D,2026-10-03T09:45,Available,22,22,0,0,V COUPLE SEAT:0/11@650; P COUPLE SEAT:0/11@650,28429-283471-ob5bpq-28429
Ahmedabad,gujarat,miraj,"Miraj Cinemas : Cinepride, Krishna Nagar",170,382346,SCREEN 4,2D,2026-10-03T03:30,Available,123,123,0,0,PLATINUM:0/98@149; GOLD:0/25@149,170-113940-ob5bpq-170
Ahmedabad,gujarat,miraj,"Miraj Cinemas : Cinepride, Krishna Nagar",170,382346,SCREEN 2,2D,2026-10-03T08:30,Available,125,125,0,0,GOLD:0/27@149; PLATINUM:0/98@149,170-113931-ob5bpq-170
Ahmedabad,gujarat,miraj,"Miraj Cinemas : Cinepride, Krishna Nagar",170,382346,SCREEN 2,2D,2026-10-03T14:00,Available,125,125,0,0,GOLD:0/27@149; PLATINUM:0/98@149,170-113933-ob5bpq-170
Ahmedabad,gujarat,Revolution Video,"Revolution Multiplex, CTM, Ahmedabad",1037,380026,SCREEN 3,2D,2026-10-03T07:10,Available,400,400,0,0,GOLDEN:0/100@160; PLATINUM:0/100@180; LOUNGER:0/100@200; ROYAL SOFA:0/100@250,1037-229446-ob5bpq-1037
Ahmedabad,gujarat,Revolution Video,"Revolution Multiplex, CTM, Ahmedabad",1037,380026,SCREEN 3,2D,2026-10-03T10:10,Available,98,98,0,0,GOLDEN:0/40@160; PLATINUM:0/26@180; LOUNGER:0/8@200; ROYAL SOFA:0/24@250,1037-229468-ob5bpq-1037
Ahmedabad,gujarat,Revolution Video,"Revolution Multiplex, CTM, Ahmedabad",1037,380026,SCREEN 4,2D,2026-10-03T13:15,Available,125,125,0,0,GOLDEN:0/50@160; PLATINUM:0/50@180; LOUNGER:0/9@200; SOFA CLASS:0/16@250,1037-229481-ob5bpq-1037
Ahmedabad,gujarat,Revolution Video,"Revolution Multiplex, CTM, Ahmedabad",1037,380026,SCREEN 2,2D,2026-10-03T16:05,Available,400,400,0,0,GOLDEN:0/100@160; PLATINUM:0/100@180; LOUNGER:0/100@200; ROYAL SOFA:0/100@250,1037-229411-ob5bpq-1037
Ahmedabad,gujarat,Wide Angle Multiplex,"Wide Angle Multiplex, Satellite Crossing, Ahmedabad",1024793,380015,SCREEN 3,2D,2026-10-03T04:00,Available,20,20,0,0,SILVER:0/10@150; GOLD:0/10@150,1024793-225464-ob5bpq-1024793
Ahmedabad,gujarat,Wide Angle Multiplex,"Wide Angle Multiplex, Satellite Crossing, Ahmedabad",1024793,380015,SCREEN 3,2D,2026-10-03T17:00,Available,20,20,0,0,SILVER:0/10@250; GOLD:0/10@250,1024793-225497-ob5bpq-1024793
Ahmedabad,gujarat,Apple Cinema,"Apple Multiplex, Gota, Ahmedabad",1058869,382481,SCREEN 4,2D,2026-10-03T05:30,Available,93,93,0,0,PLATINUM:0/22@180; SLIDER SOFA:0/58@180; LOUNGER:0/13@180,1058869-92862-ob5bpq-1058869
Ahmedabad,gujarat,Apple Cinema,"Apple Multiplex, Gota, Ahmedabad",1058869,382481,SCREEN 4,2D,2026-10-03T11:15,Available,300,300,0,0,PLATINUM:0/100@180; SLIDER SOFA:0/100@180; LOUNGER:0/100@180,1058869-92876-ob5bpq-1058869
Ahmedabad,gujarat,Apple Cinema,"Apple Multiplex, Gota, Ahmedabad",1058869,382481,SCREEN 4,2D,2026-10-03T17:00,Available,300,300,0,0,SLIDER SOFA:0/100@200; PLATINUM:0/100@230; LOUNGER:0/100@230,1058869-92890-ob5bpq-1058869
Ahmedabad,gujarat,New Fangled Miniplex,"Newfangled Miniplex (Twin Seat), Motera, Ahmedabad",28430,380005,SCREEN 4,2D,2026-10-03T09:45,Available,11,11,0,0,COUPLE SEAT:0/11@550,28430-247173-ob5bpq-28430
Ahmedabad,gujarat,PVR,"PVR Motera, 4D Square Mall, Ahmedabad",1020683,380005,AUDI 01,2D,2026-10-03T11:50,Available,251,251,0,0,CLASSIC ROWS:0/54@160; PRIME ROWS:0/140@190; EXTRA LEGROOM ROWS:0/14@210; PICTURE PERFECT:0/20@210; RECLINER ROWS:0/23@380,1020683-21617-ob5bpq-1020683
Ahmedabad,gujarat,Sanelite Cinema,"Sanelite Cinemas (Banana Smartplex), SBR, Thaltej",1102485,380059,SCREEN 3,2D,2026-10-03T06:30,Available,24,24,0,0,COUPLE SOFA (1ADMIT):0/16@200; COUPLE LOUNGER (2ADMITS):0/8@400,1102485-62286-ob5bpq-1102485
Ahmedabad,gujarat,Sanelite Cinema,"Sanelite Cinemas (Banana Smartplex), SBR, Thaltej",1102485,380059,SCREEN 3,2D,2026-10-03T14:45,Available,24,24,0,0,COUPLE SOFA (1ADMIT):0/16@250; COUPLE LOUNGER (2ADMITS):0/8@500,1102485-62307-ob5bpq-1102485
Ahmedabad,gujarat,Devi,"Devi Multiplex, Naroda, Ahmedabad",900,382330,SCREEN 2,2D,2026-10-03T08:30,Available,140,140,0,0,PLATINUM:0/42@150; GOLD:0/98@150,900-116766-ob5bpq-900
Ahmedabad,gujarat,Devi,"Devi Multiplex, Naroda, Ahmedabad",900,382330,SCREEN 2,2D,2026-10-03T14:00,Available,140,140,0,0,PLATINUM:0/42@150; GOLD:0/98@150,900-116769-ob5bpq-900
Ahmedabad,gujarat,Devi,"Devi Multiplex, Naroda, Ahmedabad",900,382330,SCREEN 1,2D,2026-10-03T15:30,Available,152,152,0,0,PLATINUM:0/40@150; GOLD:0/112@150,900-116760-ob5bpq-900
Ahmedabad,gujarat,Cinepolis,"Cinepolis Kankubag, Ahmedabad",1016640,382418,AUDI 3,2D,2026-10-03T03:30,Available,192,187,5,950,NORMAL:0/12@150; EXECUTIVE:0/42@170; PREMIUM:5/100@190; PREMIUM PLUS:0/14@210; PREMIUM XL:0/14@230; RECLINER:0/10@380,1016640-8231-ob5bpq-1016640
Ahmedabad,gujarat,Cinepolis,"Cinepolis Kankubag, Ahmedabad",1016640,382418,AUDI 3,2D,2026-10-03T09:10,Available,192,187,5,1000,NORMAL:0/12@160; EXECUTIVE:0/42@180; PREMIUM:5/100@200; PREMIUM PLUS:0/14@220; PREMIUM XL:0/14@240; RECLINER:0/10@400,1016640-8233-ob5bpq-1016640
Ahmedabad,gujarat,Cinepolis,"Cinepolis Kankubag, Ahmedabad",1016640,382418,AUDI 3,2D,2026-10-03T15:00,Available,192,187,5,1400,NORMAL:0/12@210; EXECUTIVE:0/42@260; PREMIUM:5/100@280; PREMIUM PLUS:0/14@300; PREMIUM XL:0/14@320; RECLINER:0/10@560,1016640-8235-ob5bpq-1016640
Ahmedabad,gujarat,Sanelite Cinema,"Sanelite Cinemas, Science City",1102495,380060,SCREEN 1,2D,2026-10-03T07:30,Available,100,100,0,0,MILLER:0/100@200,1102495-103982-ob5bpq-1102495
Ahmedabad,gujarat,Sanelite Cinema,"Sanelite Cinemas, Science City",1102495,380060,SCREEN 1,2D,2026-10-03T14:15,Available,41,41,0,0,MILLER:0/41@230,1102495-103996-ob5bpq-1102495
Ahmedabad,gujarat,Rajhans Cinemas,"Rajhans Cinemas, Nikol, Ahmedabad",1050995,382350,SCREEN 3,2D,2026-10-03T04:45,Available,251,218,33,4950,MARVEL:0/26@105; ROYAL:0/73@130; EXECUTIVE:21/140@150; BOX:12/12@150,1050995-62131-ob5bpq-1050995
Ahmedabad,gujarat,Rajhans Cinemas,"Rajhans Cinemas, Nikol, Ahmedabad",1050995,382350,SCREEN 3,2D,2026-10-03T13:30,Available,251,218,33,6600,MARVEL:0/26@160; ROYAL:0/73@190; EXECUTIVE:21/140@200; BOX:12/12@200,1050995-62134-ob5bpq-1050995
Ahmedabad,gujarat,Rajhans Cinemas,"Rajhans Cinema, Vastral, Ahmedabad",17669,382418,SCREEN 3,2D,2026-10-03T05:15,Available,232,220,12,2700,MARVEL:0/38@105; ROYAL:0/49@130; EXECUTIVE:6/125@130; RECLINER:6/20@320,17669-60013-ob5bpq-17669
Ahmedabad,gujarat,Rajhans Cinemas,"Rajhans Cinema, Vastral, Ahmedabad",17669,382418,SCREEN 4,2D,2026-10-03T07:45,Available,193,181,12,3180,MARVEL:0/32@160; ROYAL:0/40@170; EXECUTIVE:6/104@180; RECLINER:6/17@350,17669-60019-ob5bpq-17669
Ahmedabad,gujarat,Rajhans Cinemas,"Rajhans Cinema, Vastral, Ahmedabad",17669,382418,SCREEN 3,2D,2026-10-03T11:45,Available,232,220,12,3480,MARVEL:0/38@170; ROYAL:0/49@190; EXECUTIVE:6/125@200; RECLINER:6/20@380,17669-60015-ob5bpq-17669
Ahmedabad,gujarat,Rajhans Cinemas,"Rajhans Cinema, Vastral, Ahmedabad",17669,382418,SCREEN 3,2D,2026-10-03T14:30,Available,232,220,12,3480,MARVEL:0/38@140; ROYAL:0/49@160; EXECUTIVE:6/125@180; RECLINER:6/20@400,17669-60016-ob5bpq-17669
Ahmedabad,gujarat,Rajhans Cinemas,"Rajhans Cinema, Vastral, Ahmedabad",17669,382418,SCREEN 3,2D,2026-10-03T17:15,Available,232,220,12,3480,MARVEL:0/38@140; ROYAL:0/49@160; EXECUTIVE:6/125@180; RECLINER:6/20@400,17669-60017-ob5bpq-17669
Ahmedabad,gujarat,PVR,"PVR Satyamev Emporio Odhav, Satyamev Emporio Mall, Ahmedabad",1022293,382430,AUDI 01,2D,2026-10-03T07:45,Available,128,128,0,0,CLASSIC ROWS:0/39@99; PRIME ROWS:0/58@190; EXTRA LEGROOM ROWS:0/16@220; RECLINER ROWS:0/15@390,1022293-26341-ob5bpq-1022293
Ahmedabad,gujarat,City Gold,"City Gold, Bopal",1102113,380058,SCREEN 2,2D,2026-10-03T11:30,Available,115,115,0,0,EXECUTIVE:0/115@200,1102113-110902-ob5bpq-1102113
Ahmedabad,gujarat,Sanelite Cinema,"Sanelite Cinemas, South Bopal",1102489,380058,SCREEN 3,2D,2026-10-03T06:30,Available,25,25,0,0,COUPLE SOFA (1ADMIT):0/10@200; COUPLE SEATS (2ADMIT):0/15@400,1102489-4598-ob5bpq-1102489
Ahmedabad,gujarat,Sanelite Cinema,"Sanelite Cinemas, South Bopal",1102489,380058,SCREEN 3,2D,2026-10-03T14:45,Available,25,25,0,0,COUPLE SOFA (1ADMIT):0/10@250; COUPLE SEATS (2ADMIT):0/15@500,1102489-4619-ob5bpq-1102489
Ahmedabad,gujarat,Rajhans Cinemas,"Rajhans Cinemas The CBD Mall, Zundal Circle, Ahmedabad",1031255,382421,SCREEN2,2D,2026-10-03T05:00,Available,192,176,16,2080,MARVEL:0/18@105; ROYAL:0/36@130; EXECUTIVE:16/126@130; RECLINER:0/12@300,1031255-28642-ob5bpq-1031255
Ahmedabad,gujarat,Rajhans Cinemas,"Rajhans Cinemas The CBD Mall, Zundal Circle, Ahmedabad",1031255,382421,SCREEN6,2D,2026-10-03T06:15,Available,192,176,16,2080,MARVEL:0/18@105; ROYAL:0/36@130; EXECUTIVE:16/126@130; RECLINER:0/12@300,1031255-28662-ob5bpq-1031255
Ahmedabad,gujarat,Rajhans Cinemas,"Rajhans Cinemas The CBD Mall, Zundal Circle, Ahmedabad",1031255,382421,SCREEN2,2D,2026-10-03T07:45,Available,192,176,16,2560,MARVEL:0/18@130; ROYAL:0/36@150; EXECUTIVE:16/126@160; RECLINER:0/12@330,1031255-28643-ob5bpq-1031255
Ahmedabad,gujarat,Rajhans Cinemas,"Rajhans Cinemas The CBD Mall, Zundal Circle, Ahmedabad",1031255,382421,SCREEN6,2D,2026-10-03T09:00,Available,192,176,16,2560,MARVEL:0/18@130; ROYAL:0/36@150; EXECUTIVE:16/126@160; RECLINER:0/12@330,1031255-28663-ob5bpq-1031255
Ahmedabad,gujarat,Rajhans Cinemas,"Rajhans Cinemas The CBD Mall, Zundal Circle, Ahmedabad",1031255,382421,SCREEN2,2D,2026-10-03T10:30,Available,192,176,16,2880,MARVEL:0/18@150; ROYAL:0/36@170; EXECUTIVE:16/126@180; RECLINER:0/12@350,1031255-28644-ob5bpq-1031255
Ahmedabad,gujarat,Rajhans Cinemas,"Rajhans Cinemas The CBD Mall, Zundal Circle, Ahmedabad",1031255,382421,SCREEN2,2D,2026-10-03T13:15,Available,192,176,16,3360,MARVEL:0/18@170; ROYAL:0/36@200; EXECUTIVE:16/126@210; RECLINER:0/12@380,1031255-28645-ob5bpq-1031255
Ahmedabad,gujarat,Rajhans Cinemas,"Rajhans Cinemas The CBD Mall, Zundal Circle, Ahmedabad",1031255,382421,SCREEN7,2D,2026-10-03T16:15,Available,163,150,13,2990,MARVEL:0/15@190; ROYAL:0/30@220; EXECUTIVE:13/105@230; RECLINER:0/13@400,1031255-28671-ob5bpq-1031255
Ahmedabad,gujarat,miraj,"Miraj Cinemas : Vitthal Plaza, New Naroda",2612,382330,SCREEN 3,2D,2026-10-03T15:00,Available,124,124,0,0,EXECUTIVE:0/114@149; PLATINUM:0/10@249,2612-45127-ob5bpq-2612
Ahmedabad,gujarat,miraj,"Miraj Cinemas : Shalin Square, Hathijan",1028845,382445,SCREEN 1,2D,2026-10-03T03:40,Available,88,88,0,0,LOUNGER:0/9@150; PLATINUM:0/66@150; CLUB SOFA:0/13@200,1028845-15193-ob5bpq-1028845
Ahmedabad,gujarat,miraj,"Miraj Cinemas : Shalin Square, Hathijan",1028845,382445,SCREEN 1,2D,2026-10-03T17:30,Available,88,88,0,0,PLATINUM:0/66@180; LOUNGER:0/9@200; CLUB SOFA:0/13@200,1028845-15198-ob5bpq-1028845
Sanand,gujarat,miraj,"Miraj Cinemas : Vardhman Square, Sanand",1027645,382110,SCREEN 1,2D,2026-10-03T12:15,Available,125,125,0,0,LOUNGER:0/11@200; SOFA:0/96@200; RECLINER:0/18@400,1027645-14053-ob5bpq-1027645
Jaipur,rajasthan,Cinepolis,"Cinepolis Jewel of India, Jaipur",1039934,302018,AUDI 5,2D,2026-10-03T08:00,Available,208,202,6,1860,NORMAL:0/17@230; EXECUTIVE:0/57@270; PREMIUM:0/57@290; PREMIUM PLUS:6/44@310; PREMIUM XL:0/19@330; RECLINER:0/14@540,1039934-11836-ob5bpq-1039934
Jaipur,rajasthan,Cinepolis,"Cinepolis Jewel of India, Jaipur",1039934,302018,AUDI 1,2D,2026-10-03T13:45,Available,217,211,6,1980,NORMAL:0/17@250; EXECUTIVE:0/38@290; PREMIUM:0/57@310; PREMIUM PLUS:6/69@330; PREMIUM XL:0/23@350; RECLINER:0/13@580,1039934-11833-ob5bpq-1039934
Jaipur,rajasthan,Cinepolis,"Cinepolis Jewel of India, Jaipur",1039934,302018,AUDI 5,2D,2026-10-03T18:25,Available,208,202,6,1980,NORMAL:0/17@250; EXECUTIVE:0/57@290; PREMIUM:0/57@310; PREMIUM PLUS:6/44@330; PREMIUM XL:0/19@350; RECLINER:0/14@580,1039934-11839-ob5bpq-1039934
Jaipur,rajasthan,PVR,"INOX GT Central Mall, Malviya Nagar, Jaipur",1024436,302017,SCREEN 7,2D,2026-10-03T06:45,Available,56,56,0,0,PRIME ROWS:0/14@250; PRIME PLUS ROWS:0/42@270,1024436-89011-ob5bpq-1024436
Jaipur,rajasthan,PVR,"INOX GT Central Mall, Malviya Nagar, Jaipur",1024436,302017,SCREEN 3,2D,2026-10-03T17:15,Available,36,36,0,0,PRIME ROWS:0/36@270,1024436-89058-ob5bpq-1024436
Jaipur,rajasthan,Cinepolis,"Cinepolis World Trade Park, Malviya Nagar, Jaipur",116,302001,AUDI 4,2D,2026-10-03T03:30,Available,191,183,8,1840,NORMAL:0/23@170; EXECUTIVE:0/69@210; PREMIUM:8/99@230,116-8407-ob5bpq-116
Jaipur,rajasthan,Cinepolis,"Cinepolis World Trade Park, Malviya Nagar, Jaipur",116,302001,AUDI 3,2D,2026-10-03T10:00,Available,232,226,6,1740,NORMAL:0/19@230; EXECUTIVE:0/80@270; PREMIUM:6/92@290; PREMIUM XL:0/20@330; RECLINER:0/21@540,116-8404-ob5bpq-116
Jaipur,rajasthan,PVR,"INOX Pink Square Mall, Raja Park, Jaipur",1024430,302004,SCREEN 3,2D,2026-10-03T06:40,Available,191,187,4,1040,CLASSIC ROWS:0/43@220; PRIME ROWS:0/88@240; PRIME PLUS ROWS:4/34@260; EXTRA LEGROOM ROWS:0/14@260; RECLINER ROWS:0/12@420,1024430-93659-ob5bpq-1024430
Jaipur,rajasthan,PVR,"INOX Pink Square Mall, Raja Park, Jaipur",1024430,302004,SCREEN 2,2D,2026-10-03T14:35,Available,206,206,0,0,CLASSIC ROWS:0/43@240; PRIME ROWS:0/106@260; PRIME PLUS ROWS:0/33@280; EXTRA LEGROOM ROWS:0/18@280; RECLINER ROWS:0/6@450,1024430-93672-ob5bpq-1024430
Jaipur,rajasthan,miraj,"Miraj Cinemas : Entertainment Paradise, Jaipur",9149,302017,SCREEN 3,2D,2026-10-03T14:50,Available,470,449,21,9350,SILVER:0/54@230; GOLD:0/324@250; CLUB SOFA:11/76@350; PLATINUM RECLINER:10/16@550,9149-34193-ob5bpq-9149
Jaipur,rajasthan,PVR,"INOX JTM Mall, Malviya Nagar, Jaipur",1024433,302017,SCREEN 2,2D,2026-10-03T12:35,Available,108,104,4,1600,CLASSIC ROWS:0/14@210; PRIME ROWS:0/56@230; PRIME PLUS ROWS:0/14@250; EXTRA LEGROOM ROWS:0/14@250; RECLINER ROWS:4/10@400,1024433-30144-ob5bpq-1024433
Jaipur,rajasthan,PVR,"INOX Sunny Trade Center, Mansarovar, Jaipur",1024431,302020,SCREEN 2,2D,2026-10-03T03:30,Available,192,192,0,0,CLASSIC ROWS:0/30@140; PRIME ROWS:0/95@160; PRIME PLUS ROWS:0/38@180; EXTRA LEGROOM ROWS:0/18@180; RECLINER ROWS:0/11@290,1024431-69179-ob5bpq-1024431
Jaipur,rajasthan,PVR,"INOX Sunny Trade Center, Mansarovar, Jaipur",1024431,302020,SCREEN 2,2D,2026-10-03T09:35,Available,192,192,0,0,CLASSIC ROWS:0/30@220; PRIME ROWS:0/95@240; PRIME PLUS ROWS:0/38@270; EXTRA LEGROOM ROWS:0/18@270; RECLINER ROWS:0/11@440,1024431-69181-ob5bpq-1024431
Jaipur,rajasthan,PVR,"INOX Sunny Trade Center, Mansarovar, Jaipur",1024431,302020,SCREEN 1,2D,2026-10-03T18:00,Available,195,195,0,0,CLASSIC ROWS:0/30@230; PRIME ROWS:0/96@250; PRIME PLUS ROWS:0/38@280; EXTRA LEGROOM ROWS:0/18@280; RECLINER ROWS:0/13@450,1024431-69172-ob5bpq-1024431
Jaipur,rajasthan,Gold,"Gold Cinema, City Plaza, Bani Park (Newly Opened)",1102181,302016,SCREEN 3,2D,2026-10-03T06:30,Available,175,175,0,0,GOLD:0/165@200; RECLINER:0/10@500,1102181-7176-ob5bpq-1102181
Jaipur,rajasthan,Gold,"Gold Cinema, City Plaza, Bani Park (Newly Opened)",1102181,302016,SCREEN 1,2D,2026-10-03T12:45,Available,100,100,0,0,GOLD:0/100@200,1102181-7167-ob5bpq-1102181
Jaipur,rajasthan,Cinepolis,"Cinepolis Triton Mega Mall, Jhotwara Road, Jaipur",142,302012,SCREEN 04,2D,2026-10-03T03:35,Available,164,158,6,1320,NORMAL:0/16@170; EXECUTIVE:0/51@190; PREMIUM:6/84@220; EXECUTIVE XL:0/13@240,142-7611-ob5bpq-142
Jaipur,rajasthan,Cinepolis,"Cinepolis Triton Mega Mall, Jhotwara Road, Jaipur",142,302012,SCREEN 04,2D,2026-10-03T08:45,Available,164,158,6,1440,NORMAL:0/16@200; EXECUTIVE:0/51@220; PREMIUM:6/84@240; EXECUTIVE XL:0/13@260,142-7613-ob5bpq-142
Jaipur,rajasthan,Cinepolis,"Cinepolis Triton Mega Mall, Jhotwara Road, Jaipur",142,302012,SCREEN 04,2D,2026-10-03T15:10,Available,164,158,6,1560,NORMAL:0/16@220; EXECUTIVE:0/51@240; PREMIUM:6/84@260; EXECUTIVE XL:0/13@280,142-7615-ob5bpq-142
Jaipur,rajasthan,PVR,"PVR Mall of Jaipur, Vaishali Nagar, Jaipur",1024434,302021,AUDI 02,2D,2026-10-03T03:30,Available,107,107,0,0,CLASSIC ROWS:0/24@200; PRIME ROWS:0/56@220; PRIME PLUS ROWS:0/16@250; RECLINER ROWS:0/11@470,1024434-41442-ob5bpq-1024434
Jaipur,rajasthan,PVR,"PVR Mall of Jaipur, Vaishali Nagar, Jaipur",1024434,302021,AUDI 06,2D,2026-10-03T10:30,Available,84,84,0,0,CLASSIC ROWS:0/20@280; PRIME ROWS:0/43@300; PRIME PLUS ROWS:0/13@330; RECLINER ROWS:0/8@650,1024434-41421-ob5bpq-1024434
Jaipur,rajasthan,PVR,"PVR Mall of Jaipur, Vaishali Nagar, Jaipur",1024434,302021,AUDI 02,2D,2026-10-03T12:45,Available,107,107,0,0,CLASSIC ROWS:0/24@280; PRIME ROWS:0/56@300; PRIME PLUS ROWS:0/16@330; RECLINER ROWS:0/11@650,1024434-41445-ob5bpq-1024434
Jaipur,rajasthan,PVR,"PVR Mall of Jaipur, Vaishali Nagar, Jaipur",1024434,302021,AUDI 06,2D,2026-10-03T16:30,Available,84,84,0,0,CLASSIC ROWS:0/20@280; PRIME ROWS:0/43@300; PRIME PLUS ROWS:0/13@330; RECLINER ROWS:0/8@650,1024434-41423-ob5bpq-1024434
Jaipur,rajasthan,DD Cinema,"DD Cinemas, Viva City Mall, Jaipur",1038300,302022,SCREEN 3,2D,2026-10-03T07:00,Available,200,200,0,0,GOLD:0/100@210; DIAMOND:0/100@230,1038300-23434-ob5bpq-1038300
Jaipur,rajasthan,DD Cinema,"DD Cinemas, Viva City Mall, Jaipur",1038300,302022,SCREEN 2,2D,2026-10-03T12:15,Available,189,189,0,0,GOLD:0/90@220; DIAMOND:0/83@240; RECLINER:0/16@330,1038300-23425-ob5bpq-1038300
Lucknow,uttar-pradesh,PVR,"PVR Sahara Ganj Mall, Hazratganj, Lucknow",1023487,226001,AUDI 02,2D,2026-10-03T07:15,Available,183,183,0,0,CLASSIC:0/171@200; RECLINER:0/12@300,1023487-21095-ob5bpq-1023487
Lucknow,uttar-pradesh,PVR,"PVR Sahara Ganj Mall, Hazratganj, Lucknow",1023487,226001,AUDI 02,2D,2026-10-03T14:05,Available,183,183,0,0,CLASSIC:0/171@200; RECLINER:0/12@300,1023487-21097-ob5bpq-1023487
Lucknow,uttar-pradesh,PVR,"INOX Umrao Mall, Mahanagar, Lucknow",1023480,226006,SCREEN 1,2D,2026-10-03T12:10,Available,201,201,0,0,CLUB:0/127@200; EXECUTIVE:0/34@200; ROYAL:0/28@200; ROYAL RECLINER:0/12@300,1023480-35535-ob5bpq-1023480
Lucknow,uttar-pradesh,Cinepolis,"Fun Cinema Fun Republic Mall, Gomti Nagar, Lucknow",144,226016,AUDI03,2D,2026-10-03T05:30,Available,217,211,6,1020,NORMAL:0/80@170; EXECUTIVE:6/137@170,144-5489-ob5bpq-144
Lucknow,uttar-pradesh,Cinepolis,"Fun Cinema Fun Republic Mall, Gomti Nagar, Lucknow",144,226016,AUDI03,2D,2026-10-03T08:10,Available,217,192,25,5500,NORMAL:0/80@220; EXECUTIVE:25/137@220,144-5490-ob5bpq-144
Lucknow,uttar-pradesh,Cinepolis,"Fun Cinema Fun Republic Mall, Gomti Nagar, Lucknow",144,226016,AUDI03,2D,2026-10-03T14:15,Available,217,211,6,1320,NORMAL:0/80@220; EXECUTIVE:6/137@220,144-5492-ob5bpq-144
Lucknow,uttar-pradesh,MovieMax,"MovieMax Shalimar Gateway, Lucknow",1001169,226005,SCREEN6,2D,2026-10-03T06:10,Available,187,187,0,0,CLUB:0/26@150; PRIME:0/91@150; EXECUTIVE:0/60@150; MAX RECLINER:0/10@250,1001169-48506-ob5bpq-1001169
Lucknow,uttar-pradesh,MovieMax,"MovieMax Shalimar Gateway, Lucknow",1001169,226005,SCREEN6,2D,2026-10-03T12:00,Available,187,187,0,0,CLUB:0/26@200; PRIME:0/91@200; EXECUTIVE:0/60@200; MAX RECLINER:0/10@400,1001169-48508-ob5bpq-1001169
Lucknow,uttar-pradesh,MovieMax,"MovieMax Shalimar Gateway, Lucknow",1001169,226005,SCREEN6,2D,2026-10-03T18:00,Available,187,187,0,0,CLUB:0/26@200; PRIME:0/91@200; EXECUTIVE:0/60@200; MAX RECLINER:0/10@400,1001169-48510-ob5bpq-1001169
Lucknow,uttar-pradesh,DD Cinema,"Antas DD Cinemas, Gomti Nagar, Lucknow",1023968,226010,SCREEN 1,2D,2026-10-03T07:10,Available,200,200,0,0,DIAMOND:0/100@200; RECLINER:0/100@300,1023968-56272-ob5bpq-1023968
Lucknow,uttar-pradesh,DD Cinema,"Antas DD Cinemas, Gomti Nagar, Lucknow",1023968,226010,SCREEN 1,2D,2026-10-03T13:00,Available,162,162,0,0,DIAMOND:0/147@250; RECLINER:0/15@350,1023968-56278-ob5bpq-1023968
Lucknow,uttar-pradesh,Wave,"Wave Cinemas, Lucknow",1041121,226010,WAVE 0.3,2D,2026-10-03T06:30,Available,208,208,0,0,CLASSIC:0/128@200; PREMIUM:0/80@200,1041121-161757-ob5bpq-1041121
Lucknow,uttar-pradesh,Wave,"Wave Cinemas, Lucknow",1041121,226010,WAVE 0.3,2D,2026-10-03T12:00,Available,208,208,0,0,CLASSIC:0/128@200; PREMIUM:0/80@200,1041121-161759-ob5bpq-1041121
Lucknow,uttar-pradesh,Wave,"Wave Cinemas, Lucknow",1041121,226010,WAVE 0.3,2D,2026-10-03T17:30,Available,208,208,0,0,CLASSIC:0/128@200; PREMIUM:0/80@200,1041121-161761-ob5bpq-1041121
Lucknow,uttar-pradesh,Cinepolis,"Cinepolis One Awadh Center Mall, Gomti Nagar, Lucknow",1042,226010,SCREEN 7,2D,2026-10-03T05:05,Available,180,170,10,1500,NORMAL:0/14@150; EXECUTIVE:0/45@150; PREMIUM:10/102@150; VIP:0/19@450,1042-9238-ob5bpq-1042
Lucknow,uttar-pradesh,Cinepolis,"Cinepolis One Awadh Center Mall, Gomti Nagar, Lucknow",1042,226010,SCREEN 7,2D,2026-10-03T07:45,Available,180,174,6,1320,NORMAL:0/14@220; EXECUTIVE:0/45@220; PREMIUM:6/102@220; VIP:0/19@500,1042-9239-ob5bpq-1042
Lucknow,uttar-pradesh,Cinepolis,"Cinepolis One Awadh Center Mall, Gomti Nagar, Lucknow",1042,226010,SCREEN 7,2D,2026-10-03T10:45,Available,180,174,6,1320,NORMAL:0/14@220; EXECUTIVE:0/45@220; PREMIUM:6/102@220; VIP:0/19@500,1042-9240-ob5bpq-1042
Lucknow,uttar-pradesh,Cinepolis,"Cinepolis One Awadh Center Mall, Gomti Nagar, Lucknow",1042,226010,SCREEN 7,2D,2026-10-03T17:10,Available,180,174,6,1320,NORMAL:0/14@220; EXECUTIVE:0/45@220; PREMIUM:6/102@220; VIP:0/19@500,1042-9242-ob5bpq-1042
Lucknow,uttar-pradesh,PVR,"PVR Phoenix United Mall, Alambagh, Lucknow",1023574,226005,AUDI 01,2D,2026-10-03T07:45,Available,211,206,5,1400,CLASSIC:0/182@200; PRIME:3/21@200; RECLINER:2/8@400,1023574-27561-ob5bpq-1023574
Lucknow,uttar-pradesh,PVR,"PVR Phoenix United Mall, Alambagh, Lucknow",1023574,226005,AUDI 01,2D,2026-10-03T13:50,Available,211,211,0,0,CLASSIC:0/182@200; PRIME:0/21@200; RECLINER:0/8@400,1023574-27563-ob5bpq-1023574
Lucknow,uttar-pradesh,PVR,"INOX Megaplex Emerald, Ashiyana, Lucknow",1023485,226012,SCREEN 8,2D,2026-10-03T03:30,Available,193,193,0,0,CLUB:0/84@150; EXECUTIVE:0/28@150; ROYAL:0/71@150; ROYAL RECLINER:0/10@250,1023485-73313-ob5bpq-1023485
Lucknow,uttar-pradesh,PVR,"INOX Megaplex Emerald, Ashiyana, Lucknow",1023485,226012,SCREEN 5,2D,2026-10-03T05:55,Available,122,122,0,0,CLUB:0/56@150; EXECUTIVE:0/23@150; ROYAL:0/34@150; ROYAL RECLINER:0/9@250,1023485-73302-ob5bpq-1023485
Lucknow,uttar-pradesh,PVR,"INOX Megaplex Emerald, Ashiyana, Lucknow",1023485,226012,SCREEN 5,2D,2026-10-03T08:50,Available,122,120,2,400,CLUB:0/56@200; EXECUTIVE:0/23@200; ROYAL:2/34@200; ROYAL RECLINER:0/9@300,1023485-73303-ob5bpq-1023485
Lucknow,uttar-pradesh,PVR,"INOX Megaplex Emerald, Ashiyana, Lucknow",1023485,226012,SCREEN 5,2D,2026-10-03T15:30,Available,122,122,0,0,CLUB:0/56@200; EXECUTIVE:0/23@200; ROYAL:0/34@200; ROYAL RECLINER:0/9@300,1023485-73305-ob5bpq-1023485
Lucknow,uttar-pradesh,PVR,"INOX Megaplex Emerald, Ashiyana, Lucknow",1023485,226012,SCREEN 5,2D,2026-10-03T18:25,Available,122,122,0,0,CLUB:0/56@200; EXECUTIVE:0/23@200; ROYAL:0/34@200; ROYAL RECLINER:0/9@300,1023485-73306-ob5bpq-1023485
Lucknow,uttar-pradesh,PVR,"INOX Megaplex Phoenix Palassio Mall, Amar Saheed Path, Lucknow",1023482,226010,SCREEN 2,2D,2026-10-03T03:45,Available,213,211,2,600,CLUB:0/93@160; EXECUTIVE:0/32@160; ROYAL:0/72@160; ROYAL RECLINER:2/16@300,1023482-99285-ob5bpq-1023482
Lucknow,uttar-pradesh,PVR,"INOX Megaplex Phoenix Palassio Mall, Amar Saheed Path, Lucknow",1023482,226010,SCREEN 2,2D,2026-10-03T06:40,Available,213,208,5,2500,CLUB:0/93@250; EXECUTIVE:0/32@250; ROYAL:0/72@250; ROYAL RECLINER:5/16@500,1023482-99286-ob5bpq-1023482
Lucknow,uttar-pradesh,PVR,"INOX Megaplex Phoenix Palassio Mall, Amar Saheed Path, Lucknow",1023482,226010,SCREEN 2,2D,2026-10-03T09:35,Available,213,211,2,900,CLUB:0/93@250; EXECUTIVE:0/32@250; ROYAL:0/72@250; ROYAL RECLINER:2/16@450,1023482-99287-ob5bpq-1023482
Lucknow,uttar-pradesh,PVR,"INOX Megaplex Phoenix Palassio Mall, Amar Saheed Path, Lucknow",1023482,226010,SCREEN 2,2D,2026-10-03T12:30,Available,213,211,2,500,CLUB:0/93@250; EXECUTIVE:0/32@250; ROYAL:2/72@250; ROYAL RECLINER:0/16@450,1023482-99288-ob5bpq-1023482
Lucknow,uttar-pradesh,PVR,"INOX Megaplex Phoenix Palassio Mall, Amar Saheed Path, Lucknow",1023482,226010,SCREEN 1,2D,2026-10-03T16:25,Available,70,70,0,0,CLUB:0/24@250; EXECUTIVE:0/16@250; ROYAL:0/30@250,1023482-99279-ob5bpq-1023482
Lucknow,uttar-pradesh,PVR,"INOX Megaplex Phoenix Palassio Mall, Amar Saheed Path, Lucknow",1023482,226010,SCREEN 2,2D,2026-10-03T18:00,Available,213,213,0,0,CLUB:0/93@250; EXECUTIVE:0/32@250; ROYAL:0/72@250; ROYAL RECLINER:0/16@450,1023482-99290-ob5bpq-1023482
Lucknow,uttar-pradesh,PVR,"PVR SUPERPLEX Lulu, Lulu Mall, Lucknow",1024415,226030,AUDI 08,2D,2026-10-03T03:50,Available,186,186,0,0,CLASSIC:0/30@180; CLASSIC PLUS:0/105@180; PRIME:0/42@180; RECLINER:0/9@280,1024415-54032-ob5bpq-1024415
Lucknow,uttar-pradesh,PVR,"PVR SUPERPLEX Lulu, Lulu Mall, Lucknow",1024415,226030,AUDI 08,2D,2026-10-03T09:40,Available,186,186,0,0,CLASSIC:0/30@250; CLASSIC PLUS:0/105@250; PRIME:0/42@250; RECLINER:0/9@450,1024415-54034-ob5bpq-1024415
Lucknow,uttar-pradesh,PVR,"PVR SUPERPLEX Lulu, Lulu Mall, Lucknow",1024415,226030,AUDI 08,2D,2026-10-03T12:35,Available,186,186,0,0,CLASSIC:0/30@250; CLASSIC PLUS:0/105@250; PRIME:0/42@250; RECLINER:0/9@450,1024415-54035-ob5bpq-1024415
Lucknow,uttar-pradesh,PVR,"PVR SUPERPLEX Lulu, Lulu Mall, Lucknow",1024415,226030,AUDI 08,2D,2026-10-03T15:30,Available,186,186,0,0,CLASSIC:0/30@250; CLASSIC PLUS:0/105@250; PRIME:0/42@250; RECLINER:0/9@450,1024415-54036-ob5bpq-1024415
Lucknow,uttar-pradesh,PVR,"PVR SUPERPLEX Lulu, Lulu Mall, Lucknow",1024415,226030,AUDI 08,2D,2026-10-03T18:25,Available,186,186,0,0,CLASSIC:0/30@250; CLASSIC PLUS:0/105@250; PRIME:0/42@250; RECLINER:0/9@450,1024415-54037-ob5bpq-1024415
Lucknow,uttar-pradesh,PVR,"INOX Lucknow Crown Mall, Faizabad Road, Lucknow",1023483,226028,SCREEN 1,2D,2026-10-03T03:30,Available,124,124,0,0,CLUB:0/52@150; EXECUTIVE:0/26@150; ROYAL:0/46@150,1023483-61301-ob5bpq-1023483
Lucknow,uttar-pradesh,PVR,"INOX Lucknow Crown Mall, Faizabad Road, Lucknow",1023483,226028,SCREEN 1,2D,2026-10-03T06:10,Available,124,122,2,400,CLUB:0/52@200; EXECUTIVE:0/26@200; ROYAL:2/46@200,1023483-61276-ob5bpq-1023483
Lucknow,uttar-pradesh,PVR,"INOX Lucknow Crown Mall, Faizabad Road, Lucknow",1023483,226028,SCREEN 1,2D,2026-10-03T09:05,Available,124,121,3,600,CLUB:0/52@200; EXECUTIVE:0/26@200; ROYAL:3/46@200,1023483-61277-ob5bpq-1023483
Lucknow,uttar-pradesh,PVR,"INOX Lucknow Crown Mall, Faizabad Road, Lucknow",1023483,226028,SCREEN 1,2D,2026-10-03T15:05,Available,124,124,0,0,CLUB:0/52@200; EXECUTIVE:0/26@200; ROYAL:0/46@200,1023483-61279-ob5bpq-1023483
Lucknow,uttar-pradesh,PVR,"INOX Lucknow Crown Mall, Faizabad Road, Lucknow",1023483,226028,SCREEN 1,2D,2026-10-03T18:00,Available,124,124,0,0,CLUB:0/52@200; EXECUTIVE:0/26@200; ROYAL:0/46@200,1023483-61280-ob5bpq-1023483
Chandigarh,chandigarh,Cinepolis,"Cinepolis TDI, Jagat Mall, Chandigarh",149,160017,SCREEN 3,2D,2026-10-03T12:20,Available,209,203,6,1320,NORMAL:0/70@200; EXECUTIVE:6/139@220,149-5095-ob5bpq-149
Chandigarh,chandigarh,PVR,"PVR Centra, Industrial Phase 1, Chandigarh",1025101,160002,AUDI 2,2D,2026-10-03T06:40,Available,204,204,0,0,CLASSIC ROWS:0/28@170; CLASSIC PLUS ROWS:0/74@190; PRIME ROWS:0/72@210; PRIME PLUS ROWS:0/12@230; EXTRA LEGROOM ROWS:0/18@250,1025101-21177-ob5bpq-1025101
Chandigarh,chandigarh,PVR,"PVR Centra, Industrial Phase 1, Chandigarh",1025101,160002,AUDI 1,2D,2026-10-03T14:20,Available,278,278,0,0,CLASSIC ROWS:0/42@180; CLASSIC PLUS ROWS:0/105@200; PRIME ROWS:0/95@220; PRIME PLUS ROWS:0/13@240; EXTRA LEGROOM ROWS:0/23@260,1025101-21157-ob5bpq-1025101
Chandigarh,chandigarh,PVR,"PVR Elante Mall, Chandigarh",1025099,160002,AUDI 5,2D,2026-10-03T03:35,Available,151,146,5,3250,CLASSIC ROWS:0/45@220; PRIME ROWS:0/75@250; EXTRA LEGROOM ROWS:0/18@270; RECLINER ROWS:5/13@650,1025099-41038-ob5bpq-1025099
Chandigarh,chandigarh,PVR,"PVR Elante Mall, Chandigarh",1025099,160002,AUDI 5,2D,2026-10-03T09:20,Available,151,146,5,3900,CLASSIC ROWS:0/45@300; PRIME ROWS:0/75@340; EXTRA LEGROOM ROWS:0/18@360; RECLINER ROWS:5/13@780,1025099-41040-ob5bpq-1025099
Chandigarh,chandigarh,PVR,"PVR Elante Mall, Chandigarh",1025099,160002,AUDI 5,2D,2026-10-03T12:15,Available,151,146,5,3900,CLASSIC ROWS:0/45@300; PRIME ROWS:0/75@340; EXTRA LEGROOM ROWS:0/18@360; RECLINER ROWS:5/13@780,1025099-41041-ob5bpq-1025099
Chandigarh,chandigarh,PVR,"PVR Elante Mall, Chandigarh",1025099,160002,AUDI 5,2D,2026-10-03T18:00,Available,151,146,5,4000,CLASSIC ROWS:0/45@310; PRIME ROWS:0/75@340; EXTRA LEGROOM ROWS:0/18@360; RECLINER ROWS:5/13@800,1025099-41043-ob5bpq-1025099
Mohali,punjab,PVR,"PVR Mohali Walk, Sector 62, Mohali",1034377,160062,SCREEN 5,2D,2026-10-03T06:50,Available,125,117,8,1920,CLASSIC:0/26@200; CLASSIC PLUS:0/42@220; PRIME:8/45@240; RECLINER:0/12@430,1034377-28819-ob5bpq-1034377
Mohali,punjab,PVR,"PVR Mohali Walk, Sector 62, Mohali",1034377,160062,SCREEN 5,2D,2026-10-03T12:25,Available,125,122,3,720,CLASSIC:0/26@200; CLASSIC PLUS:0/42@220; PRIME:3/45@240; RECLINER:0/12@430,1034377-28821-ob5bpq-1034377
Mohali,punjab,PVR,"PVR Mohali Walk, Sector 62, Mohali",1034377,160062,SCREEN 5,2D,2026-10-03T18:00,Available,125,125,0,0,CLASSIC:0/26@210; CLASSIC PLUS:0/42@230; PRIME:0/45@250; RECLINER:0/12@440,1034377-28823-ob5bpq-1034377
Chandigarh,chandigarh,PVR,"PVR DLF City Center Mall, IT Park, Chandigarh",1025098,160101,AUDI 1,2D,2026-10-03T07:35,Available,198,194,4,1000,CLASSIC ROWS:0/36@210; CLASSIC PLUS ROWS:0/72@230; PRIME ROWS:4/66@250; EXTRA LEGROOM ROWS:0/12@270; RECLINER ROWS:0/12@550,1025098-14290-ob5bpq-1025098
Chandigarh,chandigarh,Cinepolis,"Fun Cinemas Republic Mall, MDC Sector 5, Chandigarh",136,160101,SCREEN 2,2D,2026-10-03T13:25,Available,232,222,10,1900,NORMAL:0/66@170; EXECUTIVE:10/166@190,136-6278-ob5bpq-136
Chandigarh,chandigarh,Cinepolis,"Fun Cinemas Republic Mall, MDC Sector 5, Chandigarh",136,160101,SCREEN 1,2D,2026-10-03T18:20,Available,212,202,10,1900,NORMAL:0/60@170; EXECUTIVE:10/152@190,136-6274-ob5bpq-136
Mohali,punjab,Cinepolis,"Cinepolis Bestech Square Mall, Sahibzada Ajit Singh Nagar, Mohali",3798,160062,AUDI 5,2D,2026-10-03T03:45,Available,131,123,8,1520,NORMAL:2/11@160; EXECUTIVE:0/33@180; PREMIUM:6/67@200; PREMIUM XL:0/11@240; RECLINER:0/9@440,3798-8417-ob5bpq-3798
Mohali,punjab,Cinepolis,"Cinepolis Bestech Square Mall, Sahibzada Ajit Singh Nagar, Mohali",3798,160062,AUDI 1,2D,2026-10-03T12:15,Available,152,146,6,1320,NORMAL:0/13@180; EXECUTIVE:0/39@200; PREMIUM:6/77@220; PREMIUM XL:0/13@240; RECLINER:0/10@450,3798-8410-ob5bpq-3798
Panchkula,haryana,Rajhans Cinemas,"Rajhans Cinemas, Beside Punjab National Bank, Panchkula",1050980,134109,SCREEN3,2D,2026-10-03T04:45,Available,200,182,18,2880,MARVEL:0/18@130; ROYAL:0/36@140; EXECUTIVE:18/146@160,1050980-50639-ob5bpq-1050980
Panchkula,haryana,Rajhans Cinemas,"Rajhans Cinemas, Beside Punjab National Bank, Panchkula",1050980,134109,SCREEN3,2D,2026-10-03T13:45,Available,200,182,18,3960,MARVEL:0/18@180; ROYAL:0/36@200; EXECUTIVE:18/146@220,1050980-50642-ob5bpq-1050980
Mohali,punjab,PVR,"PVR CP67 Mall, Sector 67, Mohali",1015096,160062,SCREEN 2,2D,2026-10-03T03:35,Available,116,115,1,240,CLASSIC:0/36@210; CLASSIC PLUS:0/46@230; PRIME:1/34@240,1015096-42790-ob5bpq-1015096
Mohali,punjab,PVR,"PVR CP67 Mall, Sector 67, Mohali",1015096,160062,SCREEN 2,2D,2026-10-03T08:50,Available,116,116,0,0,CLASSIC:0/36@270; CLASSIC PLUS:0/46@290; PRIME:0/34@310,1015096-42792-ob5bpq-1015096
Mohali,punjab,PVR,"PVR CP67 Mall, Sector 67, Mohali",1015096,160062,SCREEN 2,2D,2026-10-03T14:50,Available,116,116,0,0,CLASSIC:0/36@280; CLASSIC PLUS:0/46@300; PRIME:0/34@330,1015096-42794-ob5bpq-1015096
Zirakpur,punjab,PVR,"PVR Cosmo Mall, Cosmo Mall, Zirakpur",1023486,140603,AUDI 01,2D,2026-10-03T05:35,Available,179,179,0,0,CLASSIC ROWS:0/34@180; PRIME ROWS:0/116@220; EXTRA LEGROOM ROWS:0/17@240; RECLINER ROWS:0/12@350,1023486-20994-ob5bpq-1023486
Zirakpur,punjab,PVR,"PVR Cosmo Mall, Cosmo Mall, Zirakpur",1023486,140603,AUDI 01,2D,2026-10-03T11:35,Available,179,179,0,0,CLASSIC ROWS:0/34@200; PRIME ROWS:0/116@240; EXTRA LEGROOM ROWS:0/17@260; RECLINER ROWS:0/12@450,1023486-20996-ob5bpq-1023486
Panchkula,haryana,PVR,"INOX NH 22 Mall, Amravati Enclave, Panchkula",1029976,134102,SCREEN 1,2D,2026-10-03T13:45,Available,226,226,0,0,EXECUTIVE:0/108@170; CLUB:0/112@190; ROYAL:0/6@340,1029976-67283-ob5bpq-1029976
Zirakpur,punjab,PVR,"INOX Dhillon Plaza, Chhatbir Road, Zirakpur",1024809,140603,SCREEN 4,2D,2026-10-03T04:25,Available,191,191,0,0,CLASSIC ROW:0/65@180; CLASSIC PLUS ROW:0/38@190; PRIME ROW:0/62@210; EXTRA LEGROOM ROWS:0/19@230; RECLINER ROW:0/7@350,1024809-59230-ob5bpq-1024809
Zirakpur,punjab,PVR,"INOX Dhillon Plaza, Chhatbir Road, Zirakpur",1024809,140603,SCREEN 4,2D,2026-10-03T10:40,Available,191,189,2,900,CLASSIC ROW:0/65@200; CLASSIC PLUS ROW:0/38@210; PRIME ROW:0/62@230; EXTRA LEGROOM ROWS:0/19@250; RECLINER ROW:2/7@450,1024809-59232-ob5bpq-1024809
Indore,madhya-pradesh,PVR,"INOX Nexus Indore Central, Regal Square, Indore",1024422,452001,SCREEN 2,2D,2026-10-03T03:35,Available,235,235,0,0,CLASSIC ROWS:0/39@140; CLASSIC PLUS ROWS:0/65@150; PRIME ROWS:0/90@160; PRIME PLUS ROWS:0/41@170,1024422-102985-ob5bpq-1024422
Indore,madhya-pradesh,PVR,"INOX Nexus Indore Central, Regal Square, Indore",1024422,452001,SCREEN 2,2D,2026-10-03T09:25,Available,235,235,0,0,CLASSIC ROWS:0/39@210; CLASSIC PLUS ROWS:0/65@220; PRIME ROWS:0/90@230; PRIME PLUS ROWS:0/41@240,1024422-102987-ob5bpq-1024422
Indore,madhya-pradesh,PVR,"INOX Nexus Indore Central, Regal Square, Indore",1024422,452001,SCREEN 1,2D,2026-10-03T11:45,Available,222,222,0,0,CLASSIC ROWS:0/42@230; CLASSIC PLUS ROWS:0/56@240; PRIME ROWS:0/86@250; PRIME PLUS ROWS:0/38@260,1024422-103018-ob5bpq-1024422
Indore,madhya-pradesh,PVR,"INOX Nexus Indore Central, Regal Square, Indore",1024422,452001,SCREEN 2,2D,2026-10-03T17:15,Available,235,235,0,0,CLASSIC ROWS:0/39@250; CLASSIC PLUS ROWS:0/65@260; PRIME ROWS:0/90@270; PRIME PLUS ROWS:0/41@280,1024422-102990-ob5bpq-1024422
Indore,madhya-pradesh,PVR,"PVR Treasure Island Mall, South Tukoganj, Indore",1024420,452001,AUDI 8,2D,2026-10-03T03:35,Available,83,83,0,0,CLASSIC ROWS:0/28@150; PRIME ROWS:0/55@180,1024420-46315-ob5bpq-1024420
Indore,madhya-pradesh,PVR,"PVR Treasure Island Mall, South Tukoganj, Indore",1024420,452001,AUDI 06,2D,2026-10-03T06:30,Available,157,157,0,0,CLASSIC ROWS:0/48@220; PRIME ROWS:0/102@250; RECLINER ROWS:0/7@450,1024420-46235-ob5bpq-1024420
Indore,madhya-pradesh,PVR,"PVR Treasure Island Mall, South Tukoganj, Indore",1024420,452001,AUDI 7 PLAY HOUSE,2D,2026-10-03T09:05,Available,62,62,0,0,CLASSIC ROWS:0/24@220; PRIME ROWS:0/33@250; RECLINER ROWS:0/5@450,1024420-46305-ob5bpq-1024420
Indore,madhya-pradesh,PVR,"PVR Treasure Island Mall, South Tukoganj, Indore",1024420,452001,AUDI 7 PLAY HOUSE,2D,2026-10-03T14:55,Available,62,62,0,0,CLASSIC ROWS:0/24@240; PRIME ROWS:0/33@270; RECLINER ROWS:0/5@450,1024420-46307-ob5bpq-1024420
Indore,madhya-pradesh,PVR,"PVR Treasure Island Mall, South Tukoganj, Indore",1024420,452001,AUDI 8,2D,2026-10-03T17:35,Available,83,83,0,0,CLASSIC ROWS:0/28@260; PRIME ROWS:0/55@290,1024420-46320-ob5bpq-1024420
Indore,madhya-pradesh,PVR,"INOX C-21 Mall, Sheetal Nagar, Indore",1024421,452010,SCREEN 1,2D,2026-10-03T03:30,Available,157,157,0,0,CLASSIC ROWS:0/32@150; CLASSIC PLUS ROWS:0/60@160; EXTRA LEGROOM ROWS:0/8@180; PRIME ROWS:0/57@180,1024421-149305-ob5bpq-1024421
Indore,madhya-pradesh,PVR,"INOX C-21 Mall, Sheetal Nagar, Indore",1024421,452010,INSIGNIA 9,2D,2026-10-03T06:30,Available,44,44,0,0,EXECUTIVE RECLI ROWS:0/16@530; ROYAL RECLINER ROWS:0/28@560,1024421-149325-ob5bpq-1024421
Indore,madhya-pradesh,PVR,"INOX C-21 Mall, Sheetal Nagar, Indore",1024421,452010,SCREEN 1,2D,2026-10-03T11:50,Available,157,157,0,0,CLASSIC ROWS:0/32@240; CLASSIC PLUS ROWS:0/60@250; EXTRA LEGROOM ROWS:0/8@270; PRIME ROWS:0/57@270,1024421-149294-ob5bpq-1024421
Indore,madhya-pradesh,PVR,"INOX C-21 Mall, Sheetal Nagar, Indore",1024421,452010,INSIGNIA 9,2D,2026-10-03T14:40,Available,44,44,0,0,EXECUTIVE RECLI ROWS:0/16@650; ROYAL RECLINER ROWS:0/28@680,1024421-149224-ob5bpq-1024421
Indore,madhya-pradesh,PVR,"INOX C-21 Mall, Sheetal Nagar, Indore",1024421,452010,SCREEN 1,2D,2026-10-03T17:40,Available,157,157,0,0,CLASSIC ROWS:0/32@260; CLASSIC PLUS ROWS:0/60@270; EXTRA LEGROOM ROWS:0/8@290; PRIME ROWS:0/57@290,1024421-149296-ob5bpq-1024421
Indore,madhya-pradesh,Rajhans Cinemas,"Rajhans Cinemas, Malhar Mega Mall, Indore",1023935,452010,SCREEN3,2D,2026-10-03T05:15,Available,279,262,17,3150,ROYAL:0/38@130; LOUNGER:0/15@150; EXECUTIVE:11/209@150; RECLINER:6/17@250,1023935-21554-ob5bpq-1023935
Indore,madhya-pradesh,Rajhans Cinemas,"Rajhans Cinemas, Malhar Mega Mall, Indore",1023935,452010,SCREEN1,2D,2026-10-03T10:25,Available,60,60,0,0,RECLINER:0/60@390,1023935-21551-ob5bpq-1023935
Indore,madhya-pradesh,Rajhans Cinemas,"Rajhans Cinemas, Malhar Mega Mall, Indore",1023935,452010,SCREEN3,2D,2026-10-03T14:30,Available,279,260,19,4410,ROYAL:0/38@170; LOUNGER:0/15@190; EXECUTIVE:11/209@190; RECLINER:8/17@290,1023935-21557-ob5bpq-1023935
Indore,madhya-pradesh,Mangal Multiplex,"Mangal Multiplex, Vijay Nagar, Indore",1015630,452010,SCREEN 3,2D,2026-10-03T07:00,Available,300,300,0,0,GOLD:0/100@130; SILVER:0/100@130; PLATINUM:0/100@160,1015630-33530-ob5bpq-1015630
Indore,madhya-pradesh,Mangal Multiplex,"Mangal Multiplex, Vijay Nagar, Indore",1015630,452010,SCREEN 3,2D,2026-10-03T12:00,Available,142,142,0,0,GOLD:0/104@130; SILVER:0/26@130; PLATINUM:0/12@160,1015630-33536-ob5bpq-1015630
Indore,madhya-pradesh,Mangal Multiplex,"Mangal Multiplex, Vijay Nagar, Indore",1015630,452010,SCREEN 3,2D,2026-10-03T17:00,Available,142,142,0,0,GOLD:0/104@150; SILVER:0/26@150; PLATINUM:0/12@180,1015630-33542-ob5bpq-1015630
Indore,madhya-pradesh,miraj,"Miraj Cinemas : Velocity III, Indore",7709,452010,SCREEN 3,2D,2026-10-03T12:45,Available,200,200,0,0,PLATINUM:0/30@92; SUPER PLATINUM:0/130@190; CLUB:0/40@210,7709-38192-ob5bpq-7709
Indore,madhya-pradesh,PVR,"INOX Phoenix Pride of India, Indore",1024424,452016,SCREEN 6,2D,2026-10-03T03:45,Available,126,126,0,0,CLASSIC ROWS:0/16@150; CLASSIC PLUS ROWS:0/60@160; PRIME ROWS:0/50@180,1024424-58924-ob5bpq-1024424
Indore,madhya-pradesh,PVR,"INOX Phoenix Pride of India, Indore",1024424,452016,SCREEN 5,2D,2026-10-03T07:55,Available,173,173,0,0,CLASSIC ROWS:0/22@220; CLASSIC PLUS ROWS:0/78@230; PRIME ROWS:0/58@250; EXTRA LEGROOM ROWS:0/15@280,1024424-58920-ob5bpq-1024424
Indore,madhya-pradesh,PVR,"INOX Phoenix Pride of India, Indore",1024424,452016,INSIGNIA 8,2D,2026-10-03T11:50,Available,40,40,0,0,EXEC RECLINER ROWS:0/18@530; ROYAL RECLINER ROWS:0/22@560,1024424-58943-ob5bpq-1024424
Indore,madhya-pradesh,PVR,"INOX Phoenix Pride of India, Indore",1024424,452016,SCREEN 5,2D,2026-10-03T14:05,Available,173,173,0,0,CLASSIC ROWS:0/22@240; CLASSIC PLUS ROWS:0/78@250; PRIME ROWS:0/58@270; EXTRA LEGROOM ROWS:0/15@300,1024424-58922-ob5bpq-1024424
Indore,madhya-pradesh,PVR,"INOX Phoenix Pride of India, Indore",1024424,452016,SCREEN 6,2D,2026-10-03T17:05,Available,126,126,0,0,CLASSIC ROWS:0/16@260; CLASSIC PLUS ROWS:0/60@270; PRIME ROWS:0/50@290,1024424-58929-ob5bpq-1024424
Indore,madhya-pradesh,Fundore Cinemas,"Fundore Cinemas, Rau, Indore",1014901,453331,AUDI 3,2D,2026-10-03T06:30,Almost Full,198,17,181,25490,CLUB:51/51@130; GOLD:51/68@140; SILVER:68/68@140; SOFA:11/11@200,1014901-35117__1791009000__306__2079570-ob5bpq-1014901
Indore,madhya-pradesh,Fundore Cinemas,"Fundore Cinemas, Rau, Indore",1014901,453331,AUDI 3,2D,2026-10-03T11:55,Almost Full,198,17,181,30630,CLUB:51/51@150; GOLD:51/68@170; SILVER:68/68@170; SOFA:11/11@250,1014901-35117__1791028500__306__2079572-ob5bpq-1014901
Pithampur,madhya-pradesh,Ayou Cinemas,"Ayou Cinemas, Bardari Gram, Pithampur",9692,454775,SCREEN 2,2D,2026-10-03T06:00,Filling Fast,104,24,80,10400,GOLD:62/80@130; SILVER:18/24@130,9692-35117__1791007200__458__2079826-ob5bpq-9692
Pithampur,madhya-pradesh,Ayou Cinemas,"Ayou Cinemas, Bardari Gram, Pithampur",9692,454775,SCREEN 2,2D,2026-10-03T11:30,Filling Fast,104,24,80,12800,GOLD:62/80@160; SILVER:18/24@160,9692-35117__1791027000__458__2079828-ob5bpq-9692
Dewas,madhya-pradesh,Abhinav and Sanghvi,"Abhinav and Sanghvi Cineplex, Itawa, Dewas",1014703,455001,SCREEN 2,2D,2026-10-03T06:30,Available,200,200,0,0,SILVER:0/100@90; PLATINUM:0/100@120,1014703-43386-ob5bpq-1014703
Bhopal,madhya-pradesh,Cinepolis,"Cinepolis DB Mall, Maharana Pratap Nagar, Bhopal",132,462016,AUDI 4,2D,2026-10-03T03:30,Available,327,321,6,1380,NORMAL:2/17@190; EXECUTIVE:0/102@230; PREMIUM:4/188@250; EXECUTIVE XL:0/20@270,132-9906-ob5bpq-132
Bhopal,madhya-pradesh,Cinepolis,"Cinepolis DB Mall, Maharana Pratap Nagar, Bhopal",132,462016,AUDI 4,2D,2026-10-03T13:20,Available,327,323,4,1160,NORMAL:0/17@230; EXECUTIVE:0/102@270; PREMIUM:4/188@290; EXECUTIVE XL:0/20@310,132-9909-ob5bpq-132
Bhopal,madhya-pradesh,Cinepolis,"Cinepolis DB Mall, Maharana Pratap Nagar, Bhopal",132,462016,AUDI 4,2D,2026-10-03T16:25,Available,327,323,4,1160,NORMAL:0/17@230; EXECUTIVE:0/102@270; PREMIUM:4/188@290; EXECUTIVE XL:0/20@310,132-9910-ob5bpq-132
Bhopal,madhya-pradesh,Cinepolis,"Cinepolis Bansal Plaza, Bhopal",1049209,462023,AUDI05,2D,2026-10-03T03:30,Available,140,140,0,0,NORMAL:0/13@200; EXECUTIVE:0/45@240; PREMIUM:0/72@280; RECLINER:0/10@960,1049209-7881-ob5bpq-1049209
Bhopal,madhya-pradesh,Cinepolis,"Cinepolis Bansal Plaza, Bhopal",1049209,462023,AUDI01,2D,2026-10-03T08:25,Available,144,144,0,0,NORMAL:0/11@200; EXECUTIVE:0/37@240; PREMIUM:0/45@280; PREMIUM PLUS:0/30@300; PREMIUM XL:0/10@320; RECLINER:0/11@960,1049209-7867-ob5bpq-1049209
Bhopal,madhya-pradesh,Cinepolis,"Cinepolis Bansal Plaza, Bhopal",1049209,462023,AUDI05,2D,2026-10-03T18:15,Available,140,140,0,0,NORMAL:0/13@220; EXECUTIVE:0/45@260; PREMIUM:0/72@300; RECLINER:0/10@1020,1049209-7886-ob5bpq-1049209
Bhopal,madhya-pradesh,Cinepolis,"Cinepolis Aashima Mall, Bawadiya Kalan, Bhopal",117,462026,AUDI06,2D,2026-10-03T04:15,Available,215,209,6,1200,NORMAL:0/15@140; EXECUTIVE:0/45@180; PREMIUM:6/129@200; PREMIUM PLUS:0/26@220,117-11265-ob5bpq-117
Bhopal,madhya-pradesh,Cinepolis,"Cinepolis Aashima Mall, Bawadiya Kalan, Bhopal",117,462026,AUDI05,2D,2026-10-03T06:10,Available,126,120,6,1200,NORMAL:0/12@140; EXECUTIVE:0/36@180; PREMIUM:6/48@200; PREMIUM PLUS:0/22@220; PREMIUM XL:0/8@240,117-11261-ob5bpq-117
Bhopal,madhya-pradesh,Cinepolis,"Cinepolis Aashima Mall, Bawadiya Kalan, Bhopal",117,462026,AUDI06,2D,2026-10-03T10:05,Available,215,209,6,1440,NORMAL:0/15@180; EXECUTIVE:0/45@220; PREMIUM:6/129@240; PREMIUM PLUS:0/26@260,117-11267-ob5bpq-117
Bhopal,madhya-pradesh,Cinepolis,"Cinepolis Aashima Mall, Bawadiya Kalan, Bhopal",117,462026,AUDI06,2D,2026-10-03T13:10,Available,215,209,6,1500,NORMAL:0/15@190; EXECUTIVE:0/45@230; PREMIUM:6/129@250; PREMIUM PLUS:0/26@270,117-11268-ob5bpq-117
Bhopal,madhya-pradesh,miraj,"Miraj Cinemas : Alark Square, Bhopal",1042104,462030,SCREEN 1,2D,2026-10-03T07:45,Available,60,60,0,0,PLATINUM SOFA:0/36@350; LOUNGER:0/10@450; CLUB SOFA:0/14@550,1042104-6732-ob5bpq-1042104
Nagpur,maharashtra,MovieMax,"MovieMax: Eternity, Nagpur",27031,440012,SCREEN3,2D,2026-10-03T06:45,Available,257,257,0,0,CLASSIC:0/32@220; PRIME:0/86@260; PRIME PLUS:0/124@300; RECLINER:0/15@550,27031-34384-ob5bpq-27031
Nagpur,maharashtra,MovieMax,"MovieMax: Eternity, Nagpur",27031,440012,SCREEN3,2D,2026-10-03T15:45,Available,257,257,0,0,CLASSIC:0/32@250; PRIME:0/86@300; PRIME PLUS:0/124@320; RECLINER:0/15@550,27031-34387-ob5bpq-27031
Nagpur,maharashtra,Cinepolis,"Cinepolis VR Nagpur Mall, Rambagh Road, Nagpur",24782,440003,AUDI 02,2D,2026-10-03T03:30,Available,101,91,10,4860,NORMAL:0/10@250; EXECUTIVE:0/26@290; PREMIUM:6/44@310; PREMIUM XL:0/13@350; RECLINER:4/8@750,24782-11667-ob5bpq-24782
Nagpur,maharashtra,Cinepolis,"Cinepolis VR Nagpur Mall, Rambagh Road, Nagpur",24782,440003,AUDI 04,2D,2026-10-03T06:15,Available,116,111,5,1650,NORMAL:0/8@270; EXECUTIVE:0/30@310; PREMIUM:5/56@330; PREMIUM XL:0/14@370; RECLINER:0/8@750,24782-11664-ob5bpq-24782
Nagpur,maharashtra,PVR,"INOX Jaswant Tuli Mall, Kamptee Road, Nagpur",1029912,440017,SCREEN 3,2D,2026-10-03T15:10,Available,213,213,0,0,CLASSIC ROWS:0/35@170; PRIME ROWS:0/54@240; PRIME PLUS ROWS:0/124@270,1029912-97552-ob5bpq-1029912
Surat,gujarat,Mukta A2 Cinemas,"Mukta A2 Cinemas, Orbit Plaza by Pramukh, Surat",1102090,395010,SCREEN 2,2D,2026-10-03T08:15,Available,95,95,0,0,PREMIUM LOUNGER:0/10@150; PREMIUM SOFA:0/72@150; PREMIUM RECLINER:0/13@250,1102090-4204-ob5bpq-1102090
Surat,gujarat,Coconut Cinema,"Coconut Cinemas, Surat",1102360,395010,SCREEN 5,2D,2026-10-03T03:15,Available,96,96,0,0,EXECUTIVE:0/96@160,1102360-4761-ob5bpq-1102360
Surat,gujarat,Coconut Cinema,"Coconut Cinemas, Surat",1102360,395010,SCREEN 3,2D,2026-10-03T10:00,Available,215,215,0,0,EXECUTIVE:0/32@180; CLUB:0/128@200; ROYAL:0/55@220,1102360-4758-ob5bpq-1102360
Surat,gujarat,Coconut Cinema,"Coconut Cinemas, Surat",1102360,395010,SCREEN 1,2D,2026-10-03T14:05,Available,222,222,0,0,EXECUTIVE:0/32@200; CLUB:0/128@220; ROYAL:0/62@240,1102360-4746-ob5bpq-1102360
Surat,gujarat,Coconut Cinema,"Coconut Cinemas, Surat",1102360,395010,SCREEN 6,2D,2026-10-03T16:20,Available,94,94,0,0,EXECUTIVE:0/11@200; CLUB:0/55@220; ROYAL:0/28@240,1102360-4800-ob5bpq-1102360
Surat,gujarat,PVR,"INOX Reliance Mega Mall, Udhna, Surat",1020705,395002,SCREEN 1,2D,2026-10-03T12:35,Available,106,106,0,0,CLASSIC ROWS:0/16@200; EXTRA LEGROOM ROWS:0/13@220; CLASSIC PLUS ROWS:0/42@220; PRIME ROWS:0/29@240; RECLINER ROWS:0/6@410,1020705-43333-ob5bpq-1020705
Surat,gujarat,Cine Verse Vesu,"Cineverse Cinema, Katargam, Surat",37587,395004,CLASSIC,2D,2026-10-03T05:00,Available,112,112,0,0,SOFA:0/94@150; LOUNGER:0/18@150,37587-46679-ob5bpq-37587
Surat,gujarat,Cine Verse Vesu,"Cineverse Cinema, Katargam, Surat",37587,395004,CLASSIC,2D,2026-10-03T17:00,Available,112,112,0,0,SOFA:0/94@200; LOUNGER:0/18@200,37587-46691-ob5bpq-37587
Surat,gujarat,Rajhans Cinemas,"Rajhans Cinemas Flamingo, Katargam, Surat",1008406,395004,SCREEN02,2D,2026-10-03T03:45,Available,358,336,22,2860,MARVEL:0/44@105; EXECUTIVE:22/226@130; ROYAL:0/66@130; RECLINER:0/22@220,1008406-67103-ob5bpq-1008406
Surat,gujarat,Rajhans Cinemas,"Rajhans Cinemas Flamingo, Katargam, Surat",1008406,395004,SCREEN02,2D,2026-10-03T06:30,Available,358,336,22,3520,MARVEL:0/44@140; EXECUTIVE:22/226@160; ROYAL:0/66@160; RECLINER:0/22@250,1008406-67104-ob5bpq-1008406
Surat,gujarat,Rajhans Cinemas,"Rajhans Cinemas Flamingo, Katargam, Surat",1008406,395004,SCREEN10,2D,2026-10-03T07:30,Available,38,38,0,0,RECLINER:0/38@250,1008406-67124-ob5bpq-1008406
Surat,gujarat,Rajhans Cinemas,"Rajhans Cinemas Flamingo, Katargam, Surat",1008406,395004,SCREEN02,2D,2026-10-03T09:15,Available,358,336,22,3520,MARVEL:0/44@140; EXECUTIVE:22/226@160; ROYAL:0/66@160; RECLINER:0/22@250,1008406-67105-ob5bpq-1008406
Surat,gujarat,Rajhans Cinemas,"Rajhans Cinemas Flamingo, Katargam, Surat",1008406,395004,SCREEN02,2D,2026-10-03T12:00,Available,358,336,22,3960,MARVEL:0/44@160; EXECUTIVE:22/226@180; ROYAL:0/66@180; RECLINER:0/22@300,1008406-67106-ob5bpq-1008406
Surat,gujarat,Rajhans Cinemas,"Rajhans Cinemas Flamingo, Katargam, Surat",1008406,395004,SCREEN10,2D,2026-10-03T14:00,Available,38,38,0,0,RECLINER:0/38@340,1008406-67126-ob5bpq-1008406
Surat,gujarat,Rajhans Cinemas,"Rajhans Cinemas Flamingo, Katargam, Surat",1008406,395004,SCREEN02,2D,2026-10-03T17:30,Available,358,334,24,4800,MARVEL:0/44@180; EXECUTIVE:24/226@200; ROYAL:0/66@200; RECLINER:0/22@340,1008406-67108-ob5bpq-1008406
Surat,gujarat,miraj,"Miraj Cinemas : KSB Mall, Surat",59348,394221,SCREEN 4,2D,2026-10-03T04:45,Available,121,121,0,0,EXECUTIVE:0/49@130; GOLD:0/72@130,59348-33961-ob5bpq-59348
Surat,gujarat,miraj,"Miraj Cinemas : KSB Mall, Surat",59348,394221,SCREEN 4,2D,2026-10-03T07:45,Available,121,121,0,0,EXECUTIVE:0/49@150; GOLD:0/72@160,59348-33962-ob5bpq-59348
Surat,gujarat,miraj,"Miraj Cinemas : KSB Mall, Surat",59348,394221,SCREEN 4,2D,2026-10-03T10:45,Available,121,121,0,0,EXECUTIVE:0/49@160; GOLD:0/72@160,59348-33963-ob5bpq-59348
Surat,gujarat,miraj,"Miraj Cinemas : KSB Mall, Surat",59348,394221,SCREEN 4,2D,2026-10-03T13:45,Available,121,121,0,0,EXECUTIVE:0/49@170; GOLD:0/72@190,59348-33964-ob5bpq-59348
Surat,gujarat,miraj,"Miraj Cinemas : KSB Mall, Surat",59348,394221,SCREEN 4,2D,2026-10-03T16:45,Available,121,121,0,0,EXECUTIVE:0/49@170; GOLD:0/72@190,59348-33965-ob5bpq-59348
Surat,gujarat,Sanelite Cinema,"Sanelite Cinemas, Katargam, Surat",1102490,395004,SCREEN 1,2D,2026-10-03T04:45,Available,400,400,0,0,PREMIUM:0/100@99; CLASSIC:0/100@99; STANDARD:0/100@99; SOFA:0/100@150,1102490-32221-ob5bpq-1102490
Surat,gujarat,Sanelite Cinema,"Sanelite Cinemas, Katargam, Surat",1102490,395004,SCREEN 1,2D,2026-10-03T10:45,Available,400,400,0,0,PREMIUM:0/100@99; CLASSIC:0/100@99; STANDARD:0/100@99; SOFA:0/100@150,1102490-32235-ob5bpq-1102490
Surat,gujarat,Sanelite Cinema,"Sanelite Cinemas, Katargam, Surat",1102490,395004,SCREEN 1,2D,2026-10-03T16:30,Available,162,162,0,0,PREMIUM:0/45@99; CLASSIC:0/44@99; STANDARD:0/60@99; SOFA:0/13@150,1102490-32249-ob5bpq-1102490
Surat,gujarat,Cinepolis,"Cinepolis Imperial Square Mall, Adajan, Surat",118,395009,AUDI 4,2D,2026-10-03T03:10,Available,180,170,10,1400,NORMAL:0/16@140; EXECUTIVE:0/64@140; PREMIUM:10/100@140,118-9701-ob5bpq-118
Surat,gujarat,Cinepolis,"Cinepolis Imperial Square Mall, Adajan, Surat",118,395009,AUDI 1,2D,2026-10-03T12:15,Available,144,133,11,2090,NORMAL:0/11@170; EXECUTIVE:0/44@170; PREMIUM:11/89@190,118-9687-ob5bpq-118
Surat,gujarat,Roongta Cinemas,"Roongta Cinemas, Vesu, Surat",1102314,395007,SCREEN 1,2D,2026-10-03T09:00,Available,37,37,0,0,ROYAL RECLINER:0/37@300,1102314-13405-ob5bpq-1102314
Surat,gujarat,Roongta Cinemas,"Roongta Cinemas, Vesu, Surat",1102314,395007,SCREEN 4,2D,2026-10-03T17:15,Available,54,54,0,0,LOUNGER:0/8@200; COUPLE SOFA:0/46@220,1102314-13419-ob5bpq-1102314
Surat,gujarat,Rajhans Cinemas,"Rajhans Cinemas, Kamrej, Surat",1050994,394185,3,2D,2026-10-03T04:45,Available,218,198,20,3160,ROYAL:0/40@130; MARVEL:0/20@130; EXECUTIVE:12/116@150; PLATINUM:8/42@170,1050994-33033-ob5bpq-1050994
Surat,gujarat,Rajhans Cinemas,"Rajhans Cinemas, Kamrej, Surat",1050994,394185,3,2D,2026-10-03T13:30,Available,218,198,20,4760,MARVEL:0/20@190; ROYAL:0/40@210; EXECUTIVE:12/116@230; PLATINUM:8/42@250,1050994-33045-ob5bpq-1050994
Surat,gujarat,Loop Cineplex,"Loop Cinemas, Surat",1061574,395007,SCREEN 4,2D,2026-10-03T06:55,Available,188,188,0,0,COZY:0/65@170; COZY PLUS:0/94@190; LAZY LOUNGER:0/10@200; SUPER SOFA:0/19@200,1061574-24295-ob5bpq-1061574
Surat,gujarat,Loop Cineplex,"Loop Cinemas, Surat",1061574,395007,SCREEN 4,2D,2026-10-03T12:20,Available,188,188,0,0,COZY:0/65@170; COZY PLUS:0/94@190; LAZY LOUNGER:0/10@200; SUPER SOFA:0/19@200,1061574-24297-ob5bpq-1061574
Surat,gujarat,Loop Cineplex,"Loop Cinemas, Surat",1061574,395007,SCREEN 4,2D,2026-10-03T17:35,Available,184,184,0,0,COZY:0/65@170; COZY PLUS:0/94@190; LAZY LOUNGER:0/10@200; SUPER SOFA:0/15@200,1061574-24299-ob5bpq-1061574
Surat,gujarat,Rajhans Cinemas,"Rajhans Cinemas MTC Mall, Velanja, Surat",57161,394150,SCREEN3,2D,2026-10-03T05:00,Available,231,213,18,2700,MARVEL:0/36@130; ROYAL:0/54@150; EXECUTIVE:18/88@150; PLATINUM:0/53@170,57161-23789-ob5bpq-57161
Surat,gujarat,Rajhans Cinemas,"Rajhans Cinemas MTC Mall, Velanja, Surat",57161,394150,SCREEN4,2D,2026-10-03T07:30,Available,328,307,21,3990,MARVEL:0/42@150; ROYAL:0/84@170; EXECUTIVE:21/148@190; PLATINUM:0/54@210,57161-23795-ob5bpq-57161
Surat,gujarat,Rajhans Cinemas,"Rajhans Cinemas MTC Mall, Velanja, Surat",57161,394150,SCREEN3,2D,2026-10-03T11:00,Available,231,213,18,3780,MARVEL:0/36@170; ROYAL:0/54@190; EXECUTIVE:18/88@210; PLATINUM:0/53@230,57161-23791-ob5bpq-57161
Surat,gujarat,Rajhans Cinemas,"Rajhans Cinemas MTC Mall, Velanja, Surat",57161,394150,SCREEN4,2D,2026-10-03T13:15,Available,328,307,21,4830,MARVEL:0/42@190; ROYAL:0/84@210; EXECUTIVE:21/148@230; PLATINUM:0/54@240,57161-23797-ob5bpq-57161
Surat,gujarat,Cine Verse Vesu,"Cineverse Cinema, Vesu, Surat",24949,395007,RETRO,2D,2026-10-03T05:30,Available,46,46,0,0,SOFA:0/46@150,24949-97463-ob5bpq-24949
Surat,gujarat,Cine Verse Vesu,"Cineverse Cinema, Vesu, Surat",24949,395007,RETRO,2D,2026-10-03T11:30,Available,100,100,0,0,SOFA:0/100@180,24949-97469-ob5bpq-24949
Surat,gujarat,Rajhans Cinemas,"Rajhans Cinemas, Aagam Viviana Mall Vesu, Surat",1050981,365006,SCREEN 3,2D,2026-10-03T05:15,Available,169,145,24,3610,MARVEL:0/28@105; ROYAL:0/42@105; EXECUTIVE:17/85@130; RECLINER:7/14@200,1050981-34211-ob5bpq-1050981
Surat,gujarat,Rajhans Cinemas,"Rajhans Cinemas, Aagam Viviana Mall Vesu, Surat",1050981,365006,SCREEN 3,2D,2026-10-03T10:45,Available,169,145,24,4820,MARVEL:0/28@140; ROYAL:0/42@160; EXECUTIVE:17/85@160; RECLINER:7/14@300,1050981-34213-ob5bpq-1050981
Surat,gujarat,PVR,"PVR Rahul Raj Mall, Dumas Road, Surat",1020704,395007,AUDI 04,2D,2026-10-03T03:45,Available,154,154,0,0,CLASSIC:0/30@105; CLASSIC PLUS:0/30@130; PRIME:0/76@130; RECLINER:0/18@220,1020704-46093-ob5bpq-1020704
Surat,gujarat,PVR,"PVR Rahul Raj Mall, Dumas Road, Surat",1020704,395007,AUDI 04,2D,2026-10-03T06:40,Available,154,154,0,0,CLASSIC:0/30@140; CLASSIC PLUS:0/30@160; PRIME:0/76@160; RECLINER:0/18@250,1020704-46094-ob5bpq-1020704
Surat,gujarat,PVR,"PVR Rahul Raj Mall, Dumas Road, Surat",1020704,395007,AUDI 04,2D,2026-10-03T12:20,Available,154,154,0,0,CLASSIC:0/30@160; CLASSIC PLUS:0/30@180; PRIME:0/76@180; RECLINER:0/18@300,1020704-46096-ob5bpq-1020704
Surat,gujarat,PVR,"PVR Rahul Raj Mall, Dumas Road, Surat",1020704,395007,AUDI 04,2D,2026-10-03T18:00,Available,154,154,0,0,CLASSIC:0/30@180; CLASSIC PLUS:0/30@200; PRIME:0/76@200; RECLINER:0/18@340,1020704-46098-ob5bpq-1020704
Surat,gujarat,Rajhans Cinemas,"Rajhans Cinemas, Precia, Surat",1040576,395007,SCREEN08,2D,2026-10-03T03:30,Available,157,138,19,3630,MARVEL:0/22@150; ROYAL:0/22@170; EXECUTIVE:15/101@170; RECLINER:4/12@270,1040576-52568-ob5bpq-1040576
Surat,gujarat,Rajhans Cinemas,"Rajhans Cinemas, Precia, Surat",1040576,395007,SCREEN06,2D,2026-10-03T04:30,Available,353,323,30,5900,MARVEL:0/36@150; ROYAL:0/54@170; EXECUTIVE:22/242@170; RECLINER:8/21@270,1040576-52641-ob5bpq-1040576
Surat,gujarat,Rajhans Cinemas,"Rajhans Cinemas, Precia, Surat",1040576,395007,SCREEN08,2D,2026-10-03T06:10,Available,157,138,19,4280,MARVEL:0/22@180; ROYAL:0/22@200; EXECUTIVE:15/101@200; RECLINER:4/12@320,1040576-52569-ob5bpq-1040576
Surat,gujarat,Rajhans Cinemas,"Rajhans Cinemas, Precia, Surat",1040576,395007,SCREEN06,2D,2026-10-03T07:15,Available,353,323,30,6960,MARVEL:0/36@180; ROYAL:0/54@200; EXECUTIVE:22/242@200; RECLINER:8/21@320,1040576-52642-ob5bpq-1040576
Surat,gujarat,Rajhans Cinemas,"Rajhans Cinemas, Precia, Surat",1040576,395007,SCREEN06,2D,2026-10-03T10:00,Available,353,323,30,8360,MARVEL:0/36@200; ROYAL:0/54@220; EXECUTIVE:22/242@220; RECLINER:8/21@440,1040576-52643-ob5bpq-1040576
Surat,gujarat,Rajhans Cinemas,"Rajhans Cinemas, Precia, Surat",1040576,395007,SCREEN08,2D,2026-10-03T11:50,Available,157,138,19,5060,MARVEL:0/22@200; ROYAL:0/22@220; EXECUTIVE:15/101@220; RECLINER:4/12@440,1040576-52571-ob5bpq-1040576
Surat,gujarat,Rajhans Cinemas,"Rajhans Cinemas, Precia, Surat",1040576,395007,SCREEN06,2D,2026-10-03T12:45,Available,353,323,30,8360,MARVEL:0/36@200; ROYAL:0/54@220; EXECUTIVE:22/242@220; RECLINER:8/21@440,1040576-52644-ob5bpq-1040576
Surat,gujarat,Rajhans Cinemas,"Rajhans Cinemas, Precia, Surat",1040576,395007,SCREEN09,2D,2026-10-03T13:50,Available,56,48,8,5200,SUITE BED:8/56@650,1040576-52577-ob5bpq-1040576
Surat,gujarat,Rajhans Cinemas,"Rajhans Cinemas, Precia, Surat",1040576,395007,SCREEN08,2D,2026-10-03T17:45,Available,157,138,19,5440,MARVEL:0/22@220; ROYAL:0/22@240; EXECUTIVE:15/101@240; RECLINER:4/12@460,1040576-52573-ob5bpq-1040576
Surat,gujarat,PVR,"INOX VR Surat, Dumas Road, Surat",1020707,395007,SCREEN 3,2D,2026-10-03T06:25,Available,214,214,0,0,CLASSIC ROWS:0/34@130; CLASSIC PLUS ROWS:0/85@150; PRIME ROWS:0/77@150; RECLINER ROWS:0/18@250,1020707-194786-ob5bpq-1020707
Surat,gujarat,PVR,"INOX VR Surat, Dumas Road, Surat",1020707,395007,SCREEN 4,2D,2026-10-03T14:30,Available,194,194,0,0,CLASSIC ROWS:0/34@200; CLASSIC PLUS ROWS:0/85@220; PRIME ROWS:0/57@220; RECLINER ROWS:0/18@440,1020707-194801-ob5bpq-1020707
Surat,gujarat,PVR,"INOX VR Surat, Dumas Road, Surat",1020707,395007,SCREEN 4,2D,2026-10-03T17:25,Available,194,194,0,0,CLASSIC ROWS:0/34@200; CLASSIC PLUS ROWS:0/85@220; PRIME ROWS:0/57@220; RECLINER ROWS:0/18@440,1020707-194802-ob5bpq-1020707
Surat,gujarat,CityPlus,"City Plus Multiplex, Dumas Road, Surat",2416,395007,SCREEN3,2D,2026-10-03T04:15,Available,30,30,0,0,GOLD STAR:0/10@80; GOLD:0/10@100; EXECUTIVE:0/10@300,2416-140646-ob5bpq-2416
Surat,gujarat,CityPlus,"City Plus Multiplex, Dumas Road, Surat",2416,395007,SCREEN3,2D,2026-10-03T09:45,Available,30,30,0,0,GOLD STAR:0/10@130; GOLD:0/10@150; EXECUTIVE:0/10@300,2416-140650-ob5bpq-2416
Surat,gujarat,CityPlus,"City Plus Multiplex, Dumas Road, Surat",2416,395007,SCREEN1,2D,2026-10-03T11:45,Available,30,30,0,0,GOLD STAR:0/10@180; GOLD:0/10@200; EXECUTIVE:0/10@400,2416-140573-ob5bpq-2416
Bardoli,gujarat,Rajhans Cinemas,"Rajhans Cinemas, Prestige North, Bardoli",1054919,394601,SCREEN2,2D,2026-10-03T07:45,Available,252,242,10,1700,ROYAL:0/42@150; LOUNGER:0/11@170; EXECUTIVE:10/180@170; RECLINER:0/19@300,1054919-7792-ob5bpq-1054919
Bardoli,gujarat,Rajhans Cinemas,"Rajhans Cinemas, Prestige North, Bardoli",1054919,394601,SCREEN2,2D,2026-10-03T13:30,Available,252,242,10,2100,ROYAL:0/42@190; LOUNGER:0/11@210; EXECUTIVE:10/180@210; RECLINER:0/19@350,1054919-7794-ob5bpq-1054919
Bardoli,gujarat,Cine Verse Vesu,"Cineverse Cinema, Bardoli",1041425,394601,VINTAGE,2D,2026-10-03T04:00,Available,223,223,0,0,SOFA:0/182@150; LOUNGER:0/20@150; RECLINER:0/21@310,1041425-42213-ob5bpq-1041425
Bardoli,gujarat,Cine Verse Vesu,"Cineverse Cinema, Bardoli",1041425,394601,VINTAGE,2D,2026-10-03T16:00,Available,223,223,0,0,SOFA:0/182@200; LOUNGER:0/20@200; RECLINER:0/21@390,1041425-42225-ob5bpq-1041425
Navsari,gujarat,Rajhans Cinemas,"Rajhans Cinemas, Gandevi Road, Navsari",1050982,396445,SCREEN 3,2D,2026-10-03T04:15,Available,283,258,25,3930,MARVEL:0/32@130; ROYAL:0/96@150; EXECUTIVE:16/96@150; PLATINUM:9/59@170,1050982-64437-ob5bpq-1050982
Navsari,gujarat,Rajhans Cinemas,"Rajhans Cinemas, Gandevi Road, Navsari",1050982,396445,SCREEN 3,2D,2026-10-03T13:30,Available,283,258,25,5840,MARVEL:0/32@190; ROYAL:0/96@210; EXECUTIVE:16/96@230; PLATINUM:9/59@240,1050982-64440-ob5bpq-1050982
Vadodara,gujarat,Infinity 7 Seas,"Infinity 7 Seas Cinema, Vadodara",1102387,390008,SCREEN 1,2D,2026-10-03T06:30,Available,213,206,7,1250,LOUNGER:0/9@130; GOLD:5/54@150; SILVER:0/136@150; RECLINER:2/14@250,1102387-21847-ob5bpq-1102387
Vadodara,gujarat,Infinity 7 Seas,"Infinity 7 Seas Cinema, Vadodara",1102387,390008,SCREEN 1,2D,2026-10-03T14:30,Available,400,400,0,0,LOUNGER:0/100@160; GOLD:0/100@180; SILVER:0/100@180; RECLINER:0/100@300,1102387-21856-ob5bpq-1102387
Vadodara,gujarat,PVR,"PVR TransCube, Vadodara",1094349,390005,AUDI 06,2D,2026-10-03T03:55,Available,130,130,0,0,CLASSIC ROWS:0/42@99; PRIME ROWS:0/80@99; RECLINER ROWS:0/8@199,1094349-15045-ob5bpq-1094349
Vadodara,gujarat,PVR,"PVR TransCube, Vadodara",1094349,390005,AUDI 02,2D,2026-10-03T08:45,Available,168,168,0,0,CLASSIC ROWS:0/42@190; PRIME ROWS:0/118@200; RECLINER ROWS:0/8@380,1094349-15059-ob5bpq-1094349
Vadodara,gujarat,PVR,"PVR TransCube, Vadodara",1094349,390005,AUDI 06,2D,2026-10-03T14:35,Available,130,130,0,0,CLASSIC ROWS:0/42@220; PRIME ROWS:0/80@230; RECLINER ROWS:0/8@440,1094349-15049-ob5bpq-1094349
Vadodara,gujarat,Cinepolis,"Cinepolis Inorbit Mall, Gorwa, Vadodara",154,390023,AUDI 3,2D,2026-10-03T10:25,Available,174,162,12,2400,NORMAL:0/12@200; EXECUTIVE:0/48@200; PREMIUM:12/114@200,154-11170-ob5bpq-154
Vadodara,gujarat,Cinepolis,"Cinepolis Inorbit Mall, Gorwa, Vadodara",154,390023,AUDI 3,2D,2026-10-03T16:35,Available,174,168,6,1320,NORMAL:0/12@200; EXECUTIVE:0/48@220; PREMIUM:6/114@220,154-11172-ob5bpq-154
Vadodara,gujarat,Movietime,"MovieTime S Square Mall, Ellora Park, Vadodara",1040399,390023,AUDI NO 2,2D,2026-10-03T08:45,Available,176,176,0,0,PREMIUM:0/120@130; EXECUTIVE:0/45@130; RECLINER:0/11@260,1040399-39392-ob5bpq-1040399
Vadodara,gujarat,Movietime,"MovieTime S Square Mall, Ellora Park, Vadodara",1040399,390023,AUDI NO 2,2D,2026-10-03T17:15,Available,176,176,0,0,PREMIUM:0/120@150; EXECUTIVE:0/45@150; RECLINER:0/11@300,1040399-39395-ob5bpq-1040399
Vadodara,gujarat,Deep Multiplex,"Deep Cinemas, Nizampura, Chhani Road",1047931,390002,SCREEN 3,2D,2026-10-03T03:55,Available,300,300,0,0,PREMIUM PLUS:0/100@130; PRIME:0/100@130; CLASSIC:0/100@130,1047931-14155-ob5bpq-1047931
Vadodara,gujarat,PVR,"INOX Race Course Circle, Ellora Park, Vadodara",1019936,390007,SCREEN 2,2D,2026-10-03T15:05,Available,199,199,0,0,CLASSIC ROWS:0/65@160; PRIME ROWS:0/69@180; PRIME PLUS ROWS:0/65@200,1019936-100395-ob5bpq-1019936
Vadodara,gujarat,Cinemarc,"Cinemarc Akota, Galleria Mall, Vadodara",6072,390020,SCREEN 4,2D,2026-10-03T03:30,Available,124,124,0,0,PREMIER:0/12@100; SILVER:0/87@100; SOFA:0/25@110,6072-68579-ob5bpq-6072
Vadodara,gujarat,Cinemarc,"Cinemarc Akota, Galleria Mall, Vadodara",6072,390020,SCREEN 4,2D,2026-10-03T12:05,Available,124,124,0,0,PREMIER:0/12@110; SILVER:0/87@130; SOFA:0/25@150,6072-68582-ob5bpq-6072
Vadodara,gujarat,PVR,"PVR Nilamber Triumph Mall, Saiyed Vasna, Vadodara",1019940,390007,AUDI 02,2D,2026-10-03T03:35,Available,114,114,0,0,CLASSIC ROWS:0/22@160; PRIME ROWS:0/74@170; EXTRA LEGROOM ROWS:0/11@200; RECLINER ROWS:0/7@360,1019940-29146-ob5bpq-1019940
Vadodara,gujarat,Cinemarc,"Cinemarc Vihar, Pratapnagar Road, Vadodara",6071,390004,SCREEN 2,2D,2026-10-03T07:00,Available,265,265,0,0,PREMIER:0/30@100; SILVER:0/108@110; EXECUTIVE:0/108@110; SOFA:0/19@130,6071-53276-ob5bpq-6071
Vadodara,gujarat,Cinemarc,"Cinemarc VIP, Khodiyar Nagar Char Rasta, Vadodara",6073,390022,SCREEN 4,2D,2026-10-03T03:30,Available,139,139,0,0,PREMIUM:0/13@100; SILVER:0/87@100; SOFA:0/20@100; PUSH BACK SOFA:0/19@120,6073-86702-ob5bpq-6073
Vadodara,gujarat,Cinemarc,"Cinemarc VIP, Khodiyar Nagar Char Rasta, Vadodara",6073,390022,SCREEN 4,2D,2026-10-03T12:05,Available,139,139,0,0,PREMIUM:0/13@110; SILVER:0/87@130; SOFA:0/20@140; PUSH BACK SOFA:0/19@170,6073-86705-ob5bpq-6073
Vadodara,gujarat,PVR,"PVR EVA Mall, Manjalpur, Vadodara",1019943,390011,AUDI 02,2D,2026-10-03T11:55,Available,175,175,0,0,CLASSIC ROWS:0/48@190; PRIME ROWS:0/48@200; PRIME PLUS ROWS:0/63@210; EXTRA LEGROOM ROWS:0/16@230,1019943-28040-ob5bpq-1019943
Vadodara,gujarat,PVR,"INOX Taksh Galaxy Mall, Madhavpura, Vadodara",1019942,390019,SCREEN 1,2D,2026-10-03T14:40,Available,136,136,0,0,CLASSIC ROWS:0/20@220; CLASSIC PLUS ROWS:0/60@230; PRIME ROWS:0/43@240; EXTRA LEGROOM ROWS:0/13@270,1019942-65357-ob5bpq-1019942
Anand,gujarat,Justickets,"Rajshivalay Cinemas, Lotiya Bhagol, Anand",1041389,388001,SCREEN 3,2D,2026-10-03T11:00,Available,207,207,0,0,GOLD:0/48@120; PLATINUM:0/133@140; RED LOUNGE:0/26@400,1041389-739cfca1-2805-426e-99ad-ee2cd51ae116-ob5bpq-1041389
Anand,gujarat,PVR,"PVR Maruti Solaris, Maruti Solaris Mall, Anand",1019923,388345,AUDI 03,2D,2026-10-03T08:05,Available,156,156,0,0,CLASSIC ROWS:0/22@130; CLASSIC PLUS ROWS:0/22@150; PRIME PLUS ROWS:0/27@160; EXTRA LEGROOM ROWS:0/15@160; PRIME ROWS:0/70@160,1019923-21601-ob5bpq-1019923
Anand,gujarat,Diya,"Shaan Cinema, AV Fortune Mall, Anand",10241,388120,SCREEN 5,2D,2026-10-03T03:45,Available,152,152,0,0,PLATINUM:0/66@100; GOLD:0/45@100; SOFA:0/28@200; RECLINER:0/13@350,10241-166395-ob5bpq-10241
Anand,gujarat,Diya,"Shaan Cinema, AV Fortune Mall, Anand",10241,388120,SCREEN 5,2D,2026-10-03T06:45,Available,152,152,0,0,GOLD:0/45@100; PLATINUM:0/66@130; SOFA:0/28@250; RECLINER:0/13@350,10241-166402-ob5bpq-10241
Anand,gujarat,Diya,"Shaan Cinema, AV Fortune Mall, Anand",10241,388120,SCREEN 5,2D,2026-10-03T09:45,Available,152,152,0,0,GOLD:0/45@100; PLATINUM:0/66@160; SOFA:0/28@250; RECLINER:0/13@400,10241-166409-ob5bpq-10241
Anand,gujarat,Diya,"Shaan Cinema, AV Fortune Mall, Anand",10241,388120,SCREEN 5,2D,2026-10-03T12:45,Available,400,400,0,0,GOLD:0/100@100; PLATINUM:0/100@160; SOFA:0/100@250; RECLINER:0/100@400,10241-166412-ob5bpq-10241
Anand,gujarat,Diya,"Shaan Cinema, AV Fortune Mall, Anand",10241,388120,SCREEN 5,2D,2026-10-03T15:45,Available,152,152,0,0,GOLD:0/45@100; PLATINUM:0/66@160; SOFA:0/28@250; RECLINER:0/13@400,10241-166415-ob5bpq-10241
Rajkot,gujarat,PVR,"INOX R World, Kasturba Road, Rajkot",1030076,360001,SCREEN 1,2D,2026-10-03T04:15,Available,162,162,0,0,CLASSIC ROWS:0/30@149; PRIME PLUS ROWS:0/60@149; PRIME ROWS:0/72@149,1030076-61087-ob5bpq-1030076
Rajkot,gujarat,Cinepolis,"Cinepolis Vandana, Gondal Road, Rajkot",1018904,360004,AUDI 2,2D,2026-10-03T09:10,Available,211,206,5,1200,NORMAL:0/16@200; EXECUTIVE:0/64@220; PREMIUM:5/65@240; EXECUTIVE XL:0/13@260; PREMIUM PLUS:0/39@260; PREMIUM XL:0/14@280,1018904-6658-ob5bpq-1018904
Rajkot,gujarat,Cinepolis,"Cinepolis Vandana, Gondal Road, Rajkot",1018904,360004,AUDI 2,2D,2026-10-03T18:25,Available,211,206,5,1200,NORMAL:0/16@200; EXECUTIVE:0/64@220; PREMIUM:5/65@240; EXECUTIVE XL:0/13@260; PREMIUM PLUS:0/39@260; PREMIUM XL:0/14@280,1018904-6661-ob5bpq-1018904
Rajkot,gujarat,Cosmoplex multiplex,"Cosmoplex multiplex Bombay Supermall 2, Kuvadava Road, Rajkot",1003563,360003,PLANET PURPLE,2D,2026-10-03T07:30,Available,30,30,0,0,CREW:0/10@170; CAPTAIN:0/10@210; CLUB:0/10@350,1003563-55077-ob5bpq-1003563
Rajkot,gujarat,Movietime,"Movie Time Crystal Mall, Kalawad Road, Rajkot",1040088,360001,SCREEN2,2D,2026-10-03T17:25,Available,274,244,30,10000,GOLD:20/256@250; RECLINER:10/18@500,1040088-23272-ob5bpq-1040088
Rajkot,gujarat,CosmoPlex,"Cosmoplex Multiplex, Kalawad Road, Rajkot",2021,360001,PLANET GREEN,2D,2026-10-03T04:50,Available,10,10,0,0,CREW:0/10@150,2021-181896-ob5bpq-2021
Rajkot,gujarat,CosmoPlex,"Cosmoplex Multiplex, Kalawad Road, Rajkot",2021,360001,PLANET RED,2D,2026-10-03T06:45,Available,30,30,0,0,CREW:0/10@170; CAPTAIN:0/10@210; CLUB:0/10@350,2021-181890-ob5bpq-2021
Rajkot,gujarat,CosmoPlex,"Cosmoplex Multiplex, Kalawad Road, Rajkot",2021,360001,PLANET PURPLE,2D,2026-10-03T13:40,Available,10,10,0,0,CREW:0/10@220,2021-181920-ob5bpq-2021
Rajkot,gujarat,Goldwings Cinemas,"Goldwings Cinemas, Rajkot",1102388,360005,SCREEN 3,2D,2026-10-03T15:20,Available,400,400,0,0,LOUNGER:0/100@200; SILVER:0/100@260; GOLD:0/100@280; RECLINER:0/100@500,1102388-2516-ob5bpq-1102388
Kanpur,uttar-pradesh,PVR,"PVR Deep, Saket Nagar, Kanpur",1023488,208014,AUDI 03,2D,2026-10-03T12:10,Available,167,167,0,0,CLASSIC:0/116@220; PRIME:0/51@250,1023488-15246-ob5bpq-1023488
Kanpur,uttar-pradesh,Movietime,"Movietime Cinemas, Ratan Elegance Mall, Kanpur",1040668,208012,SCREEN 2,2D,2026-10-03T12:00,Available,176,176,0,0,SILVER:0/36@99; GOLD:0/75@130; PLATINUM:0/50@150; EXTRA LEGSPACE:0/15@170,1040668-20508-ob5bpq-1040668
Kanpur,uttar-pradesh,PVR,"PVR South X Mall, Kidwai Nagar, Kanpur",1023484,208003,SCREEN 2,2D,2026-10-03T13:30,Available,232,228,4,1600,CLASSIC:0/38@220; PRIME:0/181@250; RECLINER:4/13@400,1023484-16094-ob5bpq-1023484
Kanpur,uttar-pradesh,PVR,"INOX Z Square Mall, Bada Chauraha, Kanpur",1023481,208001,SCREEN 3,2D,2026-10-03T13:35,Available,253,253,0,0,EXECUTIVE:0/32@230; CLUB:0/148@250; ROYAL:0/73@280,1023481-78217-ob5bpq-1023481
Kanpur,uttar-pradesh,miraj,"Miraj Cinemas : Gurudev Pammi, Kanpur",175,208024,PAMMI,2D,2026-10-03T06:25,Available,201,201,0,0,FIRST CLASS:0/33@150; FAMILY:0/66@200; BALCONY:0/102@250,175-39440-ob5bpq-175
Patna,bihar,Cinepolis,"Cinepolis Gravity Mall, Patna",1054545,800020,SCREEN 03,2D,2026-10-03T03:35,Available,151,141,10,2120,NORMAL:0/14@140; EXECUTIVE:4/64@200; PREMIUM:6/36@220; EXECUTIVE XL:0/12@240; PREMIUM XL:0/18@260; RECLINER:0/7@480,1054545-6141-ob5bpq-1054545
Patna,bihar,Cinepolis,"Cinepolis Gravity Mall, Patna",1054545,800020,SCREEN 03,2D,2026-10-03T09:10,Available,151,136,15,3960,NORMAL:0/14@140; EXECUTIVE:4/64@220; EXECUTIVE XL:0/12@260; PREMIUM:11/36@280; PREMIUM XL:0/18@320; RECLINER:0/7@540,1054545-6143-ob5bpq-1054545
Patna,bihar,Cinepolis,"Cinepolis Gravity Mall, Patna",1054545,800020,SCREEN 03,2D,2026-10-03T15:15,Available,151,145,6,1680,NORMAL:0/14@140; EXECUTIVE:0/64@220; EXECUTIVE XL:0/12@260; PREMIUM:6/36@280; PREMIUM XL:0/18@320; RECLINER:0/7@540,1054545-6145-ob5bpq-1054545
Patna,bihar,Cinepolis,"Cinepolis Gravity Mall, Patna",1054545,800020,SCREEN 03,2D,2026-10-03T18:15,Available,151,145,6,1680,NORMAL:0/14@140; EXECUTIVE:0/64@220; EXECUTIVE XL:0/12@260; PREMIUM:6/36@280; PREMIUM XL:0/18@320; RECLINER:0/7@540,1054545-6146-ob5bpq-1054545
Patna,bihar,PVR,"INOX Ashok, KP Mall, Patna",1023473,800001,SCREEN 3,2D,2026-10-03T03:25,Available,180,180,0,0,CLASSIC ROWS:0/24@190; PRIME ROWS:0/116@210; PRIME PLUS ROWS:0/40@230,1023473-18379-ob5bpq-1023473
Patna,bihar,PVR,"INOX Ashok, KP Mall, Patna",1023473,800001,SCREEN 3,2D,2026-10-03T06:15,Available,180,171,9,1930,CLASSIC ROWS:0/24@190; PRIME ROWS:7/116@210; PRIME PLUS ROWS:2/40@230,1023473-18380-ob5bpq-1023473
Patna,bihar,PVR,"INOX Ashok, KP Mall, Patna",1023473,800001,SCREEN 1,2D,2026-10-03T09:30,Available,176,172,4,1160,CLASSIC ROWS:0/24@260; PRIME ROWS:0/112@280; PRIME PLUS ROWS:4/40@290,1023473-18393-ob5bpq-1023473
Patna,bihar,PVR,"INOX Ashok, KP Mall, Patna",1023473,800001,SCREEN 1,2D,2026-10-03T15:20,Available,176,176,0,0,CLASSIC ROWS:0/24@260; PRIME ROWS:0/112@280; PRIME PLUS ROWS:0/40@290,1023473-18395-ob5bpq-1023473
Patna,bihar,PVR,"INOX Ashok, KP Mall, Patna",1023473,800001,SCREEN 1,2D,2026-10-03T18:15,Available,176,176,0,0,CLASSIC ROWS:0/24@260; PRIME ROWS:0/112@280; PRIME PLUS ROWS:0/40@290,1023473-18396-ob5bpq-1023473
Patna,bihar,PVR,"INOX City Centre Mall, Lodipur, Patna",1029980,800001,SCREEN 3,2D,2026-10-03T03:35,Available,184,182,2,540,CLASSIC ROWS:0/28@220; PRIME ROWS:0/92@240; PRIME PLUS ROWS:2/36@270; PRIME PLUS SOFA ROWS:0/14@350; RECLINER ROWS:0/14@500,1029980-21711-ob5bpq-1029980
Patna,bihar,PVR,"INOX City Centre Mall, Lodipur, Patna",1029980,800001,SCREEN 3,2D,2026-10-03T08:50,Available,184,168,16,7520,CLASSIC ROWS:0/28@290; PRIME ROWS:4/92@310; PRIME PLUS ROWS:2/36@340; PRIME PLUS SOFA ROWS:10/14@560; RECLINER ROWS:0/14@620,1029980-21713-ob5bpq-1029980
Patna,bihar,PVR,"INOX City Centre Mall, Lodipur, Patna",1029980,800001,SCREEN 3,2D,2026-10-03T11:45,Available,184,180,4,1920,CLASSIC ROWS:0/28@290; PRIME ROWS:0/92@310; PRIME PLUS ROWS:2/36@340; PRIME PLUS SOFA ROWS:0/14@470; RECLINER ROWS:2/14@620,1029980-21714-ob5bpq-1029980
Patna,bihar,PVR,"INOX City Centre Mall, Lodipur, Patna",1029980,800001,SCREEN 3,2D,2026-10-03T14:40,Available,184,184,0,0,CLASSIC ROWS:0/28@290; PRIME ROWS:0/92@310; PRIME PLUS ROWS:0/36@340; PRIME PLUS SOFA ROWS:0/14@470; RECLINER ROWS:0/14@620,1029980-21715-ob5bpq-1029980
Patna,bihar,PVR,"INOX City Centre Mall, Lodipur, Patna",1029980,800001,SCREEN 3,2D,2026-10-03T17:35,Available,184,184,0,0,CLASSIC ROWS:0/28@290; PRIME ROWS:0/92@310; PRIME PLUS ROWS:0/36@340; PRIME PLUS SOFA ROWS:0/14@470; RECLINER ROWS:0/14@620,1029980-21716-ob5bpq-1029980
Patna,bihar,Cinepolis,"Cinepolis P&M Mall, Patliputra Colony, Patna",152,800013,SCREEN 1,2D,2026-10-03T03:30,Available,169,161,8,1600,NORMAL:0/8@130; EXECUTIVE:0/30@180; PREMIUM:8/121@200; RECLINER:0/10@400,152-6026-ob5bpq-152
Patna,bihar,Cinepolis,"Cinepolis P&M Mall, Patliputra Colony, Patna",152,800013,SCREEN 2,2D,2026-10-03T06:45,Available,279,249,30,8100,NORMAL:0/13@150; EXECUTIVE:5/48@220; PREMIUM:25/204@280; RECLINER:0/14@560,152-6041-ob5bpq-152
Patna,bihar,Cinepolis,"Cinepolis P&M Mall, Patliputra Colony, Patna",152,800013,SCREEN 1,2D,2026-10-03T12:25,Available,169,147,22,6040,NORMAL:0/8@150; EXECUTIVE:2/30@220; PREMIUM:20/121@280; RECLINER:0/10@560,152-6040-ob5bpq-152
Patna,bihar,Cinepolis,"Cinepolis P&M Mall, Patliputra Colony, Patna",152,800013,SCREEN 2,2D,2026-10-03T16:40,Available,279,269,10,2800,NORMAL:0/13@150; EXECUTIVE:0/48@220; PREMIUM:10/204@280; RECLINER:0/14@560,152-6038-ob5bpq-152
Patna,bihar,Krishna Talkies,"Krishna Talkies, Khaje Kalan, Patna",1049441,800008,SCREEN1,2D,2026-10-03T11:30,Filling Fast,357,81,276,36330,FIRST CLASS:169/206@120; DRESS CIRCLE:107/151@150,1049441-35117__1791027000__204__2059797-ob5bpq-1049441
Patna,bihar,Justickets,"City Cine Cafe, Patna",1030463,800009,CITY CINE CAFE,2D,2026-10-03T06:30,Available,100,100,0,0,CLASSIQUE:0/70@200; PREMIUM:0/20@200; SOFA:0/10@250,1030463-16a7c8df-9a5c-4237-ad1e-474eaf4bc52e-ob5bpq-1030463
Patna,bihar,Justickets,"City Cine Cafe, Patna",1030463,800009,CITY CINE CAFE,2D,2026-10-03T09:30,Available,100,100,0,0,CLASSIQUE:0/70@200; PREMIUM:0/20@200; SOFA:0/10@250,1030463-e606611f-4eb7-4a7f-b945-5815e0199528-ob5bpq-1030463
Patna,bihar,Justickets,"City Cine Cafe, Patna",1030463,800009,CITY CINE CAFE,2D,2026-10-03T12:30,Available,100,100,0,0,CLASSIQUE:0/70@200; PREMIUM:0/20@200; SOFA:0/10@250,1030463-2e2d3c9d-262d-4007-9c7c-c7ea6afd6334-ob5bpq-1030463
Patna,bihar,Justickets,"Cinema Cafe Smart Theatre, Bailey Road, Patna",1010456,801503,CINEMA CAFE SMART,2D,2026-10-03T08:30,Available,100,100,0,0,CLASSIQUE:0/100@200,1010456-3e572fba-29be-4162-9474-b4b639bdb3d6-ob5bpq-1010456
Patna,bihar,Justickets,"Cinema Cafe Smart Theatre, Bailey Road, Patna",1010456,801503,CINEMA CAFE SMART,2D,2026-10-03T14:00,Available,100,100,0,0,CLASSIQUE:0/100@200,1010456-8649c9af-4092-4036-979d-5eb026d987f0-ob5bpq-1010456
Patna,bihar,Diana Cinema,"Diana Cinema, Danapur (Air-conditioned) A.C, Patna",1026079,801503,SCREEN1,2D,2026-10-03T06:30,Almost Full,209,20,189,18900,DRESS CIRCLE:189/209@100,1026079-35117__1791009000__215__2080719-ob5bpq-1026079
Patna,bihar,Diana Cinema,"Diana Cinema, Danapur (Air-conditioned) A.C, Patna",1026079,801503,SCREEN1,2D,2026-10-03T09:30,Almost Full,209,20,189,18900,DRESS CIRCLE:189/209@100,1026079-35117__1791019800__215__2080720-ob5bpq-1026079
Patna,bihar,Diana Cinema,"Diana Cinema, Danapur (Air-conditioned) A.C, Patna",1026079,801503,SCREEN1,2D,2026-10-03T12:30,Almost Full,209,20,189,18900,DRESS CIRCLE:189/209@100,1026079-35117__1791030600__215__2080721-ob5bpq-1026079
Hajipur,bihar,Nirmal DD Plex,"DD Cinemas CineKrishna Mall, Mallat Boobna Plaza Campus, Hajipur",51014,844101,AUDI 2,2D,2026-10-03T04:15,Available,192,192,0,0,PLATINUM:0/192@160,51014-54323-ob5bpq-51014
Hajipur,bihar,Nirmal DD Plex,"DD Cinemas CineKrishna Mall, Mallat Boobna Plaza Campus, Hajipur",51014,844101,AUDI 2,2D,2026-10-03T06:45,Available,100,100,0,0,PLATINUM:0/100@200,51014-54326-ob5bpq-51014
Hajipur,bihar,Nirmal DD Plex,"DD Cinemas CineKrishna Mall, Mallat Boobna Plaza Campus, Hajipur",51014,844101,AUDI 2,2D,2026-10-03T09:15,Available,192,192,0,0,PLATINUM:0/192@200,51014-54329-ob5bpq-51014
Hajipur,bihar,Navin Talkies,"Navin Cinema, Yadav Nagar, Hajipur",1009225,844101,SCREEN 1,2D,2026-10-03T06:30,Available,300,300,0,0,GOLD:0/100@180; SILVER:0/100@180; EXECUTIVE:0/100@180,1009225-12512-ob5bpq-1009225
Hajipur,bihar,Navin Talkies,"Navin Cinema, Yadav Nagar, Hajipur",1009225,844101,SCREEN 1,2D,2026-10-03T09:00,Available,300,300,0,0,GOLD:0/100@180; SILVER:0/100@180; EXECUTIVE:0/100@180,1009225-12514-ob5bpq-1009225
Hajipur,bihar,Navin Talkies,"Navin Cinema, Yadav Nagar, Hajipur",1009225,844101,SCREEN 1,2D,2026-10-03T11:30,Available,300,300,0,0,GOLD:0/100@180; SILVER:0/100@180; EXECUTIVE:0/100@180,1009225-12516-ob5bpq-1009225
Hajipur,bihar,Navin Talkies,"Navin Cinema, Yadav Nagar, Hajipur",1009225,844101,SCREEN 1,2D,2026-10-03T14:00,Available,300,300,0,0,GOLD:0/100@180; SILVER:0/100@180; EXECUTIVE:0/100@180,1009225-12518-ob5bpq-1009225
Ranchi,jharkhand,miraj,"Miraj Cinemas : Sandhya Tower, Ranchi",50908,834001,SCREEN 2,2D,2026-10-03T03:30,Available,334,332,2,340,SILVER:0/40@150; GOLD:2/176@170; PLATINUM:0/118@190,50908-23394-ob5bpq-50908
Ranchi,jharkhand,miraj,"Miraj Cinemas : Sandhya Tower, Ranchi",50908,834001,SCREEN 2,2D,2026-10-03T09:20,Available,334,334,0,0,SILVER:0/40@220; GOLD:0/176@240; PLATINUM:0/118@260,50908-23396-ob5bpq-50908
Ranchi,jharkhand,miraj,"Miraj Cinemas : Sandhya Tower, Ranchi",50908,834001,SCREEN 2,2D,2026-10-03T12:15,Available,334,334,0,0,SILVER:0/40@220; GOLD:0/176@240; PLATINUM:0/118@260,50908-23422-ob5bpq-50908
Ranchi,jharkhand,miraj,"Miraj Cinemas : Sandhya Tower, Ranchi",50908,834001,SCREEN 2,2D,2026-10-03T15:10,Available,334,334,0,0,SILVER:0/40@220; GOLD:0/176@240; PLATINUM:0/118@260,50908-23398-ob5bpq-50908
Ranchi,jharkhand,miraj,"Miraj Cinemas : Sandhya Tower, Ranchi",50908,834001,SCREEN 2,2D,2026-10-03T18:05,Available,334,334,0,0,SILVER:0/40@220; GOLD:0/176@240; PLATINUM:0/118@260,50908-23399-ob5bpq-50908
Ranchi,jharkhand,PVR,"PVR Nucleus Mall, Lalpur Circular Road, Ranchi",1023490,834001,AUDI 03,2D,2026-10-03T03:45,Available,198,198,0,0,CLASSIC ROWS:0/30@180; PRIME ROWS:0/123@220; PRIME PLUS ROWS:0/36@240; RECLINER ROWS:0/9@480,1023490-20451-ob5bpq-1023490
Ranchi,jharkhand,PVR,"PVR Nucleus Mall, Lalpur Circular Road, Ranchi",1023490,834001,AUDI 03,2D,2026-10-03T08:50,Available,198,192,6,3780,CLASSIC ROWS:0/30@260; PRIME ROWS:0/123@290; PRIME PLUS ROWS:0/36@330; RECLINER ROWS:6/9@630,1023490-20453-ob5bpq-1023490
Ranchi,jharkhand,PVR,"PVR Nucleus Mall, Lalpur Circular Road, Ranchi",1023490,834001,AUDI 03,2D,2026-10-03T11:40,Available,217,192,25,10350,CLASSIC ROWS:0/30@260; PRIME ROWS:0/123@290; PRIME PLUS ROWS:18/54@330; RECLINER ROWS:7/10@630,1023490-20454-ob5bpq-1023490
Ranchi,jharkhand,PVR,"PVR Nucleus Mall, Lalpur Circular Road, Ranchi",1023490,834001,AUDI 03,2D,2026-10-03T14:30,Available,198,190,8,4440,CLASSIC ROWS:0/30@260; PRIME ROWS:0/123@290; PRIME PLUS ROWS:2/36@330; RECLINER ROWS:6/9@630,1023490-20455-ob5bpq-1023490
Ranchi,jharkhand,PVR,"PVR Nucleus Mall, Lalpur Circular Road, Ranchi",1023490,834001,AUDI 03,2D,2026-10-03T17:20,Available,198,192,6,3780,CLASSIC ROWS:0/30@260; PRIME ROWS:0/123@290; PRIME PLUS ROWS:0/36@330; RECLINER ROWS:6/9@630,1023490-20456-ob5bpq-1023490
Ranchi,jharkhand,Cinepolis,"PJP Cinemas, Mall of Ranchi, Ranchi",1012898,834001,AUDI 1,2D,2026-10-03T04:10,Available,210,193,17,3400,NORMAL:0/13@200; EXECUTIVE:0/52@200; PREMIUM:17/145@200,1012898-28684-ob5bpq-1012898
Ranchi,jharkhand,Cinepolis,"PJP Cinemas, Mall of Ranchi, Ranchi",1012898,834001,AUDI 1,2D,2026-10-03T06:55,Available,210,193,17,4590,NORMAL:0/13@230; EXECUTIVE:0/52@240; PREMIUM:17/145@270,1012898-28685-ob5bpq-1012898
Ranchi,jharkhand,Cinepolis,"PJP Cinemas, Mall of Ranchi, Ranchi",1012898,834001,AUDI 1,2D,2026-10-03T09:45,Available,210,189,21,5670,NORMAL:0/13@230; EXECUTIVE:0/52@240; PREMIUM:21/145@270,1012898-28686-ob5bpq-1012898
Ranchi,jharkhand,Cinepolis,"PJP Cinemas, Mall of Ranchi, Ranchi",1012898,834001,AUDI 1,2D,2026-10-03T12:35,Available,210,191,19,5130,NORMAL:0/13@230; EXECUTIVE:0/52@240; PREMIUM:19/145@270,1012898-28687-ob5bpq-1012898
Ranchi,jharkhand,Cinepolis,"PJP Cinemas, Mall of Ranchi, Ranchi",1012898,834001,AUDI 1,2D,2026-10-03T15:25,Available,210,193,17,4590,NORMAL:0/13@230; EXECUTIVE:0/52@240; PREMIUM:17/145@270,1012898-28688-ob5bpq-1012898
Ranchi,jharkhand,Cinepolis,"PJP Cinemas, Mall of Ranchi, Ranchi",1012898,834001,AUDI 1,2D,2026-10-03T18:15,Available,210,193,17,4590,NORMAL:0/13@230; EXECUTIVE:0/52@240; PREMIUM:17/145@270,1012898-28689-ob5bpq-1012898
Bhubaneswar,odisha,PVR,"INOX BMC Bhawani Mall, Shahid Nagar, Bhubaneswar",1017389,751007,SCREEN 2,2D,2026-10-03T15:20,Available,208,208,0,0,CLASSIC ROWS:0/42@290; PRIME ROWS:0/112@310; PRIME PLUS ROWS:0/40@320; EXTRA LEGROOM ROWS:0/14@320,1017389-71590-ob5bpq-1017389
Bhubaneswar,odisha,PVR,"PVR Utkal Galleria, Gautam Nagar, Bhubaneswar",1017390,751014,SCREEN 3,2D,2026-10-03T10:50,Available,127,125,2,740,CLASSIC ROWS:0/24@330; PRIME ROWS:0/91@350; EXTRA LEGROOM ROWS:2/12@370,1017390-25420-ob5bpq-1017390
Bhubaneswar,odisha,Cinepolis,"Cinepolis Nexus Esplanade, Rasulgarh, Bhubaneswar",7338,751007,AUDI 07,2D,2026-10-03T03:40,Available,128,122,6,1440,NORMAL:0/11@200; EXECUTIVE:0/36@210; PREMIUM:0/60@220; PREMIUM XL:6/12@240; RECLINER:0/9@500,7338-12148-ob5bpq-7338
Bhubaneswar,odisha,Cinepolis,"Cinepolis Nexus Esplanade, Rasulgarh, Bhubaneswar",7338,751007,AUDI 07,2D,2026-10-03T09:00,Available,128,114,14,4400,NORMAL:0/11@260; EXECUTIVE:0/36@280; PREMIUM:4/60@300; PREMIUM XL:10/12@320; RECLINER:0/9@800,7338-12150-ob5bpq-7338
Bhubaneswar,odisha,Cinepolis,"Cinepolis Nexus Esplanade, Rasulgarh, Bhubaneswar",7338,751007,AUDI 07,2D,2026-10-03T12:00,Available,128,122,6,2160,NORMAL:0/11@300; EXECUTIVE:0/36@320; PREMIUM:0/60@340; PREMIUM XL:6/12@360; RECLINER:0/9@800,7338-12151-ob5bpq-7338
Bhubaneswar,odisha,Cinepolis,"Cinepolis Nexus Esplanade, Rasulgarh, Bhubaneswar",7338,751007,AUDI 03,2D,2026-10-03T16:55,Available,208,202,6,2160,NORMAL:0/17@300; EXECUTIVE:0/54@320; PREMIUM:0/102@340; PREMIUM XL:6/22@360; RECLINER:0/13@800,7338-12203-ob5bpq-7338
Bhubaneswar,odisha,PVR,"INOX DN Regalia Mall, Patrapada, Bhubaneswar",1017393,751019,SCREEN 3,2D,2026-10-03T06:30,Available,129,129,0,0,CLASSIC ROWS:0/20@280; PRIME ROWS:0/78@300; PRIME PLUS ROWS:0/31@320,1017393-51098-ob5bpq-1017393
Bhubaneswar,odisha,PVR,"INOX Symphony Mall, Rudrapur, Bhubaneswar",1017391,752101,SCREEN 3,2D,2026-10-03T09:30,Available,84,84,0,0,EXECUTIVE:0/20@230; CLUB:0/64@250,1017391-36525-ob5bpq-1017391
Cuttack,odisha,PVR,"INOX SGBL Square Mall, Town Hall Road, Cuttack",1029236,753009,SCREEN 2,2D,2026-10-03T09:30,Available,196,194,2,620,CLASSIC ROWS:0/28@270; PRIME ROWS:0/88@290; PRIME PLUS ROWS:2/50@310; EXTRA LEGROOM ROWS:0/18@330; RECLINER ROWS:0/12@450,1029236-54253-ob5bpq-1029236
Guwahati,assam,PVR,"INOX NCS Square, Adabari, Guwahati",1020675,781014,SCREEN 2,2D,2026-10-03T15:10,Available,200,200,0,0,CLASSIC ROWS:0/40@230; PRIME ROWS:0/112@250; PRIME PLUS ROWS:0/36@280; EXTRA LEGROOM ROWS:0/12@290,1020675-19860-ob5bpq-1020675
Guwahati,assam,Gold,"Kelvin Gold Cinema, Guwahati (Newly Opened)",1102071,781001,SCREEN 2,2D,2026-10-03T12:45,Available,300,300,0,0,SILVER:0/100@150; GOLD:0/100@200; RECLINER:0/100@600,1102071-4064-ob5bpq-1102071
Guwahati,assam,Cinepolis,"Cinepolis Central Mall, Christian Basti, Guwahati",3084,781005,AUDI 4,2D,2026-10-03T14:55,Available,195,189,6,1440,NORMAL:0/12@180; EXECUTIVE:0/48@220; PREMIUM:6/115@240; EXECUTIVE XL:0/16@260; RECLINER:0/4@520,3084-6698-ob5bpq-3084
Guwahati,assam,PVR,"PVR City Centre, G.S. Road, Guwahati",1020678,781005,AUDI 02,2D,2026-10-03T09:25,Available,128,125,3,870,CLASSIC ROWS:0/40@260; PRIME ROWS:3/61@290; EXTRA LEGROOM ROWS:0/14@310; PRIME PLUS ROWS:0/13@340,1020678-29998-ob5bpq-1020678
Guwahati,assam,PVR,"INOX Aurus, Aurus Mall, Guwahati",1020674,781006,INSIGNIA 3,2D,2026-10-03T09:30,Available,40,40,0,0,EXEC RECLINER ROWS:0/14@730; ROYAL RECLINER ROWS:0/26@780,1020674-37335-ob5bpq-1020674
Guwahati,assam,Carnival,"Matrix Cinemas : Matrix Mall, Beltola, Guwahati",4978,781028,AUDI 2,2D,2026-10-03T05:00,Available,300,300,0,0,CLUB:0/100@150; EXECUTIVE:0/100@150; GOLD:0/100@350,4978-92164-ob5bpq-4978
Guwahati,assam,Carnival,"Matrix Cinemas : Matrix Mall, Beltola, Guwahati",4978,781028,AUDI 2,2D,2026-10-03T13:15,Available,300,300,0,0,EXECUTIVE:0/100@200; CLUB:0/100@250; GOLD:0/100@450,4978-92173-ob5bpq-4978
Kochi,kerala,PVR,"PVR Forum Mall, NH 47, Kochi",1025902,682304,SCREEN 9,2D,2026-10-03T11:25,Available,48,48,0,0,LUXE:0/16@500; LUXE PRIME:0/32@600,1025902-44519-ob5bpq-1025902
Kochi,kerala,Cinepolis,"Cinepolis VIP Centre Square Mall, Ernakulam, Kochi",119,682035,SCREEN 1,2D,2026-10-03T10:50,Available,73,65,8,4000,VIP EXECUTIVE:0/20@450; VIP PREMIUM:8/53@500,119-4323-ob5bpq-119
Kochi,kerala,Cinepolis,"Cinepolis Centre Square Mall, Ernakulam, Kochi",122,682035,SCREEN 7,2D,2026-10-03T13:55,Available,162,146,16,2064,NORMAL:0/22@129; EXECUTIVE:0/45@129; PREMIUM:16/95@129,122-13297-ob5bpq-122
Coimbatore,tamil-nadu,PVR,"INOX Prozone Mall, Sathy Road, Coimbatore",1025103,641035,SCREEN 1,2D,2026-10-03T13:50,Available,154,141,13,1201.77,EXECUTIVE:10/19@59.43; CLUB:3/135@202.49,1025103-114363-ob5bpq-1025103
Ludhiana,punjab,PVR,"PVR Pavilion Mall, Ludhiana",1023581,141002,AUDI 3,2D,2026-10-03T03:30,Available,123,123,0,0,CLASSIC:0/39@180; CLASSIC PLUS:0/39@200; PRIME:0/39@220; PRIME PLUS SOFA:0/6@370,1023581-36783-ob5bpq-1023581
Ludhiana,punjab,PVR,"PVR Pavilion Mall, Ludhiana",1023581,141002,AUDI 3,2D,2026-10-03T06:10,Available,123,123,0,0,CLASSIC:0/39@180; CLASSIC PLUS:0/39@200; PRIME:0/39@220; PRIME PLUS SOFA:0/6@370,1023581-36784-ob5bpq-1023581
Ludhiana,punjab,PVR,"PVR Pavilion Mall, Ludhiana",1023581,141002,AUDI 3,2D,2026-10-03T09:00,Available,123,123,0,0,CLASSIC:0/39@230; CLASSIC PLUS:0/39@250; PRIME:0/39@270; PRIME PLUS SOFA:0/6@430,1023581-36785-ob5bpq-1023581
Ludhiana,punjab,PVR,"PVR Pavilion Mall, Ludhiana",1023581,141002,AUDI 3,2D,2026-10-03T11:50,Available,123,123,0,0,CLASSIC:0/39@230; CLASSIC PLUS:0/39@250; PRIME:0/39@270; PRIME PLUS SOFA:0/6@430,1023581-36786-ob5bpq-1023581
Ludhiana,punjab,PVR,"PVR Pavilion Mall, Ludhiana",1023581,141002,AUDI 3,2D,2026-10-03T14:40,Available,123,123,0,0,CLASSIC:0/39@270; CLASSIC PLUS:0/39@290; PRIME:0/39@310; PRIME PLUS SOFA:0/6@470,1023581-36787-ob5bpq-1023581
Ludhiana,punjab,PVR,"PVR Pavilion Mall, Ludhiana",1023581,141002,AUDI 5,2D,2026-10-03T18:10,Available,77,77,0,0,CLASSIC:0/39@270; PRIME:0/38@310,1023581-36800-ob5bpq-1023581
Ludhiana,punjab,PVR,"PVR Silver Arc Mall, Gurdev Nagar, Ludhiana",1025088,141001,AUDI 04,2D,2026-10-03T03:30,Available,220,220,0,0,CLASSIC ROWS:0/66@170; PRIME ROWS:0/112@210; PRIME PLUS SOFA ROWS:0/18@260; RECLINER ROWS:0/24@410,1025088-30595-ob5bpq-1025088
Ludhiana,punjab,PVR,"PVR Silver Arc Mall, Gurdev Nagar, Ludhiana",1025088,141001,AUDI 06,2D,2026-10-03T09:20,Available,124,124,0,0,CLASSIC ROWS:0/39@220; PRIME ROWS:0/67@260; PRIME PLUS SOFA ROWS:0/18@320,1025088-30619-ob5bpq-1025088
Ludhiana,punjab,PVR,"PVR Silver Arc Mall, Gurdev Nagar, Ludhiana",1025088,141001,AUDI 06,2D,2026-10-03T17:25,Available,124,124,0,0,CLASSIC ROWS:0/39@250; PRIME ROWS:0/67@290; PRIME PLUS SOFA ROWS:0/18@360,1025088-30622-ob5bpq-1025088
Ludhiana,punjab,PVR,"PVR Avon City Mall, Gurdev Nagar, Ludhiana",1023576,141001,AUDI 02,2D,2026-10-03T05:20,Available,122,122,0,0,CLASSIC ROWS:0/41@150; CLASSIC PLUS ROWS:0/30@170; PRIME ROWS:0/30@190; RECLINER ROWS:0/21@360,1023576-17578-ob5bpq-1023576
Ludhiana,punjab,PVR,"PVR Avon City Mall, Gurdev Nagar, Ludhiana",1023576,141001,AUDI 02,2D,2026-10-03T11:10,Available,122,122,0,0,CLASSIC ROWS:0/41@200; CLASSIC PLUS ROWS:0/30@220; PRIME ROWS:0/30@240; RECLINER ROWS:0/21@410,1023576-17580-ob5bpq-1023576
Ludhiana,punjab,Wave,"Wave One Movies, Ferozepur Road, Ludhiana",1041108,141001,WAVE 0.2,2D,2026-10-03T06:20,Available,169,169,0,0,CLASSIC:0/85@180; PREMIUM:0/84@190,1041108-143849-ob5bpq-1041108
Ludhiana,punjab,Wave,"Wave One Movies, Ferozepur Road, Ludhiana",1041108,141001,WAVE 0.2,2D,2026-10-03T11:45,Available,169,169,0,0,CLASSIC:0/85@230; PREMIUM:0/84@240,1041108-143845-ob5bpq-1041108
Ludhiana,punjab,Wave,"Wave One Movies, Ferozepur Road, Ludhiana",1041108,141001,WAVE 0.2,2D,2026-10-03T17:10,Available,169,169,0,0,CLASSIC:0/85@260; PREMIUM:0/84@270,1041108-143841-ob5bpq-1041108
Ludhiana,punjab,Cinepolis,"Cinepolis Nexus MBD, Ludhiana",151,141004,AUDI 3,2D,2026-10-03T15:10,Available,246,236,10,2800,NORMAL:0/17@220; EXECUTIVE:0/51@240; PREMIUM:0/105@260; PREMIUM PLUS:10/40@280; PREMIUM XL:0/20@290; RECLINER:0/13@550,151-9048-ob5bpq-151
Amritsar,punjab,Movietime,"Movietime Cinemas, Novelty Mall Lawrence Road, Amritsar",1040660,143001,AUDI4,2D,2026-10-03T07:35,Available,144,144,0,0,GOLD:0/79@99; EXTRA LEGSPACE:0/13@160; PLATINUM:0/42@190; RECLINER:0/10@320,1040660-50036-ob5bpq-1040660
Amritsar,punjab,Movietime,"Movietime Cinemas, Novelty Mall Lawrence Road, Amritsar",1040660,143001,AUDI4,2D,2026-10-03T13:05,Available,144,144,0,0,GOLD:0/79@99; EXTRA LEGSPACE:0/13@160; PLATINUM:0/42@190; RECLINER:0/10@320,1040660-50038-ob5bpq-1040660
Amritsar,punjab,PVR,"INOX VR Ambarsar, Circular Road, Amritsar",1019914,143001,SCREEN 5,2D,2026-10-03T03:30,Available,116,116,0,0,CLASSIC ROWS:0/22@160; CLASSIC PLUS ROWS:0/15@190; PICTURE PERFECT:0/25@210; PRIME ROWS:0/54@210,1019914-130285-ob5bpq-1019914
Amritsar,punjab,PVR,"INOX VR Ambarsar, Circular Road, Amritsar",1019914,143001,SCREEN 5,2D,2026-10-03T11:55,Available,116,116,0,0,CLASSIC ROWS:0/22@200; CLASSIC PLUS ROWS:0/15@220; PICTURE PERFECT:0/25@250; PRIME ROWS:0/54@250,1019914-130288-ob5bpq-1019914
Amritsar,punjab,PVR,"PVR SCT City Centre, City Centre, Amritsar",1019910,143001,AUDI 3,2D,2026-10-03T06:30,Available,158,158,0,0,CLASSIC ROWS:0/30@180; CLASSIC PLUS ROWS:0/43@190; PRIME ROWS:0/30@210; PRIME PLUS ROWS:0/29@230; EXTRA LEGROOM ROWS:0/15@250; RECLINER ROWS:0/11@420,1019910-30086-ob5bpq-1019910
Amritsar,punjab,PVR,"PVR SCT City Centre, City Centre, Amritsar",1019910,143001,AUDI 3,2D,2026-10-03T11:35,Available,158,158,0,0,CLASSIC ROWS:0/30@180; CLASSIC PLUS ROWS:0/43@190; PRIME ROWS:0/30@210; PRIME PLUS ROWS:0/29@230; EXTRA LEGROOM ROWS:0/15@250; RECLINER ROWS:0/11@420,1019910-30088-ob5bpq-1019910
Amritsar,punjab,Cinepolis,"Cinepolis Nexus, Sultan Wind Sub Urban Main GT Road, Amritsar",130,143001,AUDI 5,2D,2026-10-03T12:10,Available,101,101,0,0,NORMAL:0/13@260; EXECUTIVE:0/26@280; PREMIUM:0/51@300; RECLINER:0/11@600,130-8156-ob5bpq-130
Dehradun,uttarakhand,PVR,"PVR Centrio, Unison Mall, Dehradun",1023496,248001,AUDI 01,2D,2026-10-03T06:30,Available,133,133,0,0,CLASSIC:0/22@280; CLASSIC PLUS:0/55@320; PRIME:0/45@340; RECLINER:0/11@590,1023496-26051-ob5bpq-1023496
Dehradun,uttarakhand,PVR,"PVR Centrio, Unison Mall, Dehradun",1023496,248001,AUDI 01,2D,2026-10-03T12:20,Available,133,133,0,0,CLASSIC:0/22@280; CLASSIC PLUS:0/55@320; PRIME:0/45@340; RECLINER:0/11@590,1023496-26053-ob5bpq-1023496
Dehradun,uttarakhand,Silvercity,"Silvercity, Parsvnath Eleganza Mall, Dehradun",1102319,248001,AUDI 3,2D,2026-10-03T07:05,Available,194,194,0,0,SILVER:0/60@150; GOLD:0/119@200; RECLINER:0/15@400,1102319-33601-ob5bpq-1102319
Dehradun,uttarakhand,Silvercity,"Silvercity, Parsvnath Eleganza Mall, Dehradun",1102319,248001,AUDI 3,2D,2026-10-03T12:15,Available,194,194,0,0,SILVER:0/60@150; GOLD:0/119@200; RECLINER:0/15@400,1102319-33603-ob5bpq-1102319
Dehradun,uttarakhand,PVR,"PVR Pacific Mall, Main Rajpur Road, Dehradun",1023497,248001,AUDI 04,2D,2026-10-03T04:25,Available,96,63,33,7590,CLASSIC:0/24@190; PRIME:33/72@230,1023497-23679-ob5bpq-1023497
Dehradun,uttarakhand,PVR,"PVR Pacific Mall, Main Rajpur Road, Dehradun",1023497,248001,AUDI 04,2D,2026-10-03T10:25,Available,96,96,0,0,CLASSIC:0/24@290; PRIME:0/72@340,1023497-23681-ob5bpq-1023497
Dehradun,uttarakhand,PVR,PVR Mall Of Dehradun,1040152,248005,SCREEN 1,2D,2026-10-03T06:35,Available,122,120,2,560,CLASSIC:0/24@240; LOUNGER:0/7@280; PRIME:2/22@280; PRIME PLUS:0/45@300; EXECUTIVE:0/15@420; RECLINER:0/9@540,1040152-20945-ob5bpq-1040152
Dehradun,uttarakhand,PVR,PVR Mall Of Dehradun,1040152,248005,SCREEN 1,2D,2026-10-03T14:50,Available,122,122,0,0,CLASSIC:0/24@240; LOUNGER:0/7@280; PRIME:0/22@280; PRIME PLUS:0/45@300; EXECUTIVE:0/15@420; RECLINER:0/9@540,1040152-20948-ob5bpq-1040152
Dehradun,uttarakhand,PVR,PVR Mall Of Dehradun,1040152,248005,SCREEN 2,2D,2026-10-03T17:50,Available,122,122,0,0,CLASSIC:0/24@240; LOUNGER:0/7@280; PRIME:0/22@280; PRIME PLUS:0/45@300; EXECUTIVE:0/15@420; RECLINER:0/9@540,1040152-20981-ob5bpq-1040152
Agra,uttar-pradesh,PVR,"PVR Anjana Mall, Agra",1102259,282002,AUDI 1,2D,2026-10-03T06:30,Available,115,114,1,460,CLASSIC ROWS:0/24@260; PRIME ROWS:0/36@270; EXTRA LEGROOM ROWS:0/14@290; PRIME PLUS ROWS:0/23@310; RECLINER ROWS:1/18@460,1102259-4341-ob5bpq-1102259
Agra,uttar-pradesh,PVR,"PVR Anjana Mall, Agra",1102259,282002,AUDI 1,2D,2026-10-03T12:10,Available,115,108,7,3430,CLASSIC ROWS:0/24@290; PRIME ROWS:0/36@300; EXTRA LEGROOM ROWS:0/14@320; PRIME PLUS ROWS:0/23@340; RECLINER ROWS:7/18@490,1102259-4343-ob5bpq-1102259
Meerut,uttar-pradesh,Wave,"Wave Cinemas, Meerut",1040160,160102,AUDI 1,2D,2026-10-03T06:20,Available,158,158,0,0,CLASSIC:0/158@150,1040160-67591-ob5bpq-1040160
Meerut,uttar-pradesh,Wave,"Wave Cinemas, Meerut",1040160,160102,AUDI 1,2D,2026-10-03T17:15,Available,158,158,0,0,CLASSIC:0/158@240,1040160-67595-ob5bpq-1040160
Pilkhuwa,uttar-pradesh,Satyam Talkies,"Satyam VS Cinema, Pilkhuwa",59455,245304,SCREEN 2,2D,2026-10-03T13:50,Available,79,79,0,0,GOLD:0/26@200; PLATINUM:0/39@200; DIAMOND:0/14@220,59455-103827-ob5bpq-59455
Nashik,maharashtra,MovieMax,"MovieMax: College Road, Nashik (Seats Renovated)",27023,422005,SCREEN3,2D,2026-10-03T15:30,Available,334,334,0,0,CLASSIC:0/57@180; PRIME:0/261@220; PRIME PLUS:0/16@250,27023-33080-ob5bpq-27023
Nashik,maharashtra,PVR,"Cinemax City Center, City Center Mall, Nashik",1019973,422009,SCREEN 5,2D,2026-10-03T06:40,Available,174,168,6,1640,CLASSIC ROWS:0/34@200; PRIME PLUS ROWS:4/122@220; RECLINER ROWS:2/18@380,1019973-26650-ob5bpq-1019973
Nashik,maharashtra,PVR,"Cinemax City Center, City Center Mall, Nashik",1019973,422009,SCREEN 4,2D,2026-10-03T15:00,Available,169,161,8,3600,CLASSIC ROWS:0/34@260; PRIME PLUS ROWS:0/122@280; RECLINER ROWS:8/13@450,1019973-26659-ob5bpq-1019973
Aurangabad,maharashtra,PVR,"INOX Reliance Mall, Garkheda, Aurangabad",1029157,431001,SCREEN 2,2D,2026-10-03T11:40,Available,276,276,0,0,CLASSIC ROWS:0/47@230; PRIME ROWS:0/143@250; PRIME PLUS ROWS:0/49@270; EXTRA LEGROOM ROW:0/14@280; RECLINER ROWS:0/23@430,1029157-48477-ob5bpq-1029157
Aurangabad,maharashtra,PVR,"INOX Prozone Mall, Chilkalthana, Aurangabad",1029156,431210,SCREEN 1,2D,2026-10-03T05:50,Available,198,192,6,1440,CLASSIC ROWS:0/36@200; PRIME ROWS:0/93@220; PRIME PLUS ROWS:6/59@240; RECLINER ROWS:0/10@360,1029156-100150-ob5bpq-1029156
Aurangabad,maharashtra,PVR,"INOX Prozone Mall, Chilkalthana, Aurangabad",1029156,431210,SCREEN 1,2D,2026-10-03T17:40,Available,198,198,0,0,CLASSIC ROWS:0/36@260; PRIME ROWS:0/93@280; PRIME PLUS ROWS:0/59@300; RECLINER ROWS:0/10@510,1029156-100154-ob5bpq-1029156
Raipur,chhattisgarh,PVR,"PVR City Center, City Center Mall, Raipur",1019933,492001,SCREEN 4,2D,2026-10-03T03:15,Available,160,154,6,2220,CLASSIC ROWS:0/24@170; PRIME ROWS:0/76@190; PRIME PLUS ROWS:0/48@210; RECLINER ROWS:6/12@370,1019933-28494-ob5bpq-1019933
Raipur,chhattisgarh,PVR,"PVR City Center, City Center Mall, Raipur",1019933,492001,SCREEN 4,2D,2026-10-03T09:25,Available,160,150,10,3760,CLASSIC ROWS:0/24@190; PRIME ROWS:0/76@220; PRIME PLUS ROWS:4/48@250; RECLINER ROWS:6/12@460,1019933-28496-ob5bpq-1019933
Raipur,chhattisgarh,PVR,"PVR City Center, City Center Mall, Raipur",1019933,492001,SCREEN 4,2D,2026-10-03T15:10,Available,160,154,6,2760,CLASSIC ROWS:0/24@200; PRIME ROWS:0/76@230; PRIME PLUS ROWS:0/48@260; RECLINER ROWS:6/12@460,1019933-28498-ob5bpq-1019933
Raipur,chhattisgarh,PVR,"PVR Magneto The Mall, Magneto Mall, Raipur",1019939,492001,AUDI 02,2D,2026-10-03T09:35,Available,225,225,0,0,CLASSIC ROWS:0/38@210; PRIME ROWS:0/124@250; PICTURE PERFECT:0/24@270; EXTRA LEGROOM ROWS:0/22@280; RECLINER ROWS:0/17@490,1019939-22266-ob5bpq-1019939
Raipur,chhattisgarh,PVR,"PVR Magneto The Mall, Magneto Mall, Raipur",1019939,492001,AUDI 03,2D,2026-10-03T14:40,Available,225,225,0,0,CLASSIC ROWS:0/38@220; PRIME ROWS:0/124@250; PICTURE PERFECT:0/24@270; EXTRA LEGROOM ROWS:0/22@280; RECLINER ROWS:0/17@510,1019939-22295-ob5bpq-1019939
Raipur,chhattisgarh,PVR,"INOX Ambuja City Centre, Mowa, Raipur",1019938,492007,SCREEN 2,2D,2026-10-03T11:40,Available,268,268,0,0,CLASSIC ROWS:0/36@180; PRIME ROWS:0/108@200; PRIME PLUS ROWS:0/90@220; EXTRA LEGROOM ROWS:0/20@240; RECLINER ROWS:0/14@470,1019938-89701-ob5bpq-1019938
Raipur,chhattisgarh,PVR,"INOX Ambuja City Centre, Mowa, Raipur",1019938,492007,SCREEN 1,2D,2026-10-03T17:30,Available,197,197,0,0,CLASSIC ROWS:0/28@180; PRIME ROWS:0/98@200; PRIME PLUS ROWS:0/42@220; EXTRA LEGROOM ROWS:0/17@240; RECLINER ROWS:0/12@470,1019938-89698-ob5bpq-1019938
Raipur,chhattisgarh,PVR,"PVR Zora The Mall, Raipur",1056680,492012,SCREEN 2,2D,2026-10-03T08:55,Available,257,254,3,930,CLASSIC ROWS:0/44@260; PRIME PLUS ROWS:3/114@310; PRIME ROWS:0/88@310; RECLINER ROWS:0/11@600,1056680-14463-ob5bpq-1056680
Raipur,chhattisgarh,PVR,"PVR Zora The Mall, Raipur",1056680,492012,SCREEN 2,2D,2026-10-03T14:35,Available,257,257,0,0,CLASSIC ROWS:0/44@310; PRIME ROWS:0/88@360; PRIME PLUS ROWS:0/114@410; RECLINER ROWS:0/11@600,1056680-14465-ob5bpq-1056680
Raipur,chhattisgarh,miraj,"Miraj Cinemas : CBD, Nava Raipur",10235,492101,SCREEN 3,2D,2026-10-03T06:45,Available,113,113,0,0,SPECIAL:0/26@160; EXECUTIVE:0/76@180; CLUB:0/11@280,10235-41163-ob5bpq-10235
Raipur,chhattisgarh,miraj,"Miraj Cinemas : CBD, Nava Raipur",10235,492101,SCREEN 3,2D,2026-10-03T15:20,Available,113,113,0,0,SPECIAL:0/26@180; EXECUTIVE:0/76@200; CLUB:0/11@320,10235-41146-ob5bpq-10235
Bhilai,chhattisgarh,PVR,"PVR Treasure Island, Nehru Nagar, Bhilai",1020677,490020,AUDI 03,2D,2026-10-03T12:10,Available,137,135,2,540,CLASSIC ROWS:0/20@200; PRIME ROWS:0/76@240; PRIME PLUS ROWS:2/41@270,1020677-21477-ob5bpq-1020677
Bhilai,chhattisgarh,PVR,"PVR Treasure Island, Nehru Nagar, Bhilai",1020677,490020,AUDI 04,2D,2026-10-03T15:00,Available,146,146,0,0,CLASSIC ROWS:0/22@210; PRIME ROWS:0/83@240; PRIME PLUS ROWS:0/41@270,1020677-21504-ob5bpq-1020677
Gwalior,madhya-pradesh,PVR,"INOX DB Mall, Race Course Road, Gwalior",1018430,474001,SCREEN 1,2D,2026-10-03T06:25,Available,117,117,0,0,CLASSIC ROWS:0/22@190; CLASSIC PLUS ROWS:0/55@230; PRIME ROWS:0/40@250,1018430-79228-ob5bpq-1018430
Gwalior,madhya-pradesh,PVR,"INOX DB Mall, Race Course Road, Gwalior",1018430,474001,SCREEN 3,2D,2026-10-03T11:30,Available,118,118,0,0,CLASSIC ROWS:0/19@230; CLASSIC PLUS ROWS:0/48@270; PRIME ROWS:0/42@290; RECLINER ROWS:0/9@580,1018430-79241-ob5bpq-1018430
Gwalior,madhya-pradesh,PVR,"INOX DB Mall, Race Course Road, Gwalior",1018430,474001,SCREEN 2,2D,2026-10-03T17:15,Available,119,119,0,0,CLASSIC ROWS:0/22@230; CLASSIC PLUS ROWS:0/55@270; PRIME ROWS:0/42@290,1018430-79237-ob5bpq-1018430
Gwalior,madhya-pradesh,PVR,"PVR Keshar Towers, Race course Road, Gwalior",1018429,474005,SCREEN 4,2D,2026-10-03T17:45,Available,149,149,0,0,CLASSIC ROWS:0/30@230; CLASSIC PLUS ROWS:0/45@270; PRIME ROWS:0/45@290; EXTRA LEGROOM ROWS:0/15@320; RECLINER ROWS:0/14@580,1018429-23003-ob5bpq-1018429
Gwalior,madhya-pradesh,Gold Cinema,"Gold Cinema, Gwalior",1102407,474011,SCREEN 2,2D,2026-10-03T06:30,Available,121,121,0,0,SILVER:0/26@150; GOLD:0/95@180,1102407-1674-ob5bpq-1102407
Gwalior,madhya-pradesh,Cinepolis,"Fun Cinema DD City Mall, Maharani Laxmibai Road, Gwalior",141,474001,SCREEN 4,2D,2026-10-03T06:20,Available,184,178,6,1320,NORMAL:0/15@70; EXECUTIVE:0/45@200; PREMIUM:6/54@220; PREMIUM PLUS:0/52@220; EXECUTIVE XL:0/18@230,141-6374-ob5bpq-141
Gwalior,madhya-pradesh,Cinepolis,"Fun Cinema DD City Mall, Maharani Laxmibai Road, Gwalior",141,474001,SCREEN 4,2D,2026-10-03T17:40,Available,184,178,6,1500,NORMAL:0/15@70; EXECUTIVE:0/45@230; PREMIUM:6/54@250; PREMIUM PLUS:0/52@250; EXECUTIVE XL:0/18@260,141-6377-ob5bpq-141
Jodhpur,rajasthan,miraj,"Miraj Cinemas : Blue City Mall, Jodhpur",1001091,342001,SCREEN 2,2D,2026-10-03T12:30,Available,165,153,12,2880,PREMIUM:0/42@220; CLUB:12/123@240,1001091-20892-ob5bpq-1001091
Jodhpur,rajasthan,PVR,"INOX Cinemas Indiabulls Mall,  Vijayrajey Nagar, Jodhpur",1029517,342005,SCREEN 3,2D,2026-10-03T15:20,Available,146,146,0,0,CLASSIC ROW:0/34@99; PRIME ROWS:0/68@230; PRIME PLUS ROWS:0/32@250; EXTRA LEGROOM ROW:0/12@250,1029517-22749-ob5bpq-1029517
Udaipur,rajasthan,PVR,"INOX Lake City Mall, Ashok Nagar, Udaipur",1019904,313001,SCREEN 4,2D,2026-10-03T06:30,Available,201,201,0,0,CLASSIC ROWS:0/32@190; PRIME ROWS:0/107@210; PRIME PLUS ROWS:0/51@230; EXTRA LEGROOM ROWS:0/11@230,1019904-95179-ob5bpq-1019904
Udaipur,rajasthan,PVR,"INOX Lake City Mall, Ashok Nagar, Udaipur",1019904,313001,SCREEN 4,2D,2026-10-03T12:35,Available,201,201,0,0,CLASSIC ROWS:0/32@200; PRIME ROWS:0/107@220; PRIME PLUS ROWS:0/51@240; EXTRA LEGROOM ROWS:0/11@240,1019904-95181-ob5bpq-1019904
Udaipur,rajasthan,PVR,"INOX Lake City Mall, Ashok Nagar, Udaipur",1019904,313001,SCREEN 3,2D,2026-10-03T18:05,Available,212,212,0,0,CLASSIC ROWS:0/33@200; PRIME ROWS:0/105@220; PRIME PLUS ROWS:0/54@240; EXTRA LEGROOM ROWS:0/20@240,1019904-95154-ob5bpq-1019904
Udaipur,rajasthan,PVR,"PVR Celebration Mall, Udaipur",1019902,313001,AUDI 03,2D,2026-10-03T06:30,Available,229,229,0,0,CLASSIC ROWS:0/44@210; PRIME ROWS:0/125@230; EXTRA LEGROOM ROWS:0/21@250; PICTURE PERFECT:0/16@250; PRIME PLUS ROWS:0/11@270; RECLINER ROWS:0/12@380,1019902-22342-ob5bpq-1019902
Udaipur,rajasthan,PVR,"PVR Celebration Mall, Udaipur",1019902,313001,AUDI 01,2D,2026-10-03T15:20,Available,274,274,0,0,CLASSIC ROWS:0/44@220; PRIME ROWS:0/146@240; EXTRA LEGROOM ROWS:0/18@260; PICTURE PERFECT:0/18@260; PRIME PLUS ROWS:0/38@280; RECLINER ROWS:0/10@390,1019902-22333-ob5bpq-1019902
Udaipur,rajasthan,PVR,"INOX Urban Square Mall, Udyog Vihar, Udaipur",1028838,313001,SCREEN 6,2D,2026-10-03T06:35,Available,162,162,0,0,CLASSIC ROWS:0/23@210; PRIME ROWS:0/96@230; PRIME PLUS ROWS:0/27@250; EXTRA LEGROOM ROWS:0/16@250,1028838-28547-ob5bpq-1028838
Udaipur,rajasthan,PVR,"INOX Urban Square Mall, Udyog Vihar, Udaipur",1028838,313001,SCREEN 4,2D,2026-10-03T11:25,Available,158,158,0,0,CLASSIC ROWS:0/24@220; PRIME ROWS:0/90@240; PRIME PLUS ROWS:0/27@260; EXTRA LEGROOM ROWS:0/17@260,1028838-28554-ob5bpq-1028838
Udaipur,rajasthan,PVR,"INOX Urban Square Mall, Udyog Vihar, Udaipur",1028838,313001,SCREEN 1,2D,2026-10-03T17:25,Available,117,117,0,0,CLASSIC ROWS:0/22@220; PRIME ROWS:0/65@240; PRIME PLUS ROWS:0/30@260,1028838-28545-ob5bpq-1028838
Mysuru,karnataka,PVR,"PVR Nexus Mall Centre City, Hyderali Road, Mysuru",1024988,570010,AUDI 03,2D,2026-10-03T10:45,Available,142,141,1,220,CLASSIC ROWS:0/28@200; CLASSIC PLUS ROWS:1/70@220; PRIME ROWS:0/44@250,1024988-28864-ob5bpq-1024988
Trivandrum,kerala,PVR,"PVR LULU, Lulu International Shopping Mall, Trivandrum",1022295,695029,AUDI 12,2D,2026-10-03T16:50,Available,38,38,0,0,LUXE:0/24@600; LUXE PRIME:0/14@700,1022295-59637-ob5bpq-1022295
Noida,uttar-pradesh,MovieMax,"MovieMax Laserplex Gulshan One 29 Mall, Noida",58725,201301,SCREEN5,2D,2026-10-03T03:30,Available,181,181,0,0,CLUB:0/32@360; PRIME:0/80@380; EXECUTIVE:0/54@380; MAX RECLINER:0/15@840,58725-45331-ob5bpq-58725
Noida,uttar-pradesh,MovieMax,"MovieMax Laserplex Gulshan One 29 Mall, Noida",58725,201301,SCREEN5,2D,2026-10-03T06:15,Available,181,181,0,0,CLUB:0/32@350; PRIME:0/80@370; EXECUTIVE:0/54@370; MAX RECLINER:0/15@950,58725-45332-ob5bpq-58725
Noida,uttar-pradesh,MovieMax,"MovieMax Laserplex Gulshan One 29 Mall, Noida",58725,201301,SCREEN5,2D,2026-10-03T12:00,Available,181,181,0,0,CLUB:0/32@350; PRIME:0/80@370; EXECUTIVE:0/54@370; MAX RECLINER:0/15@950,58725-45334-ob5bpq-58725
Noida,uttar-pradesh,MovieMax,"MovieMax Laserplex Gulshan One 29 Mall, Noida",58725,201301,SCREEN5,2D,2026-10-03T18:00,Available,181,181,0,0,CLUB:0/32@350; PRIME:0/80@370; EXECUTIVE:0/54@370; MAX RECLINER:0/15@950,58725-45336-ob5bpq-58725
Noida,uttar-pradesh,MovieMax,"MovieMax Edition (Luxe),  Rcube Monad Mall, Noida",1039974,201303,BROADWAY,2D,2026-10-03T10:15,Available,60,60,0,0,RECLINER:0/60@850,1039974-18115-ob5bpq-1039974
Noida,uttar-pradesh,PVR,"PVR Superplex Logix, Sector 32, Noida",1024414,201301,AUDI 01,2D,2026-10-03T03:50,Available,76,76,0,0,CLASSIC:0/76@320,1024414-76336-ob5bpq-1024414
Noida,uttar-pradesh,PVR,"PVR Superplex Logix, Sector 32, Noida",1024414,201301,AUDI 01,2D,2026-10-03T06:45,Available,76,76,0,0,CLASSIC:0/76@370,1024414-76337-ob5bpq-1024414
Noida,uttar-pradesh,PVR,"PVR Superplex Logix, Sector 32, Noida",1024414,201301,AUDI 01,2D,2026-10-03T09:40,Available,76,76,0,0,CLASSIC:0/76@370,1024414-76338-ob5bpq-1024414
Noida,uttar-pradesh,PVR,"PVR Superplex Logix, Sector 32, Noida",1024414,201301,AUDI 01,2D,2026-10-03T12:35,Available,76,76,0,0,CLASSIC:0/76@390,1024414-76339-ob5bpq-1024414
Noida,uttar-pradesh,PVR,"PVR Superplex Logix, Sector 32, Noida",1024414,201301,AUDI 01,2D,2026-10-03T15:30,Available,76,76,0,0,CLASSIC:0/76@390,1024414-76340-ob5bpq-1024414
Noida,uttar-pradesh,PVR,"PVR Superplex Logix, Sector 32, Noida",1024414,201301,AUDI 01,2D,2026-10-03T18:25,Available,76,76,0,0,CLASSIC:0/76@390,1024414-76341-ob5bpq-1024414
Noida,uttar-pradesh,PVR,"PVR Gaur City, Gaur City Mall, Greater Noida",1025087,201301,AUDI 09,2D,2026-10-03T03:55,Available,98,98,0,0,CLASSIC:0/85@220; PRIME:0/13@240,1025087-42540-ob5bpq-1025087
Noida,uttar-pradesh,PVR,"PVR Gaur City, Gaur City Mall, Greater Noida",1025087,201301,AUDI 08,2D,2026-10-03T05:50,Available,177,171,6,1360,CLASSIC:4/159@220; PRIME:2/18@240,1025087-42529-ob5bpq-1025087
Noida,uttar-pradesh,PVR,"PVR Gaur City, Gaur City Mall, Greater Noida",1025087,201301,AUDI 08,2D,2026-10-03T08:45,Available,177,173,4,1100,CLASSIC:2/159@260; PRIME:2/18@290,1025087-42530-ob5bpq-1025087
Noida,uttar-pradesh,PVR,"PVR Gaur City, Gaur City Mall, Greater Noida",1025087,201301,AUDI 08,2D,2026-10-03T11:40,Available,177,175,2,520,CLASSIC:2/159@260; PRIME:0/18@290,1025087-42531-ob5bpq-1025087
Noida,uttar-pradesh,PVR,"PVR Gaur City, Gaur City Mall, Greater Noida",1025087,201301,AUDI 08,2D,2026-10-03T14:35,Available,177,177,0,0,CLASSIC:0/159@280; PRIME:0/18@300,1025087-42532-ob5bpq-1025087
Noida,uttar-pradesh,PVR,"PVR Gaur City, Gaur City Mall, Greater Noida",1025087,201301,AUDI 08,2D,2026-10-03T17:30,Available,177,177,0,0,CLASSIC:0/159@280; PRIME:0/18@300,1025087-42533-ob5bpq-1025087
Noida,uttar-pradesh,Rajhans Cinemas,"Rajhans Cinemas, Greater Noida (W), Noida",17667,201308,SCREEN 1,2D,2026-10-03T03:30,Available,151,136,15,1950,MARVEL:0/22@105; ROYAL:0/33@130; EXECUTIVE:15/82@130; RECLINER:0/14@250,17667-54721-ob5bpq-17667
Noida,uttar-pradesh,Rajhans Cinemas,"Rajhans Cinemas, Greater Noida (W), Noida",17667,201308,SCREEN 1,2D,2026-10-03T06:15,Available,151,129,22,3900,MARVEL:0/22@130; ROYAL:0/33@140; EXECUTIVE:16/82@150; RECLINER:6/14@250,17667-54722-ob5bpq-17667
Noida,uttar-pradesh,Rajhans Cinemas,"Rajhans Cinemas, Greater Noida (W), Noida",17667,201308,SCREEN 1,2D,2026-10-03T11:50,Available,151,136,15,2550,MARVEL:0/22@140; ROYAL:0/33@160; EXECUTIVE:15/82@170; RECLINER:0/14@280,17667-54724-ob5bpq-17667
Noida,uttar-pradesh,Rajhans Cinemas,"Rajhans Cinemas, Greater Noida (W), Noida",17667,201308,SCREEN 1,2D,2026-10-03T14:30,Available,151,134,17,3700,MARVEL:0/22@170; ROYAL:0/33@190; EXECUTIVE:15/82@200; RECLINER:2/14@350,17667-54725-ob5bpq-17667
Noida,uttar-pradesh,Rajhans Cinemas,"Rajhans Cinemas, Greater Noida (W), Noida",17667,201308,SCREEN 1,2D,2026-10-03T17:20,Available,151,136,15,3000,MARVEL:0/22@170; ROYAL:0/33@190; EXECUTIVE:15/82@200; RECLINER:0/14@350,17667-54726-ob5bpq-17667
Greater Noida,uttar-pradesh,SUV Entertainment,"US Cinema, Galaxy Blue Sapphire Plaza, Greater Noida ( West )",40328,201309,EMINENCE CUT AUDI 7,2D,2026-10-03T11:55,Available,58,52,6,3000,ROYAL:0/16@400; ROYAL PLUS:6/42@500,40328-73722-ob5bpq-40328
Ghaziabad,uttar-pradesh,PVR,"INOX Shipra Mall, Indirapuram, Ghaziabad",1020698,201014,SCREEN 3,2D,2026-10-03T03:35,Available,224,224,0,0,CLASSIC:0/105@200; EXECUTIVE:0/90@210; LOUNGE:0/29@490,1020698-45409-ob5bpq-1020698
Ghaziabad,uttar-pradesh,PVR,"INOX Shipra Mall, Indirapuram, Ghaziabad",1020698,201014,SCREEN 3,2D,2026-10-03T14:50,Available,224,222,2,600,CLASSIC:0/105@270; EXECUTIVE:2/90@300; LOUNGE:0/29@590,1020698-45413-ob5bpq-1020698
Ghaziabad,uttar-pradesh,US Cinemas,"US Cinemas Eros Mall, Indirapuram, Ghaziabad",2608,201010,EUROPA 2,2D,2026-10-03T07:55,Available,205,189,16,3520,LUXURY:0/60@190; LUX PLUS:16/145@220,2608-58427-ob5bpq-2608
Ghaziabad,uttar-pradesh,US Cinemas,"US Cinemas Eros Mall, Indirapuram, Ghaziabad",2608,201010,EMINENCE CUT,2D,2026-10-03T12:25,Available,64,55,9,4300,ROYAL:2/16@400; ROY PLUS:7/48@500,2608-58432-ob5bpq-2608
Ghaziabad,uttar-pradesh,US Cinemas,"US Cinemas Eros Mall, Indirapuram, Ghaziabad",2608,201010,EMINENCE CUT,2D,2026-10-03T18:00,Available,64,55,9,4300,ROYAL:2/16@400; ROY PLUS:7/48@500,2608-58434-ob5bpq-2608
Faridabad,haryana,PVR,"INOX Crown Interiorz Mall, Delhi Mathura Road, Faridabad",1020728,121003,SCREEN 1,2D,2026-10-03T04:25,Available,199,199,0,0,CLASSIC ROWS:0/32@220; PRIME ROWS:0/112@240; EXTRA LEGROOM ROWS:0/11@260; PICTURE PERFECT:0/32@260; RECLINER ROWS:0/12@510,1020728-94882-ob5bpq-1020728
Faridabad,haryana,PVR,"INOX Crown Interiorz Mall, Delhi Mathura Road, Faridabad",1020728,121003,SCREEN 1,2D,2026-10-03T10:30,Available,199,199,0,0,CLASSIC ROWS:0/32@270; PRIME ROWS:0/112@290; EXTRA LEGROOM ROWS:0/11@310; PICTURE PERFECT:0/32@310; RECLINER ROWS:0/12@610,1020728-94884-ob5bpq-1020728
Faridabad,haryana,PVR,"INOX Crown Interiorz Mall, Delhi Mathura Road, Faridabad",1020728,121003,SCREEN 1,2D,2026-10-03T16:50,Available,199,199,0,0,CLASSIC ROWS:0/32@270; PRIME ROWS:0/112@290; EXTRA LEGROOM ROWS:0/11@310; PICTURE PERFECT:0/32@310; RECLINER ROWS:0/12@610,1020728-94886-ob5bpq-1020728
Ghaziabad,uttar-pradesh,PVR,"PVR Opulent, The Opulent Mall, Ghaziabad",1036404,201001,AUDI 2,2D,2026-10-03T03:35,Available,194,194,0,0,CLASSIC:0/104@180; PRIME:0/85@210; RECLINER:0/5@340,1036404-11088-ob5bpq-1036404
Ghaziabad,uttar-pradesh,PVR,"PVR Opulent, The Opulent Mall, Ghaziabad",1036404,201001,AUDI 2,2D,2026-10-03T09:00,Available,194,194,0,0,CLASSIC:0/104@220; PRIME:0/85@240; RECLINER:0/5@400,1036404-11110-ob5bpq-1036404
Greater Noida,uttar-pradesh,PVR,"INOX Omaxe Connaught Place Mall, Greater Noida",1029331,201308,SCREEN 2,2D,2026-10-03T06:55,Available,191,191,0,0,CLUB:0/85@220; ROYAL:0/95@240; ROYAL RECLINER:0/11@410,1029331-78874-ob5bpq-1029331
Greater Noida,uttar-pradesh,PVR,"INOX Omaxe Connaught Place Mall, Greater Noida",1029331,201308,SCREEN 2,2D,2026-10-03T12:45,Available,191,191,0,0,CLUB:0/85@230; ROYAL:0/95@250; ROYAL RECLINER:0/11@430,1029331-78876-ob5bpq-1029331
Greater Noida,uttar-pradesh,PVR,"INOX Omaxe Connaught Place Mall, Greater Noida",1029331,201308,SCREEN 2,2D,2026-10-03T15:35,Available,191,191,0,0,CLUB:0/85@230; ROYAL:0/95@250; ROYAL RECLINER:0/11@430,1029331-78877-ob5bpq-1029331
Greater Noida,uttar-pradesh,miraj,"Miraj Cinemas : India Expo Plaza, Greater Noida",1102182,201310,SCREEN1,2D,2026-10-03T03:30,Available,88,88,0,0,LOUNGER:0/9@200; CLASSIC:0/79@200,1102182-4547-ob5bpq-1102182
Greater Noida,uttar-pradesh,miraj,"Miraj Cinemas : India Expo Plaza, Greater Noida",1102182,201310,SCREEN4,2D,2026-10-03T06:45,Available,71,69,2,460,LOUNGER:0/6@230; CLASSIC:2/65@230,1102182-4560-ob5bpq-1102182
Greater Noida,uttar-pradesh,miraj,"Miraj Cinemas : India Expo Plaza, Greater Noida",1102182,201310,SCREEN4,2D,2026-10-03T12:30,Available,71,71,0,0,LOUNGER:0/6@230; CLASSIC:0/65@230,1102182-4562-ob5bpq-1102182
Faridabad,haryana,Cinepolis,"Cinepolis City Life Mall, Faridabad",1102526,121003,SCREEN 03,2D,2026-10-03T12:30,Available,110,105,5,1300,NORMAL:0/11@200; EXECUTIVE:0/26@240; PREMIUM:5/64@260; RECLINER:0/9@560,1102526-69-ob5bpq-1102526
Faridabad,haryana,Cinepolis,"Cinepolis City Life Mall, Faridabad",1102526,121003,SCREEN 03,2D,2026-10-03T18:20,Available,110,105,5,1300,NORMAL:0/11@200; EXECUTIVE:0/26@240; PREMIUM:5/64@260; RECLINER:0/9@560,1102526-71-ob5bpq-1102526
Ghaziabad,uttar-pradesh,miraj,"Miraj Cinemas : ATS Khyber Range Mall, Ghaziabad",1102445,201002,SCREEN1,2D,2026-10-03T03:30,Available,110,110,0,0,SILVER:0/22@180; GOLD:0/88@200,1102445-943-ob5bpq-1102445
Ghaziabad,uttar-pradesh,miraj,"Miraj Cinemas : ATS Khyber Range Mall, Ghaziabad",1102445,201002,SCREEN3,2D,2026-10-03T06:45,Available,107,107,0,0,SILVER:0/30@200; GOLD:0/77@220,1102445-956-ob5bpq-1102445
Ghaziabad,uttar-pradesh,miraj,"Miraj Cinemas : ATS Khyber Range Mall, Ghaziabad",1102445,201002,SCREEN3,2D,2026-10-03T12:30,Available,107,107,0,0,SILVER:0/30@220; GOLD:0/77@240,1102445-958-ob5bpq-1102445
Greater Noida,uttar-pradesh,Wave,"Wave Cinemas iThum Mall, Greater Noida",1102164,201310,AUDI 3,2D,2026-10-03T06:30,Available,141,125,16,3840,CLASSIC:0/77@220; PREMIUM:16/64@240,1102164-4407-ob5bpq-1102164
Greater Noida,uttar-pradesh,Wave,"Wave Cinemas iThum Mall, Greater Noida",1102164,201310,AUDI 3,2D,2026-10-03T12:00,Available,141,125,16,3840,CLASSIC:0/77@220; PREMIUM:16/64@240,1102164-4409-ob5bpq-1102164
Greater Noida,uttar-pradesh,Wave,"Wave Cinemas iThum Mall, Greater Noida",1102164,201310,AUDI 3,2D,2026-10-03T17:30,Available,141,125,16,3840,CLASSIC:0/77@220; PREMIUM:16/64@240,1102164-4411-ob5bpq-1102164
Ghaziabad,uttar-pradesh,Wave,"Wave Cinemas, Raj Nagar",1040868,201002,AUDI 3,2D,2026-10-03T06:30,Available,198,194,4,960,CLASSIC:4/198@240,1040868-89223-ob5bpq-1040868
Ghaziabad,uttar-pradesh,Wave,"Wave Cinemas, Raj Nagar",1040868,201002,AUDI 3,2D,2026-10-03T12:00,Available,198,196,2,480,CLASSIC:2/198@240,1040868-89225-ob5bpq-1040868
Ghaziabad,uttar-pradesh,Wave,"Wave Cinemas, Raj Nagar",1040868,201002,AUDI 3,2D,2026-10-03T17:30,Available,198,198,0,0,CLASSIC:0/198@240,1040868-89227-ob5bpq-1040868
Ghaziabad,uttar-pradesh,miraj,"Miraj Cinemas : M4U, Sahibabad",2719,201006,SCREEN 3,2D,2026-10-03T03:45,Available,181,181,0,0,SPECIAL:0/65@130; EXECUTIVE:0/116@150,2719-50034-ob5bpq-2719
Ghaziabad,uttar-pradesh,miraj,"Miraj Cinemas : M4U, Sahibabad",2719,201006,SCREEN 3,2D,2026-10-03T15:00,Available,181,181,0,0,SPECIAL:0/65@170; EXECUTIVE:0/116@190,2719-50038-ob5bpq-2719
Greater Noida,uttar-pradesh,MSX Cinemas,"MSX Cinemas, Greater Noida",1092168,201310,SCREEN 5,2D,2026-10-03T04:50,Filling Fast,124,24,100,16640,CLUB:68/92@160; ROYAL:32/32@180,1092168-35117__1791003000__482__2073137-ob5bpq-1092168
Greater Noida,uttar-pradesh,MSX Cinemas,"MSX Cinemas, Greater Noida",1092168,201310,SCREEN 5,2D,2026-10-03T10:50,Filling Fast,124,24,100,18640,CLUB:68/92@180; ROYAL:32/32@200,1092168-35117__1791024600__482__2073139-ob5bpq-1092168
Greater Noida,uttar-pradesh,MSX Cinemas,"MSX Cinemas, Greater Noida",1092168,201310,SCREEN 5,2D,2026-10-03T17:10,Filling Fast,124,24,100,18640,CLUB:68/92@180; ROYAL:32/32@200,1092168-35117__1791047400__482__2073141-ob5bpq-1092168
Greater Noida,uttar-pradesh,Cinepolis,"Cinepolis The Grand Venice Mall, Near Pari Chowk, Greater Noida",1410,201308,SCREEN 3,2D,2026-10-03T08:05,Available,140,123,17,4080,NORMAL:0/12@210; EXECUTIVE:0/35@230; PREMIUM:17/77@240; PREMIUM XL:0/16@270,1410-7805-ob5bpq-1410
Greater Noida,uttar-pradesh,Cinepolis,"Cinepolis The Grand Venice Mall, Near Pari Chowk, Greater Noida",1410,201308,SCREEN 3,2D,2026-10-03T14:20,Available,140,127,13,3120,NORMAL:0/12@210; EXECUTIVE:0/35@230; PREMIUM:13/77@240; PREMIUM XL:0/16@270,1410-7807-ob5bpq-1410
Faridabad,haryana,PVR,"INOX EF3 Mall, Mathura Road, Faridabad",1020729,121001,SCREEN 1,2D,2026-10-03T12:35,Available,193,193,0,0,EXECUTIVE ROWS:0/24@170; CLASSIC ROWS:0/96@190; EXTRA LEGROOM ROWS:0/14@210; PICTURE PERFECT:0/24@210; PRIME ROWS:0/35@210,1020729-67157-ob5bpq-1020729
Gurgaon,haryana,Movietime,"Movietime Cinemas, Celebration Mall, Gurugram",1040589,122101,AUDI 2,2D,2026-10-03T09:50,Available,282,282,0,0,SILVER:0/161@160; GOLD:0/85@180; EXTRA LEGSPACE:0/17@200; RECLINER:0/19@300,1040589-19575-ob5bpq-1040589
Gurgaon,haryana,Cinepolis,"Cinepolis The Esplanade, Gurugram",52071,122001,SCREEN 04,2D,2026-10-03T03:45,Available,148,143,5,1250,NORMAL:0/10@180; EXECUTIVE:0/30@230; PREMIUM:5/66@250; PREMIUM PLUS:0/28@270; PREMIUM XL:0/14@290,52071-10957-ob5bpq-52071
Gurgaon,haryana,Cinepolis,"Cinepolis The Esplanade, Gurugram",52071,122001,SCREEN 04,2D,2026-10-03T09:35,Available,148,143,5,1400,NORMAL:0/10@210; EXECUTIVE:0/30@260; PREMIUM:5/66@280; PREMIUM PLUS:0/28@300; PREMIUM XL:0/14@320,52071-10959-ob5bpq-52071
Gurgaon,haryana,Cinepolis,"Cinepolis The Esplanade, Gurugram",52071,122001,SCREEN 04,2D,2026-10-03T14:50,Available,148,143,5,1500,NORMAL:0/10@210; EXECUTIVE:0/30@260; PREMIUM:5/66@300; PREMIUM PLUS:0/28@320; PREMIUM XL:0/14@340,52071-10960-ob5bpq-52071
Gurgaon,haryana,Cinepolis,"Cinepolis The Esplanade, Gurugram",52071,122001,SCREEN 04,2D,2026-10-03T17:45,Available,148,143,5,1400,NORMAL:0/10@210; EXECUTIVE:0/30@260; PREMIUM:5/66@280; PREMIUM PLUS:0/28@300; PREMIUM XL:0/14@320,52071-10961-ob5bpq-52071
Gurgaon,haryana,NY ,"Devgn CineX (Formerly NY) : Elan Epic, Gurugram",1029765,122001,AUDI 5,2D,2026-10-03T04:15,Available,188,188,0,0,CLASSIC:0/54@240; PRIME:0/118@280; RECLINER:0/16@450,1029765-26528-ob5bpq-1029765
Gurgaon,haryana,NY ,"Devgn CineX (Formerly NY) : Elan Epic, Gurugram",1029765,122001,AUDI 4,2D,2026-10-03T15:00,Available,193,189,4,2400,CLASSIC:0/57@300; PRIME:0/119@350; RECLINER:4/17@600,1029765-26526-ob5bpq-1029765
Gurgaon,haryana,PVR,"INOX Gurugram Ardee Mall, Ardee City, Gurugram",1016455,122003,INSIGNIA 4,2D,2026-10-03T17:25,Available,24,24,0,0,RECLINER:0/12@750; RECLINER PRIME:0/12@950,1016455-46320-ob5bpq-1016455
Gurgaon,haryana,PVR,"INOX AIPL Joy Street, AIPL Joystreet Mall, Gurugram",1016457,122018,SCREEN 3,2D,2026-10-03T03:45,Available,80,80,0,0,CLASSIC ROWS:0/16@220; PRIME ROWS:0/64@240,1016457-54154-ob5bpq-1016457
Gurgaon,haryana,PVR,"INOX AIPL Joy Street, AIPL Joystreet Mall, Gurugram",1016457,122018,SCREEN 3,2D,2026-10-03T08:50,Available,80,80,0,0,CLASSIC ROWS:0/16@280; PRIME ROWS:0/64@300,1016457-54156-ob5bpq-1016457
Gurgaon,haryana,PVR,"INOX AIPL Joy Street, AIPL Joystreet Mall, Gurugram",1016457,122018,SCREEN 3,2D,2026-10-03T14:30,Available,80,80,0,0,CLASSIC ROWS:0/16@280; PRIME ROWS:0/64@300,1016457-54158-ob5bpq-1016457
Gurgaon,haryana,Rajhans Cinemas,"Rajhans Cinemas, Ocus Medley, Sec-99, Gurugram",1102256,122505,SCREEN1,2D,2026-10-03T08:30,Available,134,122,12,2760,ROYAL:0/24@220; LOUNGER:0/10@230; EXECUTIVE:12/84@230; RECLINER:0/16@400,1102256-3331-ob5bpq-1102256
Gurgaon,haryana,Rajhans Cinemas,"Rajhans Cinemas, Ocus Medley, Sec-99, Gurugram",1102256,122505,SCREEN1,2D,2026-10-03T17:15,Available,134,122,12,3480,ROYAL:0/24@270; LOUNGER:0/10@290; EXECUTIVE:12/84@290; RECLINER:0/16@400,1102256-3334-ob5bpq-1102256
Gurgaon,haryana,PVR,"PVR Elan Miracle, Sec 84, Gurugram",1056359,122004,SCREEN 3,2D,2026-10-03T03:55,Available,128,128,0,0,CLASSIC ROWS:0/26@149; PRIME ROWS:0/72@199; PICTURE PERFECT:0/18@219; RECLINER ROWS:0/12@299,1056359-17064-ob5bpq-1056359
Gurgaon,haryana,PVR,"PVR Elan Miracle, Sec 84, Gurugram",1056359,122004,SCREEN 3,2D,2026-10-03T09:35,Available,128,126,2,598,CLASSIC ROWS:0/26@149; PRIME ROWS:0/72@199; PICTURE PERFECT:0/18@219; RECLINER ROWS:2/12@299,1056359-17066-ob5bpq-1056359
Gurgaon,haryana,PVR,"PVR Elan Miracle, Sec 84, Gurugram",1056359,122004,SCREEN 3,2D,2026-10-03T17:30,Available,128,128,0,0,CLASSIC ROWS:0/26@149; PRIME ROWS:0/72@199; PICTURE PERFECT:0/18@219; RECLINER ROWS:0/12@299,1056359-17069-ob5bpq-1056359
Gurgaon,haryana,PVR,"INOX World Mark, Sector 65, Gurugram",1016459,122001,SCREEN 4,2D,2026-10-03T07:00,Available,134,134,0,0,CLASSIC ROWS:0/26@310; CLASSIC PLUS ROWS:0/65@350; PRIME ROWS:0/19@380; EXTRA LEGROOM ROWS:0/16@400; RECLINER ROWS:0/8@580,1016459-48210-ob5bpq-1016459
Gurgaon,haryana,Wave,"Wave Cinemas, Gurugram",1039102,122102,AUDI 4,2D,2026-10-03T05:30,Available,144,144,0,0,CLASSIC:0/48@200; PREMIUM:0/96@250,1039102-38584-ob5bpq-1039102
Gurgaon,haryana,Wave,"Wave Cinemas, Gurugram",1039102,122102,AUDI 4,2D,2026-10-03T11:05,Available,144,144,0,0,CLASSIC:0/48@250; PREMIUM:0/96@290,1039102-38578-ob5bpq-1039102
Gurgaon,haryana,Wave,"Wave Cinemas, Gurugram",1039102,122102,AUDI 4,2D,2026-10-03T13:55,Available,144,144,0,0,CLASSIC:0/48@250; PREMIUM:0/96@290,1039102-38575-ob5bpq-1039102
Gurgaon,haryana,PVR,"PVR Elan Town Centre, Sec 67, Gurugram",1018965,122101,SCREEN 3,2D,2026-10-03T04:45,Available,95,95,0,0,CLASSIC ROWS:0/36@180; PRIME ROWS:0/14@200; EXTRA LEGROOM ROWS:0/22@220; PICTURE PERFECT:0/8@220; RECLINER ROWS:0/15@330,1018965-22065-ob5bpq-1018965
Gurgaon,haryana,PVR,"PVR Elan Town Centre, Sec 67, Gurugram",1018965,122101,SCREEN 3,2D,2026-10-03T10:50,Available,95,95,0,0,CLASSIC ROWS:0/36@240; PRIME ROWS:0/14@260; EXTRA LEGROOM ROWS:0/22@280; PICTURE PERFECT:0/8@280; RECLINER ROWS:0/15@430,1018965-22067-ob5bpq-1018965
Gurgaon,haryana,Cinepolis,"Cinepolis Airia Mall, Sohna Road, Gurugram",10262,122103,AUDI 6,2D,2026-10-03T03:30,Available,134,129,5,1200,NORMAL:0/15@200; EXECUTIVE:0/48@220; PREMIUM:5/64@240; RECLINER:0/7@600,10262-14656-ob5bpq-10262
Gurgaon,haryana,Cinepolis,"Cinepolis Airia Mall, Sohna Road, Gurugram",10262,122103,AUDI 6,2D,2026-10-03T09:05,Available,134,129,5,1600,NORMAL:0/15@280; EXECUTIVE:0/48@300; PREMIUM:5/64@320; RECLINER:0/7@800,10262-14658-ob5bpq-10262
Gurgaon,haryana,Cinepolis,"Cinepolis Airia Mall, Sohna Road, Gurugram",10262,122103,AUDI 6,2D,2026-10-03T15:20,Available,134,129,5,1600,NORMAL:0/15@280; EXECUTIVE:0/48@300; PREMIUM:5/64@320; RECLINER:0/7@800,10262-14660-ob5bpq-10262
Gurgaon,haryana,Cinepolis,"Cinepolis Airia Mall, Sohna Road, Gurugram",10262,122103,AUDI 6,2D,2026-10-03T18:20,Available,134,129,5,1600,NORMAL:0/15@280; EXECUTIVE:0/48@300; PREMIUM:5/64@320; RECLINER:0/7@800,10262-14661-ob5bpq-10262
Gurgaon,haryana,miraj,"Miraj Cinemas : KLJ Square, Gurugram",1075096,122004,SCREEN 3,2D,2026-10-03T09:00,Available,72,72,0,0,EXECUTIVE:0/60@250; SOFA:0/12@250,1075096-8657-ob5bpq-1075096
Gurgaon,haryana,miraj,"Miraj Cinemas : KLJ Square, Gurugram",1075096,122004,SCREEN 3,2D,2026-10-03T15:00,Available,72,72,0,0,EXECUTIVE:0/60@250; SOFA:0/12@250,1075096-8659-ob5bpq-1075096
Gurgaon,haryana,PVR,"PVR City Centre, DLF City Centre Mall, Gurugram",1018939,122002,SCREEN 3,2D,2026-10-03T17:45,Available,146,146,0,0,CLASSIC ROWS:0/40@370; PRIME ROWS:0/81@450; EXTRA LEGROOM ROWS:0/13@470; RECLINER ROWS:0/12@650,1018939-17306-ob5bpq-1018939
Gurgaon,haryana,PVR,"HDFC Millennia PVR MGF, Gurugram",1019635,122002,SCREEN 7,2D,2026-10-03T03:45,Available,119,119,0,0,CLASSIC ROWS:0/33@240; PRIME ROWS:0/57@290; PICTURE PERFECT:0/21@310; RECLINER ROWS:0/8@450,1019635-40605-ob5bpq-1019635
Gurgaon,haryana,PVR,"HDFC Millennia PVR MGF, Gurugram",1019635,122002,SCREEN 7,2D,2026-10-03T11:45,Available,119,119,0,0,CLASSIC ROWS:0/33@370; PRIME ROWS:0/57@480; PICTURE PERFECT:0/21@500; RECLINER ROWS:0/8@650,1019635-40608-ob5bpq-1019635
Gurgaon,haryana,PVR,"HDFC Millennia PVR MGF, Gurugram",1019635,122002,SCREEN 7,2D,2026-10-03T17:25,Available,119,119,0,0,CLASSIC ROWS:0/33@400; PRIME ROWS:0/57@510; PICTURE PERFECT:0/21@530; RECLINER ROWS:0/8@680,1019635-40610-ob5bpq-1019635
Gurgaon,haryana,PVR,"INOX Gurugram Sapphire 83,  Sapphire Mall, Gurugram",1016458,122004,SCREEN 3,2D,2026-10-03T07:55,Available,157,157,0,0,CLASSIC ROWS:0/45@149; EXTRA LEGROOM ROWS:0/11@149; PICTURE PERFECT:0/18@149; PRIME ROWS:0/75@149; RECLINER ROWS:0/8@299,1016458-42792-ob5bpq-1016458
Gurgaon,haryana,MovieMax,"Moviemax: Sector 56, Metro World Mall, Gurugram",1102431,122011,SCREEN 3,2D,2026-10-03T15:30,Available,138,138,0,0,PRIME:0/86@280; EXECUTIVE:0/42@280; MAX RECLINER:0/10@480,1102431-1067-ob5bpq-1102431
Gurgaon,haryana,PVR,"PVR Mega Mall, Golf Course Road, Gurugram",1019603,122002,SCREEN 3,2D,2026-10-03T03:35,Available,90,89,1,210,CLASSIC ROWS:1/39@210; PRIME ROWS:0/33@230; PICTURE PERFECT:0/18@250,1019603-16761-ob5bpq-1019603
Gurgaon,haryana,Cinepolis,"Cinepolis Grand View High Street, Gurugram",1067859,122102,SCREEN 04,2D,2026-10-03T15:00,Available,158,152,6,2040,NORMAL:0/13@280; EXECUTIVE:0/45@320; PREMIUM:6/72@340; PREMIUM XL:0/16@360; RECLINER:0/12@560,1067859-8131-ob5bpq-1067859
Gurgaon,haryana,PVR,"INOX Iris Broadways, Sector 85, Gurugram",1019227,122004,SCREEN 2,2D,2026-10-03T16:25,Available,143,143,0,0,CLASSIC ROWS:0/30@149; PRIME PLUS ROWS:0/38@149; PICTURE PERFECT:0/18@149; PRIME ROWS:0/57@149,1019227-15519-ob5bpq-1019227
Gurgaon,haryana,MovieMax,"MovieMax Ansal Plaza, Gurugram",1016377,122017,SCREEN3,2D,2026-10-03T15:45,Available,183,183,0,0,EXECUTIVE:0/64@170; PREMIUM:0/103@190; CLUB:0/16@210,1016377-19455-ob5bpq-1016377
Gurgaon,haryana,PVR,"PVR Elan Mercado, Sector 80, Gurugram",1016452,122052,SCREEN 4,2D,2026-10-03T05:10,Available,98,98,0,0,CLASSIC ROWS:0/46@149; PRIME ROWS:0/14@149; EXTRA LEGROOM ROWS:0/16@169; PICTURE PERFECT:0/12@169; RECLINER ROWS:0/10@299,1016452-28380-ob5bpq-1016452
Gurgaon,haryana,PVR,"PVR Elan Mercado, Sector 80, Gurugram",1016452,122052,SCREEN 4,2D,2026-10-03T10:30,Available,98,98,0,0,CLASSIC ROWS:0/46@149; PRIME ROWS:0/14@149; EXTRA LEGROOM ROWS:0/16@169; PICTURE PERFECT:0/12@169; RECLINER ROWS:0/10@299,1016452-28382-ob5bpq-1016452
Gurgaon,haryana,PVR,"PVR Elan Mercado, Sector 80, Gurugram",1016452,122052,SCREEN 4,2D,2026-10-03T16:30,Available,98,98,0,0,CLASSIC ROWS:0/46@149; PRIME ROWS:0/14@149; EXTRA LEGROOM ROWS:0/16@169; PICTURE PERFECT:0/12@169; RECLINER ROWS:0/10@299,1016452-28390-ob5bpq-1016452
Gurgaon,haryana,PVR,"INOX Sapphire 90 Mall, Sector 90, Gurugram",1016456,122505,SCREEN 2,2D,2026-10-03T07:55,Available,153,153,0,0,CLASSIC ROWS:0/60@149; EXECUTIVE ROWS:0/32@149; PICTURE PERFECT:0/16@149; PRIME ROWS:0/34@149; RECLINER ROWS:0/11@299,1016456-39993-ob5bpq-1016456
Gurgaon,haryana,PVR,"INOX Sapphire 90 Mall, Sector 90, Gurugram",1016456,122505,SCREEN 2,2D,2026-10-03T14:15,Available,153,150,3,447,CLASSIC ROWS:0/60@149; EXECUTIVE ROWS:0/32@149; PICTURE PERFECT:0/16@149; PRIME ROWS:3/34@149; RECLINER ROWS:0/11@299,1016456-39995-ob5bpq-1016456
Gurgaon,haryana,PVR,"Pepsi PVR Ambience, Ambience Mall, Gurugram",1022302,122001,AUDI 13,2D,2026-10-03T03:40,Available,121,119,2,580,CLASSIC:0/64@240; PRIME:2/31@290; PICTURE PERFECT:0/26@350,1022302-56338-ob5bpq-1022302
Gurgaon,haryana,PVR,"Pepsi PVR Ambience, Ambience Mall, Gurugram",1022302,122001,AUDI 13,2D,2026-10-03T09:35,Available,121,119,2,960,CLASSIC:0/64@370; PRIME:2/31@480; PICTURE PERFECT:0/26@580,1022302-56340-ob5bpq-1022302
Gurgaon,haryana,PVR,"Pepsi PVR Ambience, Ambience Mall, Gurugram",1022302,122001,AUDI 13,2D,2026-10-03T14:55,Available,121,119,2,1220,CLASSIC:0/64@400; PRIME:0/31@510; PICTURE PERFECT:2/26@610,1022302-56342-ob5bpq-1022302
Gurgaon,haryana,PVR,"Pepsi PVR Ambience, Ambience Mall, Gurugram",1022302,122001,AUDI 13,2D,2026-10-03T17:50,Available,121,121,0,0,CLASSIC:0/64@400; PRIME:0/31@510; PICTURE PERFECT:0/26@610,1022302-56343-ob5bpq-1022302
Gurgaon,haryana,PVR,Gurugram: PVR Directors Cut Ambience Mall,1025226,122001,AUDI 11 DC,2D,2026-10-03T12:45,Available,40,40,0,0,RECLINER:0/32@1500; RECLINER PRIME:0/8@1700,1025226-23581-ob5bpq-1025226
New Delhi,delhi,PVR,"PVR Pacific D21, Dwarka, New Delhi",1022287,110077,AUDI 04,2D,2026-10-03T06:20,Available,67,65,2,640,CLASSIC ROWS:0/42@290; PRIME ROWS:2/25@320,1022287-30591-ob5bpq-1022287
New Delhi,delhi,PVR,"PVR Pacific D21, Dwarka, New Delhi",1022287,110077,AUDI 04,2D,2026-10-03T12:10,Available,67,62,5,1950,CLASSIC ROWS:3/42@370; PRIME ROWS:2/25@420,1022287-30593-ob5bpq-1022287
New Delhi,delhi,PVR,"PVR Pacific D21, Dwarka, New Delhi",1022287,110077,AUDI 04,2D,2026-10-03T18:00,Available,67,67,0,0,CLASSIC ROWS:0/42@370; PRIME ROWS:0/25@420,1022287-30595-ob5bpq-1022287
New Delhi,delhi,Cinepolis,"Cinepolis Unity City Centre, Dwarka",1102253,110078,SCREEN 04,2D,2026-10-03T09:05,Available,129,124,5,1600,NORMAL:0/11@240; EXECUTIVE:0/22@280; PREMIUM:5/77@320; RECLINER:0/19@650,1102253-6160-ob5bpq-1102253
New Delhi,delhi,Cinepolis,"Cinepolis Unity City Centre, Dwarka",1102253,110078,SCREEN 04,2D,2026-10-03T12:00,Available,129,124,5,1700,NORMAL:0/11@260; EXECUTIVE:0/22@300; PREMIUM:5/77@340; RECLINER:0/19@700,1102253-6161-ob5bpq-1102253
New Delhi,delhi,Cinepolis,"Cinepolis Unity City Centre, Dwarka",1102253,110078,SCREEN 04,2D,2026-10-03T17:40,Available,129,124,5,1700,NORMAL:0/11@260; EXECUTIVE:0/22@300; PREMIUM:5/77@340; RECLINER:0/19@700,1102253-6163-ob5bpq-1102253
New Delhi,delhi,PVR,"PVR Vegas, Dwarka, New Delhi",1022286,110078,AUDI 10,2D,2026-10-03T03:40,Available,150,150,0,0,CLASSIC ROWS:0/112@330; PRIME ROWS:0/38@390,1022286-63152-ob5bpq-1022286
New Delhi,delhi,PVR,"PVR Vegas, Dwarka, New Delhi",1022286,110078,AUDI 10,2D,2026-10-03T06:35,Available,150,150,0,0,CLASSIC ROWS:0/112@470; PRIME ROWS:0/38@510,1022286-63153-ob5bpq-1022286
New Delhi,delhi,PVR,"PVR Vegas, Dwarka, New Delhi",1022286,110078,AUDI 10,2D,2026-10-03T09:30,Available,150,145,5,2470,CLASSIC ROWS:2/112@470; PRIME ROWS:3/38@510,1022286-63154-ob5bpq-1022286
New Delhi,delhi,PVR,"PVR Vegas, Dwarka, New Delhi",1022286,110078,AUDI 10,2D,2026-10-03T12:25,Available,150,147,3,1530,CLASSIC ROWS:0/112@470; PRIME ROWS:3/38@510,1022286-63155-ob5bpq-1022286
New Delhi,delhi,PVR,"PVR Vegas, Dwarka, New Delhi",1022286,110078,AUDI 10,2D,2026-10-03T15:20,Available,150,150,0,0,CLASSIC ROWS:0/112@470; PRIME ROWS:0/38@510,1022286-63156-ob5bpq-1022286
New Delhi,delhi,PVR,"PVR Vegas, Dwarka, New Delhi",1022286,110078,AUDI 10,2D,2026-10-03T18:15,Available,150,150,0,0,CLASSIC ROWS:0/112@470; PRIME ROWS:0/38@510,1022286-63157-ob5bpq-1022286
New Delhi,delhi,PVR,"INOX Janak Place, District Centre, New Delhi",1018956,110058,SCREEN 2,2D,2026-10-03T04:50,Available,275,275,0,0,EXECUTIVE:0/138@240; CLUB:0/109@260; ROYAL:0/28@270,1018956-92870-ob5bpq-1018956
New Delhi,delhi,PVR,"INOX Janak Place, District Centre, New Delhi",1018956,110058,SCREEN 2,2D,2026-10-03T07:45,Available,275,272,3,840,EXECUTIVE:3/138@280; CLUB:0/109@310; ROYAL:0/28@320,1018956-92848-ob5bpq-1018956
New Delhi,delhi,PVR,"INOX Janak Place, District Centre, New Delhi",1018956,110058,SCREEN 2,2D,2026-10-03T14:05,Available,275,275,0,0,EXECUTIVE:0/138@310; CLUB:0/109@350; ROYAL:0/28@360,1018956-92850-ob5bpq-1018956
New Delhi,delhi,PVR,"PVR Vikaspuri, Virjanand Marg, New Delhi",1018964,110018,SCREEN 3,2D,2026-10-03T03:40,Available,149,144,5,1170,CLASSIC ROWS:0/42@210; CLASSIC PLUS ROWS:3/80@230; PRIME ROWS:2/27@240,1018964-17753-ob5bpq-1018964
New Delhi,delhi,PVR,"PVR Vikaspuri, Virjanand Marg, New Delhi",1018964,110018,SCREEN 3,2D,2026-10-03T15:10,Available,149,149,0,0,CLASSIC ROWS:0/42@270; CLASSIC PLUS ROWS:0/80@310; PRIME ROWS:0/27@320,1018964-17757-ob5bpq-1018964
Ghaziabad,uttar-pradesh,PVR,"PVR VVIP, Raj Nagar Extension, Ghaziabad",1020701,201001,AUDI 03,2D,2026-10-03T03:30,Available,151,151,0,0,CLASSIC:0/94@190; CLASSIC PLUS:0/45@210; PRIME:0/12@260,1020701-16424-ob5bpq-1020701
Ghaziabad,uttar-pradesh,PVR,"PVR VVIP, Raj Nagar Extension, Ghaziabad",1020701,201001,AUDI 03,2D,2026-10-03T15:00,Available,151,151,0,0,CLASSIC:0/94@250; CLASSIC PLUS:0/45@270; PRIME:0/12@330,1020701-16428-ob5bpq-1020701
Ghaziabad,uttar-pradesh,PVR,"PVR VVIP, Raj Nagar Extension, Ghaziabad",1020701,201001,AUDI 03,2D,2026-10-03T17:50,Available,151,151,0,0,CLASSIC:0/94@250; CLASSIC PLUS:0/45@270; PRIME:0/12@330,1020701-16437-ob5bpq-1020701
Ghaziabad,uttar-pradesh,NY ,Devgn CineX (Formerly NY) : Ghaziabad,1101451,201017,AUDI 4,2D,2026-10-03T05:00,Available,162,154,8,1520,CLASSIC:0/45@170; PRIME:8/102@190; RECLINER:0/15@400,1101451-8895-ob5bpq-1101451
Ghaziabad,uttar-pradesh,NY ,Devgn CineX (Formerly NY) : Ghaziabad,1101451,201017,AUDI 4,2D,2026-10-03T13:00,Available,162,152,10,2320,CLASSIC:0/45@170; PRIME:8/102@190; RECLINER:2/15@400,1101451-8898-ob5bpq-1101451
Faridabad,haryana,Cinepolis,"Cinepolis Pacific, Faridabad",1101471,121001,SCREEN 03,2D,2026-10-03T11:20,Available,125,119,6,1440,NORMAL:0/14@180; EXECUTIVE:0/28@200; PREMIUM:6/53@240; PREMIUM XL:0/20@270; RECLINER:0/10@520,1101471-8118-ob5bpq-1101471
Faridabad,haryana,Cinepolis,"Cinepolis Pacific, Faridabad",1101471,121001,SCREEN 03,2D,2026-10-03T17:20,Available,125,119,6,1440,NORMAL:0/14@180; EXECUTIVE:0/28@200; PREMIUM:6/53@240; PREMIUM XL:0/20@270; RECLINER:0/10@520,1101471-8120-ob5bpq-1101471
Faridabad,haryana,PM Cinemas,"PM Cinemas Parsvnath Manhattan Mall, Faridabad",3803,121003,SCREEN 1,2D,2026-10-03T07:35,Available,177,177,0,0,PREMIER:0/56@150; ROYAL:0/55@150; SILVER:0/66@150,3803-124682-ob5bpq-3803
Faridabad,haryana,PM Cinemas,"PM Cinemas Parsvnath Manhattan Mall, Faridabad",3803,121003,SCREEN 1,2D,2026-10-03T10:10,Available,177,177,0,0,PREMIER:0/56@150; ROYAL:0/55@150; SILVER:0/66@150,3803-124683-ob5bpq-3803
Faridabad,haryana,PM Cinemas,"PM Cinemas Parsvnath Manhattan Mall, Faridabad",3803,121003,SCREEN 1,2D,2026-10-03T15:50,Available,177,177,0,0,PREMIER:0/56@150; ROYAL:0/55@150; SILVER:0/66@150,3803-124685-ob5bpq-3803
Faridabad,haryana,miraj,"Miraj Cinemas : Eldeco Mall, Faridabad",42640,121007,SCREEN 1,2D,2026-10-03T03:40,Available,177,177,0,0,SPECIAL:0/30@200; EXECUTIVE:0/147@220,42640-24545-ob5bpq-42640
Faridabad,haryana,miraj,"Miraj Cinemas : Eldeco Mall, Faridabad",42640,121007,SCREEN 1,2D,2026-10-03T14:45,Available,177,177,0,0,SPECIAL:0/30@200; EXECUTIVE:0/147@220,42640-24549-ob5bpq-42640
Faridabad,haryana,PVR,"PVR Pebble Downtown, Sector 12, Faridabad",1020741,121007,AUDI 03,2D,2026-10-03T08:10,Available,170,170,0,0,CLASSIC ROWS:0/30@270; PRIME ROWS:0/96@290; EXTRA LEGROOM ROWS:0/16@310; PICTURE PERFECT:0/16@330; RECLINER ROWS:0/12@610,1020741-22064-ob5bpq-1020741
Faridabad,haryana,PVR,"PVR Pebble Downtown, Sector 12, Faridabad",1020741,121007,AUDI 03,2D,2026-10-03T14:15,Available,170,168,2,580,CLASSIC ROWS:0/30@270; PRIME ROWS:2/96@290; EXTRA LEGROOM ROWS:0/16@310; PICTURE PERFECT:0/16@330; RECLINER ROWS:0/12@610,1020741-22066-ob5bpq-1020741
Faridabad,haryana,PVR,"PVR Pacific Mall (The Mall of Faridabad NIT), NIT Bus Stand, Faridabad",1023790,121001,AUDI 4,2D,2026-10-03T03:30,Available,103,103,0,0,CLASSIC ROWS:0/22@220; PRIME ROWS:0/63@240; PICTURE PERFECT:0/18@280,1023790-30139-ob5bpq-1023790
Faridabad,haryana,PVR,"PVR Pacific Mall (The Mall of Faridabad NIT), NIT Bus Stand, Faridabad",1023790,121001,AUDI 4,2D,2026-10-03T06:35,Available,103,100,3,870,CLASSIC ROWS:0/22@270; PRIME ROWS:3/63@290; PICTURE PERFECT:0/18@330,1023790-30140-ob5bpq-1023790
Faridabad,haryana,PVR,"PVR Pacific Mall (The Mall of Faridabad NIT), NIT Bus Stand, Faridabad",1023790,121001,AUDI 4,2D,2026-10-03T14:50,Available,103,100,3,870,CLASSIC ROWS:0/22@270; PRIME ROWS:3/63@290; PICTURE PERFECT:0/18@330,1023790-30143-ob5bpq-1023790
Thane,maharashtra,PVR,"INOX Insignia At R Mall, Thane West, Thane",1018544,400607,INSIGNIA 4,2D,2026-10-03T04:00,Available,48,48,0,0,RECLINER:0/24@500; RECLINER PRIME:0/24@600,1018544-46995-ob5bpq-1018544
Thane,maharashtra,PVR,"INOX Insignia At R Mall, Thane West, Thane",1018544,400607,INSIGNIA 4,2D,2026-10-03T15:20,Available,48,48,0,0,RECLINER:0/24@600; RECLINER PRIME:0/24@700,1018544-46999-ob5bpq-1018544
Thane,maharashtra,NY ,"Devgn Cinex The Walk, Thane",1102245,400607,AUDI 3,2D,2026-10-03T12:30,Available,204,200,4,1400,CLASSIC:0/70@330; PRIME:4/106@350; BUTT KICKER:0/28@400,1102245-5587-ob5bpq-1102245
Mumbai,maharashtra,PVR,"PVR Lodha Xperia, Palava, Mumbai",1018533,421204,SCREEN 4,2D,2026-10-03T05:05,Available,163,159,4,1280,CLASSIC ROWS:0/38@180; PRIME ROWS:0/114@200; RECLINER ROWS:4/11@320,1018533-34733-ob5bpq-1018533
Mumbai,maharashtra,PVR,"PVR Lodha Xperia, Palava, Mumbai",1018533,421204,SCREEN 4,2D,2026-10-03T08:00,Available,163,161,2,780,CLASSIC ROWS:0/38@210; PRIME ROWS:0/114@260; RECLINER ROWS:2/11@390,1018533-34734-ob5bpq-1018533
Mumbai,maharashtra,PVR,"PVR Lodha Xperia, Palava, Mumbai",1018533,421204,SCREEN 4,2D,2026-10-03T14:00,Available,163,163,0,0,CLASSIC ROWS:0/38@280; PRIME ROWS:0/114@330; RECLINER ROWS:0/11@500,1018533-34736-ob5bpq-1018533
Mumbai,maharashtra,miraj,Miraj Cinemas : Dombivali (E),9609,421201,SCREEN 1,2D,2026-10-03T10:15,Available,134,132,2,560,SILVER:0/26@260; GOLD:2/108@280,9609-32307-ob5bpq-9609
Thane,maharashtra,PVR,"PVR Haseen, Bhiwandi, Thane",1018532,421302,SCREEN 4,2D,2026-10-03T12:20,Available,90,90,0,0,CLASSIC ROWS:0/18@160; PRIME ROWS:0/54@180; PRIME PLUS ROWS:0/9@200; EXTRA LEGROOM ROWS:0/9@210,1018532-22431-ob5bpq-1018532
Kalyan,maharashtra,PVR,"INOX Metro Junction Mall, Kalyan (Newly Renovated)",1029567,421306,SCREEN 2,2D,2026-10-03T08:00,Available,237,235,2,460,CLASSIC ROWS:0/28@200; PRIME ROWS:0/70@220; PRIME PLUS ROWS:2/126@230; RECLINER ROWS:0/13@370,1029567-124630-ob5bpq-1029567
Kalyan,maharashtra,PVR,"INOX Metro Junction Mall, Kalyan (Newly Renovated)",1029567,421306,SCREEN 1,2D,2026-10-03T16:35,Available,296,294,2,540,CLASSIC ROWS:0/36@240; PRIME ROWS:0/90@260; PRIME PLUS ROWS:2/154@270; RECLINER ROWS:0/16@440,1029567-124628-ob5bpq-1029567
Kalyan,maharashtra,MovieMax,"MovieMax, SM5 Kalyan, Newly Renovated",59132,421301,SCREEN 2,2D,2026-10-03T07:15,Available,199,199,0,0,GOLD:0/88@210; PLATINUM:0/111@220,59132-44060-ob5bpq-59132
Kalyan,maharashtra,MovieMax,"MovieMax, SM5 Kalyan, Newly Renovated",59132,421301,SCREEN 2,2D,2026-10-03T13:15,Available,199,199,0,0,GOLD:0/88@240; PLATINUM:0/111@250,59132-44062-ob5bpq-59132
Mumbai,maharashtra,PVR,"INOX Thakur Mall, Dahisar (E), Mumbai",1013612,401107,SCREEN 1,2D,2026-10-03T05:35,Available,337,337,0,0,CLASSIC ROWS:0/37@170; PRIME PLUS ROWS:0/144@180; PRIME ROWS:0/96@180; EXTRA LEGROOM ROWS:0/32@210; RECLINER ROWS:0/28@360,1013612-102812-ob5bpq-1013612
Mumbai,maharashtra,PVR,"INOX Thakur Mall, Dahisar (E), Mumbai",1013612,401107,SCREEN 4,2D,2026-10-03T12:35,Available,336,336,0,0,CLASSIC ROWS:0/41@230; PRIME ROWS:0/96@260; PRIME PLUS ROWS:0/141@260; EXTRA LEGROOM ROWS:0/31@290; RECLINER ROWS:0/27@520,1013612-102808-ob5bpq-1013612
Ulhasnagar,maharashtra,miraj,"Miraj Cinemas : Ashok Anil Multiplex, Ulhasnagar",4818,421003,SCREEN 2,2D,2026-10-03T10:10,Available,237,237,0,0,SILVER:0/40@200; GOLD:0/197@220,4818-53497-ob5bpq-4818
Ulhasnagar,maharashtra,miraj,"Miraj Cinemas : Ashok Anil Multiplex, Ulhasnagar",4818,421003,SCREEN 3,2D,2026-10-03T14:00,Available,125,93,32,6080,GOLD:32/125@190,4818-53502-ob5bpq-4818
Ulhasnagar,maharashtra,miraj,"Miraj Cinemas : Ashok Anil Multiplex, Ulhasnagar",4818,421003,SCREEN 3,2D,2026-10-03T16:50,Available,125,93,32,6080,GOLD:32/125@190,4818-53503-ob5bpq-4818
Mumbai,maharashtra,MovieMax,MovieMax: Mira Road (Seats Renovated),27027,401107,SCREEN1,2D,2026-10-03T15:45,Available,246,244,2,1000,CLASSIC:0/40@230; PRIME:0/180@260; PRIME PLUS:0/10@290; RECLINER:2/16@500,27027-35851-ob5bpq-27027
Mumbai,maharashtra,Maxus,"Maxus Cinemas, Bhayandar",1067730,401101,SCREEN 5,2D,2026-10-03T05:30,Available,100,100,0,0,EMERALD CLASS:0/100@449,1067730-220356-ob5bpq-1067730
Mumbai,maharashtra,Maxus,"Maxus Cinemas, Bhayandar",1067730,401101,SCREEN 5,2D,2026-10-03T11:30,Available,100,100,0,0,EMERALD CLASS:0/100@549,1067730-220347-ob5bpq-1067730
Mumbai,maharashtra,Maxus,"Maxus Cinemas, Bhayandar",1067730,401101,SCREEN 5,2D,2026-10-03T17:30,Available,114,114,0,0,EMERALD CLASS:0/114@599,1067730-220341-ob5bpq-1067730
Navi Mumbai,maharashtra,Cinepolis,"Cinepolis Nexus Seawoods, Navi Mumbai",57700,400706,AUDI 10,2D,2026-10-03T04:05,Available,217,211,6,1500,NORMAL:0/15@210; EXECUTIVE:0/51@230; PREMIUM:6/137@250; RECLINER:0/14@625,57700-19123-ob5bpq-57700
Navi Mumbai,maharashtra,Cinepolis,"Cinepolis Nexus Seawoods, Navi Mumbai",57700,400706,AUDI 10,2D,2026-10-03T06:45,Available,217,209,8,2240,NORMAL:0/15@240; EXECUTIVE:0/51@260; PREMIUM:8/137@280; RECLINER:0/14@700,57700-19127-ob5bpq-57700
Navi Mumbai,maharashtra,Cinepolis,"Cinepolis Nexus Seawoods, Navi Mumbai",57700,400706,AUDI 10,2D,2026-10-03T12:20,Available,217,203,14,5440,NORMAL:0/15@280; EXECUTIVE:0/51@300; PREMIUM:12/137@320; RECLINER:2/14@800,57700-19133-ob5bpq-57700
Navi Mumbai,maharashtra,Cinepolis,"Cinepolis Nexus Seawoods, Navi Mumbai",57700,400706,AUDI 10,2D,2026-10-03T17:45,Available,217,211,6,1920,NORMAL:0/15@280; EXECUTIVE:0/51@300; PREMIUM:6/137@320; RECLINER:0/14@800,57700-19135-ob5bpq-57700
Mumbai,maharashtra,PVR,"PVR Orion Mall, Panvel, Mumbai",1018529,410206,SCREEN 4,2D,2026-10-03T15:35,Available,160,156,4,1160,CLASSIC ROWS:0/28@270; PRIME ROWS:4/98@290; PRIME PLUS ROWS:0/34@320,1018529-28925-ob5bpq-1018529
Ambernath,maharashtra,miraj,"Miraj Cinemas: Star, Ambernath (Newly Renovated)",7322,421505,SCREEN 3,2D,2026-10-03T12:30,Available,70,70,0,0,PLATINUM:0/70@200,7322-48304-ob5bpq-7322
Jamshedpur,jharkhand,Cinepolis,"PJP Cinepolis City Centre Mall, Mauja, Jamshedpur",26785,831001,SCREEN 6,2D,2026-10-03T03:40,Available,156,156,0,0,NORMAL:0/24@210; EXECUTIVE:0/56@230; PREMIUM:0/64@250; VIP:0/12@500,26785-96727-ob5bpq-26785
Jamshedpur,jharkhand,Cinepolis,"PJP Cinepolis City Centre Mall, Mauja, Jamshedpur",26785,831001,SCREEN 6,2D,2026-10-03T06:20,Available,156,156,0,0,NORMAL:0/24@210; EXECUTIVE:0/56@230; PREMIUM:0/64@250; VIP:0/12@500,26785-96728-ob5bpq-26785
Jamshedpur,jharkhand,Cinepolis,"PJP Cinepolis City Centre Mall, Mauja, Jamshedpur",26785,831001,SCREEN 6,2D,2026-10-03T09:00,Available,156,141,15,4780,NORMAL:0/24@280; EXECUTIVE:1/56@300; PREMIUM:14/64@320; VIP:0/12@600,26785-96729-ob5bpq-26785
Jamshedpur,jharkhand,Cinepolis,"PJP Cinepolis City Centre Mall, Mauja, Jamshedpur",26785,831001,SCREEN 6,2D,2026-10-03T12:00,Available,156,154,2,640,NORMAL:0/24@280; EXECUTIVE:0/56@300; PREMIUM:2/64@320; VIP:0/12@600,26785-96730-ob5bpq-26785
Jamshedpur,jharkhand,Cinepolis,"PJP Cinepolis City Centre Mall, Mauja, Jamshedpur",26785,831001,SCREEN 6,2D,2026-10-03T15:05,Available,156,156,0,0,NORMAL:0/24@280; EXECUTIVE:0/56@300; PREMIUM:0/64@320; VIP:0/12@600,26785-96731-ob5bpq-26785
Jamshedpur,jharkhand,Cinepolis,"PJP Cinepolis City Centre Mall, Mauja, Jamshedpur",26785,831001,SCREEN 6,2D,2026-10-03T18:05,Available,156,156,0,0,NORMAL:0/24@280; EXECUTIVE:0/56@300; PREMIUM:0/64@320; VIP:0/12@600,26785-96732-ob5bpq-26785
Jamshedpur,jharkhand,miraj,"Miraj Cinemas : Chandra Pacific Mall, Golmuri",1037447,831003,SCREEN1,2D,2026-10-03T03:40,Available,209,209,0,0,SILVER:0/35@170; GOLD:0/60@200; PLATINUM:0/106@220; RECLINER:0/8@350,1037447-11601-ob5bpq-1037447
Jamshedpur,jharkhand,miraj,"Miraj Cinemas : Chandra Pacific Mall, Golmuri",1037447,831003,SCREEN1,2D,2026-10-03T06:25,Available,209,209,0,0,SILVER:0/35@170; GOLD:0/60@200; PLATINUM:0/106@220; RECLINER:0/8@350,1037447-11602-ob5bpq-1037447
Jamshedpur,jharkhand,miraj,"Miraj Cinemas : Chandra Pacific Mall, Golmuri",1037447,831003,SCREEN1,2D,2026-10-03T09:20,Available,209,207,2,560,SILVER:0/35@240; GOLD:0/60@260; PLATINUM:2/106@280; RECLINER:0/8@390,1037447-11603-ob5bpq-1037447
Jamshedpur,jharkhand,miraj,"Miraj Cinemas : Chandra Pacific Mall, Golmuri",1037447,831003,SCREEN1,2D,2026-10-03T12:15,Available,209,209,0,0,SILVER:0/35@240; GOLD:0/60@260; PLATINUM:0/106@280; RECLINER:0/8@390,1037447-11604-ob5bpq-1037447
Jamshedpur,jharkhand,miraj,"Miraj Cinemas : Chandra Pacific Mall, Golmuri",1037447,831003,SCREEN1,2D,2026-10-03T15:10,Available,209,209,0,0,SILVER:0/35@240; GOLD:0/60@260; PLATINUM:0/106@280; RECLINER:0/8@390,1037447-11605-ob5bpq-1037447
Jamshedpur,jharkhand,miraj,"Miraj Cinemas : Chandra Pacific Mall, Golmuri",1037447,831003,SCREEN1,2D,2026-10-03T18:05,Available,209,209,0,0,SILVER:0/35@240; GOLD:0/60@260; PLATINUM:0/106@280; RECLINER:0/8@390,1037447-11606-ob5bpq-1037447
Siliguri,west-bengal,PVR,"INOX ML Acropolis Mall, Siliguri",1101218,734001,AUDI 2,2D,2026-10-03T07:35,Available,190,184,6,2160,CLASSIC ROWS:0/58@180; PRIME ROWS:0/105@200; RECLINER ROWS:6/27@360,1101218-6466-ob5bpq-1101218
Siliguri,west-bengal,PVR,"INOX City Centre, Matigara, Siliguri",1030074,734010,SCREEN 2,2D,2026-10-03T09:20,Available,218,215,3,960,EXECUTIVE:0/32@160; CLUB:0/176@220; ROYAL:3/10@320,1030074-82544-ob5bpq-1030074
Siliguri,west-bengal,PVR,"INOX Vega Circle Mall, Sevoke Road, Siliguri",1030072,734001,SCREEN 3,2D,2026-10-03T06:30,Available,250,250,0,0,EXECUTIVE:0/34@160; CLUB:0/68@180; ROYAL:0/148@240,1030072-80416-ob5bpq-1030072
Siliguri,west-bengal,PVR,"INOX Vega Circle Mall, Sevoke Road, Siliguri",1030072,734001,SCREEN 3,2D,2026-10-03T12:10,Available,250,247,3,720,EXECUTIVE:0/34@160; CLUB:0/68@180; ROYAL:3/148@240,1030072-80418-ob5bpq-1030072
