theatreId,theatre,chain,metro,format,amenities,time,dateLocal,isSoldOut,seatsTotal,seatsAvail,hash
aacwy,AMC Puente Hills 20,AMC,LA,Standard,"Laser at AMC, Reserved seating, Hindi Language, Recliner Seats",1:15p,2026-10-02T13:15:00-07:00,False,49,45,v2-54f225e2adddb45e948a5f1a353846c27122c6e548e24b2074f3327c7ba57774
aabwo,AMC Norwalk 20,AMC,LA,Standard,"Laser at AMC, Reserved seating, Hindi Language, Recliner Seats",1:30p,2026-10-02T13:30:00-07:00,False,41,24,v2-42e9fdba00308e19d8ad94539c2e98ad0ab9443514c2f2134343b13843682886
aabwo,AMC Norwalk 20,AMC,LA,Standard,"Laser at AMC, Reserved seating, Hindi Language, Recliner Seats",9:00p,2026-10-02T21:00:00-07:00,False,92,25,v2-7f7d59983cb811ae777b5c68672407070da59ecb2ee05c237994b9d523cd5051
aaaox,AMC Fullerton 20,AMC,LA,Standard,"Laser at AMC, Reserved seating, Hindi Language, Recliner Seats",3:00p,2026-10-02T15:00:00-07:00,False,34,25,v2-bfc5711b37959e8b08323cc32d5eb2da229ba1eafd85d9056785b9202573bdff
aaaox,AMC Fullerton 20,AMC,LA,Standard,"Laser at AMC, Reserved seating, Hindi Language, Recliner Seats",6:30p,2026-10-02T18:30:00-07:00,False,34,16,v2-52baa72a4a253afc909548f0b5f1a8bde74b07ae5eba3175926960087e1081e8
aaaox,AMC Fullerton 20,AMC,LA,Standard,"Laser at AMC, Reserved seating, Hindi Language, Recliner Seats",10:00p,2026-10-02T22:00:00-07:00,False,34,16,v2-e8b12727ecf297d03caa508426267c590cf81af64e1fed097a057cc02a3233eb
aaegj,Cinemark Century Orange and XD,Cinemark,LA,Standard,"Reserved seating, Luxury Lounge Recliners, Hindi with English Subtitles",6:50p,2026-10-02T18:50:00-07:00,False,64,25,v2-6ff93b659dac6de404dfa99ed774793b514795f6fb546750973ebc9f22317009
aamzh,Regal Edwards Long Beach,Regal,LA,Standard,"Reserved seating, English Subtitles, Hindi Language, Stadium Seating, Laser Projection",1:15p,2026-10-02T13:15:00-07:00,False,137,137,v2-ba0a24e6fcf35b7fc0a4b80fac2e58cab14e4963f102b348b932564f106ef11e
aamzh,Regal Edwards Long Beach,Regal,LA,Standard,"Reserved seating, English Subtitles, Hindi Language, Stadium Seating, Laser Projection",4:55p,2026-10-02T16:55:00-07:00,False,137,134,v2-a32bb16b7ac568d70b0fb659c51eb6b1f5d1b404c91a322990daf3ac70d49364
aamzh,Regal Edwards Long Beach,Regal,LA,Standard,"Reserved seating, English Subtitles, Hindi Language, Stadium Seating, Laser Projection",8:40p,2026-10-02T20:40:00-07:00,False,137,133,v2-2bb99f52c2222c2b141b82ead080355f21b6178fd5c279cb4e6be126f8fa5491
aajmr,AMC Orange 30 (AMC Block 30),AMC,LA,Standard,"Laser at AMC, Reserved seating, Hindi Language",11:55a,2026-10-02T11:55:00-07:00,False,94,87,v2-373432142553d18662b4de6bbf1fea04d665dce310122329359bf95c23ea9f1c
aajmr,AMC Orange 30 (AMC Block 30),AMC,LA,Standard,"Laser at AMC, Reserved seating, Hindi Language",3:00p,2026-10-02T15:00:00-07:00,False,97,93,v2-c841e2d3b5b1c29ddfc20835ee0d664d6f1ba5474d74fc0c92f263fd57bc4ed1
aajmr,AMC Orange 30 (AMC Block 30),AMC,LA,Standard,"Laser at AMC, Reserved seating, Hindi Language",6:05p,2026-10-02T18:05:00-07:00,False,94,79,v2-e500e7015e39aaa6313444daef2d197a0b756fce38e5d9827d83545b9c4d99ec
aajmr,AMC Orange 30 (AMC Block 30),AMC,LA,Standard,"Laser at AMC, Reserved seating, Hindi Language",9:15p,2026-10-02T21:15:00-07:00,False,97,73,v2-64e72a7de67961cd8d0d981461ce1f31a779b26fba939a40c9389b9c7c6f2183
aattf,Cinemark Century Huntington Beach and XD,Cinemark,LA,Standard,"Reserved seating, Luxury Lounge Recliners, Hindi with English Subtitles",10:40p,2026-10-02T22:40:00-07:00,False,49,48,v2-a051d7380330b8859333278507af8e7d8278b71f57fe1db868e7854040311d13
aacgs,AMC Ontario Mills 30,AMC,LA,Standard,"Laser at AMC, Reserved seating, Hindi Language, Recliner Seats",2:15p,2026-10-02T14:15:00-07:00,False,42,29,v2-359eac1ea63515a70ed9e348fffe09fce4a70c70238994c238d5a674c889c5a0
aacgs,AMC Ontario Mills 30,AMC,LA,Standard,"Laser at AMC, Reserved seating, Hindi Language, Recliner Seats",6:00p,2026-10-02T18:00:00-07:00,False,42,16,v2-e33b1cd246becd942dccf1e2030564ee3ae3c1455b83e084771af38b0aabef77
aaapc,AMC Burbank Town Center 8,AMC,LA,Standard,"Laser at AMC, Reserved seating, Hindi Language, Recliner Seats",6:20p,2026-10-02T18:20:00-07:00,False,41,26,v2-270990b6d36e8ef7ed95f3618afa5b789046698a1b53e154200ba4aa91bcd240
aaapi,AMC Rolling Hills 20,AMC,LA,Standard,"Laser at AMC, Reserved seating, Hindi Language",12:45p,2026-10-02T12:45:00-07:00,False,142,142,v2-8478780456ac66f524af0dbfba7deadf6452eea2aa72a11850870f085739e5e4
aaapi,AMC Rolling Hills 20,AMC,LA,Standard,"Laser at AMC, Reserved seating, Hindi Language",7:55p,2026-10-02T19:55:00-07:00,False,142,127,v2-b963c7a4651a3c90641e3efd8cb399147b4339dc53b37675c8b89367380209b7
aatbd,Regal Edwards Corona Crossings,Regal,LA,Standard,"Reserved seating, English Subtitles, Hindi Language, Stadium Seating, Laser Projection",1:50p,2026-10-02T13:50:00-07:00,False,131,131,v2-1e977d613632a7682871c0ea3d441064e520993cfeb01670c57bc81b450b49bf
aatbd,Regal Edwards Corona Crossings,Regal,LA,Standard,"Reserved seating, English Subtitles, Hindi Language, Stadium Seating, Laser Projection",5:25p,2026-10-02T17:25:00-07:00,False,131,122,v2-f6804e667fd549202cbd4194a8f29a18ffa0995a5284250434b8dc184bf83bae
aatbd,Regal Edwards Corona Crossings,Regal,LA,Standard,"Reserved seating, English Subtitles, Hindi Language, Stadium Seating, Laser Projection",8:55p,2026-10-02T20:55:00-07:00,False,131,126,v2-673c357a65799d4a4996f1d4bb812e4c7c70b08bf58eaef4ca24f9bfff0cafe8
aabtb,Regal Irvine Spectrum,Regal,LA,Standard,"Reserved seating, English Subtitles, Hindi Language, Stadium Seating, Laser Projection",2:15p,2026-10-02T14:15:00-07:00,False,147,147,v2-3d4c3f14655bc16e312ac1488f8202eb05043ce24a26c4a086051b34f3af31cf
aabtb,Regal Irvine Spectrum,Regal,LA,Standard,"Reserved seating, English Subtitles, Hindi Language, Stadium Seating, Laser Projection",6:00p,2026-10-02T18:00:00-07:00,False,147,131,v2-176490b32a93fd6d1c789928f8c4154fe5f803201184e386129f234f07c577c6
aajmp,AMC Northridge 10,AMC,LA,Standard,"Reserved seating, Hindi Language",8:00p,2026-10-02T20:00:00-07:00,False,149,97,v2-3bed719892a9d18ff177b131761165c7469740ce9e68c32ade4b0bea63ae3e83
aauaq,Harkins Moreno Valley 16,Harkins,LA,Standard,"Reserved seating, Hindi Language",9:15p,2026-10-02T21:15:00-07:00,False,116,116,v2-63c950da2b8c7715bda1f69b546d6dd3c633b8be61788b525b90d233332fbcdc
aanra,Regal Simi Valley Civic Center,Regal,LA,Standard,"Reserved seating, English Subtitles, Recliner Seats, Hindi Language, Stadium Seating, Laser Projection",3:05p,2026-10-02T15:05:00-07:00,False,50,49,v2-684dc7b55b54e1430e0eb2f8d1056f7a66c99507dd3edfb0b51661c740f99fa3
aanra,Regal Simi Valley Civic Center,Regal,LA,Standard,"Reserved seating, English Subtitles, Recliner Seats, Hindi Language, Stadium Seating, Laser Projection",9:55p,2026-10-02T21:55:00-07:00,False,51,35,v2-bac1b4e6b9e455b6f2b2d869c9d836be8dc895acae94cc14311ed72030dbd427
aaijt,Regal Edwards San Marcos,Regal,LA,Standard,"Reserved seating, English Subtitles, Hindi Language, Stadium Seating, Laser Projection",3:50p,2026-10-02T15:50:00-07:00,False,170,162,v2-64b33b417084d33a02df9e1010f7eaecde4bd90b04aa0f0cb50db1d558f01064
aaijt,Regal Edwards San Marcos,Regal,LA,Standard,"Reserved seating, English Subtitles, Hindi Language, Stadium Seating, Laser Projection",7:35p,2026-10-02T19:35:00-07:00,False,170,164,v2-d2a3aa958f0d7f5bf8202fb9656db7b3e73605a27441ed8b61b997181077ab96
aaqmo,Cinemark Century at the River and XD,Cinemark,LA,Standard,"Reserved seating, Luxury Lounge Recliners, Hindi with English Subtitles",9:30p,2026-10-02T21:30:00-07:00,False,91,91,v2-b760c6dca3fe0b3d60bbba00fcef8762cef8bd345affc3f6e06bdd2a9414d2c1
aankh,Regal Rancho Mirage & IMAX,Regal,LA,Standard,"Reserved seating, English Subtitles, Hindi Language, Stadium Seating, Laser Projection",1:45p,2026-10-02T13:45:00-07:00,False,119,119,v2-4df0bdc9c086308e23d406f4d115fc874636429b92e7e716b775bf4c312b2c88
aankh,Regal Rancho Mirage & IMAX,Regal,LA,Standard,"Reserved seating, English Subtitles, Hindi Language, Stadium Seating, Laser Projection",5:15p,2026-10-02T17:15:00-07:00,False,119,119,v2-3d4cfbe4565d2a32961ad355b515f4f27d101aec86975c4f19750c4b284f91d3
aankh,Regal Rancho Mirage & IMAX,Regal,LA,Standard,"Reserved seating, English Subtitles, Hindi Language, Stadium Seating, Laser Projection",8:45p,2026-10-02T20:45:00-07:00,False,119,119,v2-ced3da93541600bca02fa648f9428af25624270d79a324bcd4f305e2764d3598
aawqb,Cinemark Century at Pacific Commons and XD,Cinemark,SF Bay,Standard,"Reserved seating, Luxury Lounge Recliners, Hindi with English Subtitles",11:10a,2026-10-02T11:10:00-07:00,False,65,47,v2-7f5db877b81656e9655d7e6fd42e378484f4e242fe3f731bec59fb7d4e4849b5
aawqb,Cinemark Century at Pacific Commons and XD,Cinemark,SF Bay,Standard,"Reserved seating, Luxury Lounge Recliners, Hindi with English Subtitles",2:30p,2026-10-02T14:30:00-07:00,False,65,54,v2-e285878259d4ec7bd4f1918104c3fd8dcdc29a6be2df4332192fe3073527bc32
aawqb,Cinemark Century at Pacific Commons and XD,Cinemark,SF Bay,Standard,"Reserved seating, Luxury Lounge Recliners, Hindi with English Subtitles",3:55p,2026-10-02T15:55:00-07:00,False,65,58,v2-a998c7760314cedadf33ddc8445c2577ecc792ef2df3ebe1f2f1194f9c3b671d
aawqb,Cinemark Century at Pacific Commons and XD,Cinemark,SF Bay,Standard,"Reserved seating, Luxury Lounge Recliners, Hindi with English Subtitles",5:50p,2026-10-02T17:50:00-07:00,False,65,35,v2-96bd3015c16904b9046d13ccd9ed190125fbd034668caaa3daeb2ab96c401b54
aawqb,Cinemark Century at Pacific Commons and XD,Cinemark,SF Bay,Standard,"Reserved seating, Luxury Lounge Recliners, Hindi with English Subtitles",7:15p,2026-10-02T19:15:00-07:00,False,65,38,v2-02f8b022553be6a7b7f12a0fe47837fede8dd4918883cb7837a59250ac858dec
aawqb,Cinemark Century at Pacific Commons and XD,Cinemark,SF Bay,Standard,"Reserved seating, Luxury Lounge Recliners, Hindi with English Subtitles",9:10p,2026-10-02T21:10:00-07:00,False,65,36,v2-4d41145fe7c6fe74b04d118a4303645de048f33caccb80b5500f99e5f15d11f9
aawqb,Cinemark Century at Pacific Commons and XD,Cinemark,SF Bay,Standard,"Reserved seating, Luxury Lounge Recliners, Hindi with English Subtitles",9:55p,2026-10-02T21:55:00-07:00,False,115,74,v2-41851d148db1d448370ab4048010ccbd0e8bdd7c2d8faf2fe0b7d8a89a9e2487
aaxse,AMC NewPark 12,AMC,SF Bay,Standard,"Laser at AMC, Reserved seating, Hindi Language, Recliner Seats",3:30p,2026-10-02T15:30:00-07:00,False,94,89,v2-3daadf78b4cb19534e882447ef6becb06e3bad3db5b599598affe2d291208bc4
aaxse,AMC NewPark 12,AMC,SF Bay,Standard,"Laser at AMC, Reserved seating, Hindi Language, Recliner Seats",7:00p,2026-10-02T19:00:00-07:00,False,110,57,v2-ae418a0019afb331ed0cd3f09fa67c5eb2c3a5836b088a59ff5ea2680eee3d2b
aaxse,AMC NewPark 12,AMC,SF Bay,Standard,"Laser at AMC, Reserved seating, Hindi Language, Recliner Seats",9:45p,2026-10-02T21:45:00-07:00,False,94,60,v2-cfdadbfec23d59dace412907556d5c631a25f52de4506b7ef9bf30a175f326f0
aaxsl,Ciné Lounge Fremont 7,Independent/Desi,SF Bay,Premium Format,"Premium Large Format, Reserved seating, English Subtitles, Hindi Language, Luxury Recliners",12:20p,2026-10-02T12:20:00-07:00,False,85,67,v2-1a28db24507da7b6ae91f5ebd394921e7ef31053a3e3fb3da8e5bde5a155e68b
aaxsl,Ciné Lounge Fremont 7,Independent/Desi,SF Bay,Premium Format,"Premium Large Format, Reserved seating, English Subtitles, Hindi Language, Luxury Recliners",1:30p,2026-10-02T13:30:00-07:00,False,106,100,v2-31bf4279644dd6545ef9bcca060e224e45ed38da4abc946fa8a53a053c12818a
aaxsl,Ciné Lounge Fremont 7,Independent/Desi,SF Bay,Premium Format,"Premium Large Format, Reserved seating, English Subtitles, Hindi Language, Luxury Recliners",4:30p,2026-10-02T16:30:00-07:00,False,106,99,v2-00ceea072f1b29ac27b3501e60faf891141c2a769970ba8c42e050e4a429abf1
aaxsl,Ciné Lounge Fremont 7,Independent/Desi,SF Bay,Premium Format,"Premium Large Format, Reserved seating, English Subtitles, Hindi Language, Luxury Recliners",6:20p,2026-10-02T18:20:00-07:00,False,85,60,v2-cf0938a1386d392cccbb8759518a49124f3a9c1c9e4da08855e6a2376a24e7e3
aaxsl,Ciné Lounge Fremont 7,Independent/Desi,SF Bay,Premium Format,"Premium Large Format, Reserved seating, English Subtitles, Hindi Language, Luxury Recliners",7:30p,2026-10-02T19:30:00-07:00,False,106,43,v2-0d603a4b1089f3fd1cb6ee32289b91df732018da0dfe8b30e1cb1974fb7e12b9
aaxsl,Ciné Lounge Fremont 7,Independent/Desi,SF Bay,Premium Format,"Premium Large Format, Reserved seating, English Subtitles, Hindi Language, Luxury Recliners",8:35p,2026-10-02T20:35:00-07:00,False,78,75,v2-670f2629825f71e134a48c46a2675e8a2f36a5fffb5b619c90dfb465d753f351
aaxsl,Ciné Lounge Fremont 7,Independent/Desi,SF Bay,Premium Format,"Premium Large Format, Reserved seating, English Subtitles, Hindi Language, Luxury Recliners",9:20p,2026-10-02T21:20:00-07:00,False,85,66,v2-d8f897aff5050b8830d9028171da4f8b7a0334b3be17823f53de15609fc734a7
aaxsl,Ciné Lounge Fremont 7,Independent/Desi,SF Bay,Premium Format,"Premium Large Format, Reserved seating, English Subtitles, Hindi Language, Luxury Recliners",10:30p,2026-10-02T22:30:00-07:00,False,106,82,v2-86e2d1d771014ad144654b359d0bb95b1425b410d9f77ec73c2c33e16bc4bf26
aapcg,Cinemark Century Great Mall 20 XD and ScreenX,Cinemark,SF Bay,Standard,"Reserved seating, Luxury Lounge Recliners, Hindi with English Subtitles",10:20a,2026-10-02T10:20:00-07:00,False,45,45,v2-e3de28215ae0be2664b29af6ec733a0ce89ad94b2ad9d43d46b971bd324cb82f
aapcg,Cinemark Century Great Mall 20 XD and ScreenX,Cinemark,SF Bay,Standard,"Reserved seating, Luxury Lounge Recliners, Hindi with English Subtitles",11:20a,2026-10-02T11:20:00-07:00,False,62,32,v2-7bbed0bf69c93a06bc716314039c08d6a6eeb31410a9fab5f9a47b4a760b22e7
aapcg,Cinemark Century Great Mall 20 XD and ScreenX,Cinemark,SF Bay,Standard,"Reserved seating, Luxury Lounge Recliners, Hindi with English Subtitles",2:45p,2026-10-02T14:45:00-07:00,False,62,53,v2-4d4fd527e5ac3532d6573214361f9e8728afe2afb81cbba6b1438bedc65953ae
aapcg,Cinemark Century Great Mall 20 XD and ScreenX,Cinemark,SF Bay,Standard,"Reserved seating, Luxury Lounge Recliners, Hindi with English Subtitles",6:10p,2026-10-02T18:10:00-07:00,False,62,26,v2-71435e5f65a595dac8cb296a2db4af04a4d3d8d0b9155a6568045bded8dbd74b
aapcg,Cinemark Century Great Mall 20 XD and ScreenX,Cinemark,SF Bay,Standard,"Reserved seating, Luxury Lounge Recliners, Hindi with English Subtitles",9:35p,2026-10-02T21:35:00-07:00,False,62,30,v2-ece60dc6253fc191bb5b406d208f57f35f2c8f845a1c949b590d8f733d65c785
aapcg,Cinemark Century Great Mall 20 XD and ScreenX,Cinemark,SF Bay,Standard,"Reserved seating, Luxury Lounge Recliners, Hindi with English Subtitles",10:00p,2026-10-02T22:00:00-07:00,False,76,74,v2-33bedc64aff4f42479fe72bc901dcb43a0c8d30df68a0c6e7fcff1d1f4eb098d
aadyn,AMC Mercado 20,AMC,SF Bay,Standard,"Laser at AMC, Reserved seating, Hindi Language, Recliner Seats",11:30a,2026-10-02T11:30:00-07:00,False,114,94,v2-971f93a99dbab6bde31a408ed3b808f3120323d3d970602a245ad1e09ca904d6
aadyn,AMC Mercado 20,AMC,SF Bay,Standard,"Laser at AMC, Reserved seating, Hindi Language, Recliner Seats",3:00p,2026-10-02T15:00:00-07:00,False,114,66,v2-d5e3a12aacbbd66c8a8cf2e6f3102496b573b8f8970823a56ff0584d1de41e78
aadyn,AMC Mercado 20,AMC,SF Bay,Standard,"Laser at AMC, Reserved seating, Hindi Language, Recliner Seats",6:30p,2026-10-02T18:30:00-07:00,False,114,20,v2-097ae02a857e4b3ddaa3063eed40deb988b4f862c7a60ce1595bfa170caa4768
aadyn,AMC Mercado 20,AMC,SF Bay,Standard,"Laser at AMC, Reserved seating, Hindi Language, Recliner Seats",10:00p,2026-10-02T22:00:00-07:00,False,114,28,v2-f02c92a04ddd3388cd7385cd7b46fea50cef6fce5e1d3f5b121f47fbd26d4584
aadyn,AMC Mercado 20,AMC,SF Bay,Standard,"Laser at AMC, Reserved seating, Hindi Language, Recliner Seats",10:45p,2026-10-02T22:45:00-07:00,False,112,43,v2-3c897cf3ca36ee813b59f61fe380f99b598b45548a32acd5eff778e372541284
aanay,Cinemark Century Union Landing 25 and XD,Cinemark,SF Bay,Standard,"Reserved seating, Hindi with English Subtitles",11:05a,2026-10-02T11:05:00-07:00,False,214,202,v2-60cb36e07b2173dbdb064349d9878d431db4037c9008a7176d915073d81db241
aanay,Cinemark Century Union Landing 25 and XD,Cinemark,SF Bay,Standard,"Reserved seating, Hindi with English Subtitles",2:30p,2026-10-02T14:30:00-07:00,False,214,210,v2-32c11d4444634fcbde9a872342fa68672b8afb89e10438b896ff775e9e35cfb1
aanay,Cinemark Century Union Landing 25 and XD,Cinemark,SF Bay,Standard,"Reserved seating, Hindi with English Subtitles",5:55p,2026-10-02T17:55:00-07:00,False,214,198,v2-5cd42bc62d8d60d9a8092e11e536558d0bd01c3f02382325e2de946e6400f942
aanay,Cinemark Century Union Landing 25 and XD,Cinemark,SF Bay,Standard,"Reserved seating, Hindi with English Subtitles",9:20p,2026-10-02T21:20:00-07:00,False,214,202,v2-c6df80a3e149bc3c5b1190caa9735a64e3d698876045140490d50748cba05d5a
aaytc,AMC Sunnyvale 12,AMC,SF Bay,Standard,"Laser at AMC, Reserved seating, Hindi Language, Recliner Seats",1:45p,2026-10-02T13:45:00-07:00,False,49,29,v2-cf745e5fead893ec3269c37fe39bb5bdc236d4a797f7c286659eb18ed7925145
aaytc,AMC Sunnyvale 12,AMC,SF Bay,Standard,"Laser at AMC, Reserved seating, Hindi Language, Recliner Seats",6:15p,2026-10-02T18:15:00-07:00,False,92,32,v2-211a669116cfde43c405451e306184f126dd88eb7685263c236018723b93614a
aavac,Cinemark Century at Hayward,Cinemark,SF Bay,Standard,"Reserved seating, Hindi with English Subtitles",10:00a,2026-10-02T10:00:00-07:00,False,103,103,v2-ba9a2188f9c51814ba5cb1cd3cf1e0e3070823ef017487dd7f90fe91de5c92b0
aavac,Cinemark Century at Hayward,Cinemark,SF Bay,Standard,"Reserved seating, Hindi with English Subtitles",1:25p,2026-10-02T13:25:00-07:00,False,103,103,v2-157c2fc34b9e453901c31045a7d448d17c5351813ce06c356b43c16f10471a4d
aavac,Cinemark Century at Hayward,Cinemark,SF Bay,Standard,"Reserved seating, Hindi with English Subtitles",4:50p,2026-10-02T16:50:00-07:00,False,103,103,v2-6302d513536baf1acf2a1b6d72c123f166d51f78f28a10567633d1b532ea908c
aavac,Cinemark Century at Hayward,Cinemark,SF Bay,Standard,"Reserved seating, Hindi with English Subtitles",8:15p,2026-10-02T20:15:00-07:00,False,103,101,v2-1a672dd6c083d272ec24553b0df92ed4d0be0483784da7cc16b9d93e890345ad
aaubf,Cinemark Century Redwood Downtown 20 and XD,Cinemark,SF Bay,Standard,"Reserved seating, Luxury Lounge Recliners, Hindi with English Subtitles",7:00p,2026-10-02T19:00:00-07:00,False,47,25,v2-3ea5eb895b138f2e920a8095c388c46e0fa71b18a46b895d4a3a1d9e4a3138a8
aaubf,Cinemark Century Redwood Downtown 20 and XD,Cinemark,SF Bay,Standard,"Reserved seating, Luxury Lounge Recliners, Hindi with English Subtitles",10:20p,2026-10-02T22:20:00-07:00,False,47,46,v2-f92cd03e7856000c7f19178592b9987957e44ec963b2b2c274e24a71a6d7386d
aaecu,AMC Saratoga 14,AMC,SF Bay,Standard,"Laser at AMC, Reserved seating, Hindi Language",4:15p,2026-10-02T16:15:00-07:00,False,89,85,v2-4d1a0993e5212db62292d9691cf2405d6e1236954cd71427da97817235171a4d
aaecu,AMC Saratoga 14,AMC,SF Bay,Standard,"Laser at AMC, Reserved seating, Hindi Language",6:30p,2026-10-02T18:30:00-07:00,False,243,175,v2-17d5c542777eff12c876eafdc6961fbe0ef3efe15d24a074c59c37893111f01f
aaecu,AMC Saratoga 14,AMC,SF Bay,Standard,"Laser at AMC, Reserved seating, Hindi Language",10:00p,2026-10-02T22:00:00-07:00,False,243,203,v2-86c29d3c8d9a6ac9b0e704f767e0decf615d4ba66819f0653884688f068ee101
aatul,AMC Eastridge 15,AMC,SF Bay,Standard,"Laser at AMC, Reserved seating, Hindi Language",8:45p,2026-10-02T20:45:00-07:00,False,153,134,v2-abc0de76a1d3bad834f82eabfd357ae4233c1a3c18887d1ce825d37031a3f7db
aarbx,Cinemark Century Oakridge 20 XD and ScreenX,Cinemark,SF Bay,Standard,"Reserved seating, Luxury Lounge Recliners, Hindi with English Subtitles",12:45p,2026-10-02T12:45:00-07:00,False,59,38,v2-d53fbd0f8a8e8c06deaf4221fb1e87209513e7832924e0c78cc3105ed9455ffe
aarbx,Cinemark Century Oakridge 20 XD and ScreenX,Cinemark,SF Bay,Standard,"Reserved seating, Luxury Lounge Recliners, Hindi with English Subtitles",3:55p,2026-10-02T15:55:00-07:00,False,59,46,v2-aafcaca9e47c0e907ff0ad33122ceb2fdcb247c01a12f304e272188b302d9b3d
aarbx,Cinemark Century Oakridge 20 XD and ScreenX,Cinemark,SF Bay,Standard,"Reserved seating, Luxury Lounge Recliners, Hindi with English Subtitles",6:30p,2026-10-02T18:30:00-07:00,False,49,47,v2-3cf9db13c238c8decd0fbb5c96d73c863eef7f1550025f1bbba8f375befddfbc
aarbx,Cinemark Century Oakridge 20 XD and ScreenX,Cinemark,SF Bay,Standard,"Reserved seating, Luxury Lounge Recliners, Hindi with English Subtitles",7:05p,2026-10-02T19:05:00-07:00,False,59,26,v2-3affb72145de426f432d4bb9ad5fa2d33da344496e3e130f7021d8c6d9810408
aarbx,Cinemark Century Oakridge 20 XD and ScreenX,Cinemark,SF Bay,Standard,"Reserved seating, Luxury Lounge Recliners, Hindi with English Subtitles",9:25p,2026-10-02T21:25:00-07:00,False,96,68,v2-0f2b7a456d9964a893593d2eff3e8ada0508eafb55bb91b8f96cc40a360e3809
aaopk,"Regal Hacienda Crossings ScreenX, IMAX & RPX",Regal,SF Bay,Standard,"Reserved seating, English Subtitles, Recliner Seats, Hindi Language, Stadium Seating, Laser Projection",9:30a,2026-10-02T09:30:00-07:00,False,49,47,v2-7263bb70748734b59bf1caf08b71b8f5e36345186958f65b209eec3401d51f60
aaopk,"Regal Hacienda Crossings ScreenX, IMAX & RPX",Regal,SF Bay,Standard,"Reserved seating, English Subtitles, Hindi Language, Stadium Seating, Laser Projection",12:45p,2026-10-02T12:45:00-07:00,False,152,150,v2-1dc3af16d612f61205a496833dec800f630ec74ae992a9c2a93031a28bda32ae
aaopk,"Regal Hacienda Crossings ScreenX, IMAX & RPX",Regal,SF Bay,Standard,"Reserved seating, English Subtitles, Hindi Language, Stadium Seating, Laser Projection",7:20p,2026-10-02T19:20:00-07:00,False,290,270,v2-c89481868e21a3d695f8d4508a59b6da298c774be4863ecc6dc85fa0731f05e2
aaqsg,Cinemark Century San Mateo 12,Cinemark,SF Bay,Standard,"Reserved seating, Luxury Lounge Recliners, Hindi with English Subtitles",3:40p,2026-10-02T15:40:00-07:00,False,44,44,v2-da617ededfe9fc207f7c957c51a00acbf638e54d6862664b3a3f40d72221be3c
aaqsg,Cinemark Century San Mateo 12,Cinemark,SF Bay,Standard,"Reserved seating, Luxury Lounge Recliners, Hindi with English Subtitles",10:30p,2026-10-02T22:30:00-07:00,False,44,44,v2-27ad0698361623e7147ef7b9e6832b03f8447a21ad47225671dbd8fe7ce96055
aahcv,Cinemark Tracy 14,Cinemark,SF Bay,Standard,"Reserved seating, Luxury Lounge Recliners, Hindi with English Subtitles",11:45a,2026-10-02T11:45:00-07:00,False,50,47,v2-c8a7aee98584225dbc36d009426b388d91d50ec596984cd8c43fc903cfe21719
aahcv,Cinemark Tracy 14,Cinemark,SF Bay,Standard,"Reserved seating, Luxury Lounge Recliners, Hindi with English Subtitles",3:10p,2026-10-02T15:10:00-07:00,False,50,45,v2-d9d81b03b11d64736d4ca98843bd5393d3d1e4abc244c0b9e30c3d9d69ffd414
aahcv,Cinemark Tracy 14,Cinemark,SF Bay,Standard,"Reserved seating, Luxury Lounge Recliners, Hindi with English Subtitles",6:35p,2026-10-02T18:35:00-07:00,False,50,26,v2-b23dbe0bc312ba28ccd131715d3a8ab0afbaa96c55e5cf2af6a4287305e2f861
aahcv,Cinemark Tracy 14,Cinemark,SF Bay,Standard,"Reserved seating, Luxury Lounge Recliners, Hindi with English Subtitles",10:00p,2026-10-02T22:00:00-07:00,False,50,26,v2-42fdcdd54f12f165c057803aaec8e4219c815cc8483509d8ac63092bf53582e1
aarar,Cinemark Century Walnut Creek 14 and XD,Cinemark,SF Bay,Standard,"Reserved seating, Luxury Lounge Recliners, Hindi with English Subtitles",11:20a,2026-10-02T11:20:00-07:00,False,56,56,v2-5e16eea774088a350680c6ff37221c2c5a4a05f91a482da37667864e7131a965
aarar,Cinemark Century Walnut Creek 14 and XD,Cinemark,SF Bay,Standard,"Reserved seating, Luxury Lounge Recliners, Hindi with English Subtitles",2:40p,2026-10-02T14:40:00-07:00,False,56,56,v2-4cfd136de30e26db285f8578ca6c9b14a0b519569745d167ed99d5f8a067bf51
aarar,Cinemark Century Walnut Creek 14 and XD,Cinemark,SF Bay,Standard,"Reserved seating, Luxury Lounge Recliners, Hindi with English Subtitles",6:00p,2026-10-02T18:00:00-07:00,False,56,56,v2-90c89448457aca190361eb6bed565fd895b745907d83e984f25fc06f0c92224f
aarar,Cinemark Century Walnut Creek 14 and XD,Cinemark,SF Bay,Standard,"Reserved seating, Luxury Lounge Recliners, Hindi with English Subtitles",9:20p,2026-10-02T21:20:00-07:00,False,56,52,v2-d7aba618e7fcddcbea8b5639d82bd4bf362fa231da842bf264d95c2abcae9310
aautx,Cinemark Century at Tanforan and XD,Cinemark,SF Bay,Standard,"Reserved seating, Hindi with English Subtitles",11:40a,2026-10-02T11:40:00-07:00,False,127,127,v2-5c509787a007f1fce2e73f1a8c546a90213b5b3e70ee9ffe33e7f5278da952d0
aautx,Cinemark Century at Tanforan and XD,Cinemark,SF Bay,Standard,"Reserved seating, Hindi with English Subtitles",3:05p,2026-10-02T15:05:00-07:00,False,127,127,v2-0042136b952d6db09f373a0f1f756f44a455088b005d92170f550aa05df8c110
aautx,Cinemark Century at Tanforan and XD,Cinemark,SF Bay,Standard,"Reserved seating, Hindi with English Subtitles",6:30p,2026-10-02T18:30:00-07:00,False,127,125,v2-79c813ed22d23f6be5bbe3ac5d321b193d64c73ddb7f86938ffa2fb44bfef66f
aautx,Cinemark Century at Tanforan and XD,Cinemark,SF Bay,Standard,"Reserved seating, Hindi with English Subtitles",9:55p,2026-10-02T21:55:00-07:00,False,127,127,v2-c464d53b0006a9765469f3a2a654592a10ffd394df94b34f04b09b98688e9126
aaqqa,AMC Bay Street 16,AMC,SF Bay,Standard,"Laser at AMC, Reserved seating, Hindi Language",4:30p,2026-10-02T16:30:00-07:00,False,126,126,v2-d26dcf8910ac93ecc9fb40227857304e88639217d7f690921f46ae0676a79431
aaqlt,Cinemark Century Daly City 20 XD and IMAX,Cinemark,SF Bay,Standard,"Reserved seating, Luxury Lounge Recliners, Hindi with English Subtitles",11:10a,2026-10-02T11:10:00-07:00,False,51,51,v2-96ceeb3476a24085ecbde9d4480e9b1a1059bc239a16e90a8e69572bd4dfd256
aaqlt,Cinemark Century Daly City 20 XD and IMAX,Cinemark,SF Bay,Standard,"Reserved seating, Luxury Lounge Recliners, Hindi with English Subtitles",2:35p,2026-10-02T14:35:00-07:00,False,51,51,v2-85adee3f9c227691d230279a143406b31f3a4cca9697f460209b2f86a8bb74e7
aaqlt,Cinemark Century Daly City 20 XD and IMAX,Cinemark,SF Bay,Standard,"Reserved seating, Luxury Lounge Recliners, Hindi with English Subtitles",6:00p,2026-10-02T18:00:00-07:00,False,51,36,v2-39f3b845208c2d4c97eae53e3a6cbb8fbd4009c4439594347b1bc4059d1f7ba5
aaqlt,Cinemark Century Daly City 20 XD and IMAX,Cinemark,SF Bay,Standard,"Reserved seating, Luxury Lounge Recliners, Hindi with English Subtitles",9:25p,2026-10-02T21:25:00-07:00,False,51,26,v2-fe772780771c1fad8e5d79e7e9f91cc2df7b6b3f1735348770458572592a055b
aaqlt,Cinemark Century Daly City 20 XD and IMAX,Cinemark,SF Bay,Standard,"Reserved seating, Luxury Lounge Recliners, Hindi with English Subtitles",9:35p,2026-10-02T21:35:00-07:00,False,58,58,v2-8b603d000b331fc0af5c9798def8187f330c4487f0a4926d84b4a1c114532bb6
aagbk,Apple Cinemas Van Ness,Independent/Desi,SF Bay,Standard,"Reserved seating, Hindi Language",6:30p,2026-10-02T18:30:00-07:00,False,96,96,v2-89e5104df89f87fe46b527c6b0438bccaf72da831ef4909599af7103fac0addf
aagbk,Apple Cinemas Van Ness,Independent/Desi,SF Bay,Standard,"Reserved seating, Hindi Language",9:45p,2026-10-02T21:45:00-07:00,False,96,96,v2-4ced1ba46d6155749a2324d4654485adacd85b8701d231153279db7ad00b23d9
aaqal,Cinemark Century Hilltop 16,Cinemark,SF Bay,Standard,"Reserved seating, Hindi with English Subtitles",2:30p,2026-10-02T14:30:00-07:00,False,103,102,v2-b7577e3863a5efb34daccda47db105cb67a72f47b96523e6c8cd286f9020be17
aaqal,Cinemark Century Hilltop 16,Cinemark,SF Bay,Standard,"Reserved seating, Hindi with English Subtitles",5:55p,2026-10-02T17:55:00-07:00,False,103,98,v2-9b92f6150d2711ef47677638732dba7a8edb8ce90c895806bb9a59ea6576c135
aavad,AMC Manteca 16,AMC,SF Bay,Standard,"Laser at AMC, Reserved seating, Hindi Language",8:30p,2026-10-02T20:30:00-07:00,False,190,180,v2-f2b15b165f2d0bba054b82a597d0757fd3c140f9cda30f4b3f7f5bb33c831b08
aarfb,Regal Stockton City Center & IMAX,Regal,SF Bay,Standard,"Reserved seating, English Subtitles, Recliner Seats, Hindi Language, Stadium Seating, Laser Projection",12:15p,2026-10-02T12:15:00-07:00,False,70,70,v2-30c75e2fe27c93daa3d473088a222a494700fc9bb27a337937d81e0ee5e9e41f
aarfb,Regal Stockton City Center & IMAX,Regal,SF Bay,Standard,"Reserved seating, English Subtitles, Recliner Seats, Hindi Language, Stadium Seating, Laser Projection",3:45p,2026-10-02T15:45:00-07:00,False,70,70,v2-55e1ca6edee1040a5f36706fb7d35c1c34bf7a1c008b4135c47fa8aa0af829c9
aapis,Cinemark Century Vallejo 14,Cinemark,SF Bay,Standard,"Reserved seating, Luxury Lounge Recliners, Hindi with English Subtitles",12:40p,2026-10-02T12:40:00-07:00,False,68,68,v2-fc6997024edabc0d5baf568376475d82e4528b9b1c7ed92b5c42142cb0b9cfa2
aapis,Cinemark Century Vallejo 14,Cinemark,SF Bay,Standard,"Reserved seating, Luxury Lounge Recliners, Hindi with English Subtitles",7:25p,2026-10-02T19:25:00-07:00,False,68,67,v2-226ba90ebcfe07d91ef5bec5b2f389ac211b9e6e6025350f997514642705eba7
aacfc,Cinemark Century Folsom 14,Cinemark,Sacramento,Standard,"Reserved seating, Hindi with English Subtitles",12:05p,2026-10-02T12:05:00-07:00,False,120,120,v2-23b0e760d830abe63b725821741239820e1f8ef09e63b2203b0e6b333c10710c
aacfc,Cinemark Century Folsom 14,Cinemark,Sacramento,Standard,"Reserved seating, Hindi with English Subtitles",3:30p,2026-10-02T15:30:00-07:00,False,120,118,v2-f59e3b58c519c9a26c52744e52ea7d1c0fbe763b44e0665486e6a7b19654a51d
aacfc,Cinemark Century Folsom 14,Cinemark,Sacramento,Standard,"Reserved seating, Hindi with English Subtitles",6:55p,2026-10-02T18:55:00-07:00,False,120,115,v2-0c5e00b9b92438e6d99733e5fd578282c635e7ae5a33a18dfed5813116ceb971
aacfc,Cinemark Century Folsom 14,Cinemark,Sacramento,Standard,"Reserved seating, Hindi with English Subtitles",10:20p,2026-10-02T22:20:00-07:00,False,120,120,v2-e48034bfe2264a57bfa92c2241201528a8d1af85c25b7079ecb5f1b4687f5f55
aatje,Regal El Dorado Hills & IMAX,Regal,Sacramento,Standard,"Reserved seating, English Subtitles, Recliner Seats, Hindi Language, Stadium Seating",10:50a,2026-10-02T10:50:00-07:00,False,93,93,v2-ce61fb6d49d0934b0ad415ccdf84c4bc9ec5b359d816400540e9f9b8a7d91613
aatje,Regal El Dorado Hills & IMAX,Regal,Sacramento,Standard,"Reserved seating, English Subtitles, Recliner Seats, Hindi Language, Stadium Seating",11:50a,2026-10-02T11:50:00-07:00,False,47,47,v2-4b5a3f8dea8490089034a5e6d12bd60428d9a9347599d058a30ea6a8c3536d0a
aaywe,Cinemark Roseville Galleria Mall and XD,Cinemark,Sacramento,Standard,"Reserved seating, Luxury Lounge Recliners, Hindi with English Subtitles",2:20p,2026-10-02T14:20:00-07:00,False,84,84,v2-91300e0317a0d96df5c722feaba8d31bfe32a409a820c9e8264269b9f05b9988
aaywe,Cinemark Roseville Galleria Mall and XD,Cinemark,Sacramento,Standard,"Reserved seating, Luxury Lounge Recliners, Hindi with English Subtitles",9:00p,2026-10-02T21:00:00-07:00,False,84,63,v2-ba29179274cd431e0474e5ac76588360592f5ad1b267ebb921c5ef7e59d1bce5
aanky,"Regal Natomas Marketplace ScreenX, 4DX & RPX",Regal,Sacramento,Standard,"Reserved seating, English Subtitles, Hindi Language, Stadium Seating, Laser Projection",12:45p,2026-10-02T12:45:00-07:00,False,169,167,v2-420f7bcf3284b8cc8485f2cc8b68ff97b2d20b0996ea4503b33ed5c939024597
aanky,"Regal Natomas Marketplace ScreenX, 4DX & RPX",Regal,Sacramento,Standard,"Reserved seating, English Subtitles, Hindi Language, Stadium Seating, Laser Projection",5:15p,2026-10-02T17:15:00-07:00,False,168,168,v2-1dddf8bb1245227270fc37e61f914b0c4370febb37409cd7acfc862cfce39417
aanky,"Regal Natomas Marketplace ScreenX, 4DX & RPX",Regal,Sacramento,Standard,"Reserved seating, English Subtitles, Hindi Language, Stadium Seating, Laser Projection",9:45p,2026-10-02T21:45:00-07:00,False,177,177,v2-50958df56ff4bac6c9219ed21a63e4b873b1fcf9715576fcd993f7d8ac3165b4
aacfa,Cinemark Century Laguna 16 and XD,Cinemark,Sacramento,Standard,"Reserved seating, Luxury Lounge Recliners, Hindi with English Subtitles",11:00a,2026-10-02T11:00:00-07:00,False,58,47,v2-9e7d1a50760d8ec127c94c828f0beec096d71c8275fc3909642cb524ae59460a
aacfa,Cinemark Century Laguna 16 and XD,Cinemark,Sacramento,Standard,"Reserved seating, Luxury Lounge Recliners, Hindi with English Subtitles",2:15p,2026-10-02T14:15:00-07:00,False,58,56,v2-0c313dcf721d4c3efecb023719568186d6847066300774721dc7c2ba946907b2
aacfa,Cinemark Century Laguna 16 and XD,Cinemark,Sacramento,Standard,"Reserved seating, Luxury Lounge Recliners, Hindi with English Subtitles",4:30p,2026-10-02T16:30:00-07:00,False,58,40,v2-a05523c14c67841bcf5996698125a0d9759cb3d08e51874c1d18390aa998ca33
aacfa,Cinemark Century Laguna 16 and XD,Cinemark,Sacramento,Standard,"Reserved seating, Luxury Lounge Recliners, Hindi with English Subtitles",7:45p,2026-10-02T19:45:00-07:00,False,58,22,v2-cd602d93a31d392648a84c118d90017c78a786e1c9baae3096b358bcef0c9d92
aacfa,Cinemark Century Laguna 16 and XD,Cinemark,Sacramento,Standard,"Reserved seating, Luxury Lounge Recliners, Hindi with English Subtitles",11:00p,2026-10-02T23:00:00-07:00,False,58,45,v2-3de7dbd3515a3121fe4c750fee32763173ddb909f2d9ac4264016915f74a4d2a
aavbg,Cinemark Yuba City,Cinemark,Sacramento,Standard,"Reserved seating, Hindi with English Subtitles",7:50p,2026-10-02T19:50:00-07:00,False,107,36,v2-45d7ae63c85dc4b43390982df5f967d52da50658f1a21f8e9820a048c3040556
aavbg,Cinemark Yuba City,Cinemark,Sacramento,Standard,"Reserved seating, Hindi with English Subtitles",10:25p,2026-10-02T22:25:00-07:00,False,106,51,v2-21f208fa597437d5a9680353769dd15f16e9e1d010e03b1b6c17c15716161eb7
aaove,Regal Edwards Mira Mesa ,Regal,San Diego,Standard,"Reserved seating, English Subtitles, Recliner Seats, Hindi Language, Stadium Seating, Laser Projection",7:50p,2026-10-02T19:50:00-07:00,False,83,41,v2-8dc7753d1fa5391007534d66fc06734fb03205960a6f78a97d4594bf8d8496fd
aabnh,AMC Mission Valley 20,AMC,San Diego,Standard,"Laser at AMC, Reserved seating, Hindi Language",4:30p,2026-10-02T16:30:00-07:00,False,92,92,v2-b79d75cabf81a6e009459a2bc1d84ed9441345bfebc1dfbb339d40cd0e826faf
aafxq,AMC Fashion Valley 18,AMC,San Diego,Standard,"Laser at AMC, Reserved seating, Hindi Language",8:30p,2026-10-02T20:30:00-07:00,False,76,48,v2-73ddfce070c0ef4712ccc8c259737636547f670b57f889b6fda157326bc44808
aajnl,Regal Parkway Plaza,Regal,San Diego,Standard,"Reserved seating, English Subtitles, Hindi Language, Stadium Seating",1:45p,2026-10-02T13:45:00-07:00,False,124,124,v2-2ea054f100820d0cdbcd0a4497e1e8dd0ebd1802b456b39ebe0d2f373da52be0
aajnl,Regal Parkway Plaza,Regal,San Diego,Standard,"Reserved seating, English Subtitles, Hindi Language, Stadium Seating",5:30p,2026-10-02T17:30:00-07:00,False,124,123,v2-5d3d2f96c64ce2afda5bb435bc9a51a61d0cf89cca2580945a19ac26597f8526
aajnl,Regal Parkway Plaza,Regal,San Diego,Standard,"Reserved seating, English Subtitles, Hindi Language, Stadium Seating",9:00p,2026-10-02T21:00:00-07:00,False,124,124,v2-45f0878413097fc59ebc5b58d7f7cdb0cabdf7e7fd10c71f04ae3d3bb3475ad8
aaxpf,Galaxy Fresno,Independent/Desi,Fresno/Cent CA,Standard,"Reserved seating, Closed caption, Accessibility devices available, Hindi Language",9:40p,2026-10-02T21:40:00-07:00,False,98,98,v2-57cfdeaac2ae3ea402c4e24b9e8ecf6c26e5b43a15b64df53aed4df890a522cd
aaugv,Sierra Vista Cinemas 16,Independent/Desi,Fresno/Cent CA,Standard,Reserved seating,11:30a,2026-10-02T11:30:00-07:00,False,88,79,v2-8eeaea5e53e2a7be8c561c5f00112851b4017f36429de8001d928962f137c459
aaugv,Sierra Vista Cinemas 16,Independent/Desi,Fresno/Cent CA,Standard,Reserved seating,2:50p,2026-10-02T14:50:00-07:00,False,88,79,v2-d8960b6c2d4f9fddd19f2d4d3d4055131b89480fe0a9fd2cfc66fc0a094b4c12
aaugv,Sierra Vista Cinemas 16,Independent/Desi,Fresno/Cent CA,Standard,Reserved seating,6:10p,2026-10-02T18:10:00-07:00,False,88,61,v2-b4fee9fb49f83b472e723c4450451d0246b1b86fa6950af5cfa03a2589ecdf06
aaugv,Sierra Vista Cinemas 16,Independent/Desi,Fresno/Cent CA,Standard,Reserved seating,9:30p,2026-10-02T21:30:00-07:00,False,88,79,v2-ac8be20a214c5f48f0603d3b7cea931151de811e41628b937d1141c49cd4f538
aaede,Regal Edwards Bakersfield,Regal,Fresno/Cent CA,Standard,"Reserved seating, English Subtitles, Recliner Seats, Hindi Language, Stadium Seating, Laser Projection",12:20p,2026-10-02T12:20:00-07:00,False,89,89,v2-e19f3de507ab021490ccfcebe7a6a96f9af4c07886ddeaa2e5e2c8064ceda3fd
aaede,Regal Edwards Bakersfield,Regal,Fresno/Cent CA,Standard,"Reserved seating, English Subtitles, Recliner Seats, Hindi Language, Stadium Seating, Laser Projection",3:00p,2026-10-02T15:00:00-07:00,False,76,74,v2-0ee588c93e4631406340017fe5356ad43f3aa2f17d25f7a8c3fc9e12f49389bf
aaoxj,AMC Stonebriar 24,AMC,DFW,Standard,"Laser at AMC, Reserved seating, Hindi Language, Recliner Seats",1:00p,2026-10-02T13:00:00-05:00,False,126,122,v2-37e0b8ce4080f269c57f76112523b8a96eef1267b2877fe9418bfa67aa69d12a
aaoxj,AMC Stonebriar 24,AMC,DFW,Standard,"Laser at AMC, Reserved seating, Hindi Language, Recliner Seats",4:30p,2026-10-02T16:30:00-05:00,False,126,102,v2-6f5685c9a00bd027c6f50dc0eb2b9758ed6abdd5a9bee5fd7fbc51cf8deadb2a
aaoxj,AMC Stonebriar 24,AMC,DFW,Standard,"Laser at AMC, Reserved seating, Hindi Language, Recliner Seats",7:10p,2026-10-02T19:10:00-05:00,False,87,30,v2-9baad0d0c3aa1e78187e5f310923c3884222ac7ebcbe2d77e364e05b1decea12
aaoxj,AMC Stonebriar 24,AMC,DFW,Standard,"Laser at AMC, Reserved seating, Hindi Language, Recliner Seats",10:40p,2026-10-02T22:40:00-05:00,False,126,63,v2-f23c29e726e7e2776adf57945975a4bb104017ca1da37a7c8da01993e617480a
aacut,Cinemark West Plano and XD,Cinemark,DFW,Standard,"Reserved seating, Luxury Lounge Recliners, Hindi with English Subtitles",11:10a,2026-10-02T11:10:00-05:00,False,90,82,v2-d4c4fd0b9be1d00d9dd60e1d906f194f21d4c7bb9794b5402fab5b23558f4e19
aacut,Cinemark West Plano and XD,Cinemark,DFW,Standard,"Reserved seating, Luxury Lounge Recliners, Hindi with English Subtitles",2:40p,2026-10-02T14:40:00-05:00,False,90,82,v2-c9411c1e164179bf6be3157cf3bacd1b70d12aa38724094584d8ff8e147ab59f
aacut,Cinemark West Plano and XD,Cinemark,DFW,Standard,"Reserved seating, Luxury Lounge Recliners, Hindi with English Subtitles",6:10p,2026-10-02T18:10:00-05:00,False,90,66,v2-78aed7ad8421f45481803f6c4e0ab2828347aee7119e6c7348808cfa68a02cc8
aacut,Cinemark West Plano and XD,Cinemark,DFW,Standard,"Reserved seating, Luxury Lounge Recliners, Hindi with English Subtitles",9:40p,2026-10-02T21:40:00-05:00,False,90,54,v2-2c265e83a1ff0bfa08fc4c105a5cac186611b4e83d440c7ba1906ea58aebd0c6
aacut,Cinemark West Plano and XD,Cinemark,DFW,Standard,"Reserved seating, Luxury Lounge Recliners, Hindi with English Subtitles",10:35p,2026-10-02T22:35:00-05:00,False,166,166,v2-33a30248f37ee52831f8457cdea45930d234dfc2f8eb72e76ce6622778272d26
aayyj,Galaxy Grandscape,Independent/Desi,DFW,Standard,"Reserved seating, No passes, Closed caption, Digital, Accessibility devices available, Hindi Language, Luxury Recliners",10:15p,2026-10-02T22:15:00-05:00,False,52,45,v2-f6e801717f69ea9ae85a85a514f839eb4b69f3ccd01da1717e699e69326f05e6
aacbz,Cinemark Central Plano,Cinemark,DFW,Standard,"Reserved seating, Luxury Lounge Recliners, Hindi with English Subtitles",12:00p,2026-10-02T12:00:00-05:00,False,49,48,v2-d5eb89d9a2ededc1f4b1384e86ae890cc6dfd2be873831646d97a527dd010bfc
aacbz,Cinemark Central Plano,Cinemark,DFW,Standard,"Reserved seating, Luxury Lounge Recliners, Hindi with English Subtitles",3:20p,2026-10-02T15:20:00-05:00,False,49,49,v2-ce7111ab1f57b82bfddccda1977e967dbe609d8fff55485dbd0157a1e3990913
aacbz,Cinemark Central Plano,Cinemark,DFW,Standard,"Reserved seating, Luxury Lounge Recliners, Hindi with English Subtitles",6:45p,2026-10-02T18:45:00-05:00,False,49,34,v2-02204cba0aa7d616ac93d187281f2f350348119beae55bf7c23f6a215070dcbd
aacbz,Cinemark Central Plano,Cinemark,DFW,Standard,"Reserved seating, Luxury Lounge Recliners, Hindi with English Subtitles",10:10p,2026-10-02T22:10:00-05:00,False,49,24,v2-d945d011f8f2eab190cbf1cf732c24478dbc0e6fc0d36395e05d963153882d0a
aawfx,Cinemark Frisco Square and XD,Cinemark,DFW,Standard,"Reserved seating, Hindi with English Subtitles",4:40p,2026-10-02T16:40:00-05:00,False,75,67,v2-3ce360ee2042b4b29e057c147a2d79949b168c07a053cba42e4d73a6e88b7a2d
aawfx,Cinemark Frisco Square and XD,Cinemark,DFW,Standard,"Reserved seating, Hindi with English Subtitles",7:35p,2026-10-02T19:35:00-05:00,False,33,20,v2-01f0ea284068469b0fa8ddad453ce5367a3a14d2e8ae11a003e5f942e9823a9e
aawfx,Cinemark Frisco Square and XD,Cinemark,DFW,Standard,"Reserved seating, Hindi with English Subtitles",10:45p,2026-10-02T22:45:00-05:00,False,75,74,v2-9e16e5f52aaf3607764df65a6790de607bccab3c573bbdf177aa2774ed28f26d
aanhh,Cinemark Legacy and XD,Cinemark,DFW,Standard,"Reserved seating, Luxury Lounge Recliners, Hindi with English Subtitles",9:40a,2026-10-02T09:40:00-05:00,False,102,96,v2-f23c576be420ce88278d8f687469db1520f32589f1ce8b013b9f7a22135a260a
aanhh,Cinemark Legacy and XD,Cinemark,DFW,Standard,"Reserved seating, Luxury Lounge Recliners, Hindi with English Subtitles",1:00p,2026-10-02T13:00:00-05:00,False,102,99,v2-c9fd79c65330384bc78d9ee5b8d4dceb9102f6df1cef9dbf179f5906469084b4
aanhh,Cinemark Legacy and XD,Cinemark,DFW,Standard,"Reserved seating, Luxury Lounge Recliners, Hindi with English Subtitles",4:15p,2026-10-02T16:15:00-05:00,False,102,98,v2-82d3e1b55958f8e9e58cc80ff9061cada4884ac06e2250e21d2c156302d51e94
aanhh,Cinemark Legacy and XD,Cinemark,DFW,Standard,"Reserved seating, Luxury Lounge Recliners, Hindi with English Subtitles",6:45p,2026-10-02T18:45:00-05:00,False,55,55,v2-17e6d33c6883ce206bf9b2cb866360fe3edf8692bd10b2b882fa1dbfef459bc1
aanhh,Cinemark Legacy and XD,Cinemark,DFW,Standard,"Reserved seating, Luxury Lounge Recliners, Hindi with English Subtitles",7:30p,2026-10-02T19:30:00-05:00,False,102,47,v2-efa99423f84ad169ba7f0c7558f6293bd409b6e849b8a832ee4717b55dcc8032
aanhh,Cinemark Legacy and XD,Cinemark,DFW,Standard,"Reserved seating, Luxury Lounge Recliners, Hindi with English Subtitles",10:45p,2026-10-02T22:45:00-05:00,False,102,84,v2-1d3e9c7196c0789f292f596317d36fa8d09d970fdd1c6a943d3975a36a8b9531
aatzm,Cinemark Allen 16 and XD,Cinemark,DFW,Standard,"Reserved seating, Luxury Lounge Recliners, Hindi with English Subtitles",11:45a,2026-10-02T11:45:00-05:00,False,74,59,v2-7e1515d42f739924815a7118e6bc438219b7ee302e6be119d47da45d119f83c2
aatzm,Cinemark Allen 16 and XD,Cinemark,DFW,Standard,"Reserved seating, Luxury Lounge Recliners, Hindi with English Subtitles",3:10p,2026-10-02T15:10:00-05:00,False,74,74,v2-e79f3ca1813b2193ef27e949f687fa900e772c31d301facb4bfb577b155dde5a
aatzm,Cinemark Allen 16 and XD,Cinemark,DFW,Standard,"Reserved seating, Luxury Lounge Recliners, Hindi with English Subtitles",6:35p,2026-10-02T18:35:00-05:00,False,74,32,v2-3c2f917467570990daee2efc66899478567d6c6fc608cbb1d01d102d11ffb6ba
aatzm,Cinemark Allen 16 and XD,Cinemark,DFW,Standard,"Reserved seating, Luxury Lounge Recliners, Hindi with English Subtitles",7:00p,2026-10-02T19:00:00-05:00,False,75,75,v2-9589507c37c0c13e801614e3fb75497b1f6a6c0f7e7e6f193854ef91b289be52
aatzm,Cinemark Allen 16 and XD,Cinemark,DFW,Standard,"Reserved seating, Luxury Lounge Recliners, Hindi with English Subtitles",10:00p,2026-10-02T22:00:00-05:00,False,74,51,v2-08152d86dfea50f7500ca9d6d5ad7b36d88de6921a3070800c783df58e7cc237
aayob,"CUT! by Cinemark Frisco - Dine-in Theatre, Kitchen",Cinemark,DFW,Standard,"Reserved seating, Luxury Lounge Recliners, Hindi with English Subtitles",9:10p,2026-10-02T21:10:00-05:00,False,97,56,v2-25b74fcbda93a1857f4520118ce1bc835f65bd54dc2b49b726ead1cdaf99efd9
aaudu,Cinemark Lewisville and XD,Cinemark,DFW,Standard,"Reserved seating, Luxury Lounge Recliners, Hindi with English Subtitles",12:30p,2026-10-02T12:30:00-05:00,False,87,83,v2-c92d4674e2c61d8dc0e0d49aa1705dca349349e6007145f8bfc9276eb3c3823e
aaudu,Cinemark Lewisville and XD,Cinemark,DFW,Standard,"Reserved seating, Luxury Lounge Recliners, Hindi with English Subtitles",3:50p,2026-10-02T15:50:00-05:00,False,87,82,v2-16a334b1faa5f38da43888b44ce3b4202aa2428b16887b48b3c6c7a2ee02c7e5
aaudu,Cinemark Lewisville and XD,Cinemark,DFW,Standard,"Reserved seating, Luxury Lounge Recliners, Hindi with English Subtitles",7:10p,2026-10-02T19:10:00-05:00,False,87,65,v2-1e1e5c5c7fbacea88e799858dfd5331df6433487f5f9f9b787efd4c160908557
aaudu,Cinemark Lewisville and XD,Cinemark,DFW,Standard,"Reserved seating, Luxury Lounge Recliners, Hindi with English Subtitles",10:30p,2026-10-02T22:30:00-05:00,False,87,59,v2-a3ad9b67adc6af419aa95d4bf96ca2cf8f0ccec0480412a712dbd9e87d220ed5
aacbt,Cinemark Dallas XD and IMAX,Cinemark,DFW,Standard,"Reserved seating, Luxury Lounge Recliners, Hindi with English Subtitles",10:05a,2026-10-02T10:05:00-05:00,False,53,50,v2-539eadae1aa8b60a7981e1c9961b8cdd629031aa79344eb18fc97a3713be6bbb
aacbt,Cinemark Dallas XD and IMAX,Cinemark,DFW,Standard,"Reserved seating, Luxury Lounge Recliners, Hindi with English Subtitles",1:25p,2026-10-02T13:25:00-05:00,False,53,53,v2-b39c341032e38d3cf7db0e87c888ebaefc989808c5db5d49e39e66ba1fa49bd2
aacbt,Cinemark Dallas XD and IMAX,Cinemark,DFW,Standard,"Reserved seating, Luxury Lounge Recliners, Hindi with English Subtitles",4:40p,2026-10-02T16:40:00-05:00,False,53,42,v2-b0be84b5c29798807c70b5b64aa426b483b406b2de06518ff71bcfdc00d2a5cd
aacbt,Cinemark Dallas XD and IMAX,Cinemark,DFW,Standard,"Reserved seating, Luxury Lounge Recliners, Hindi with English Subtitles",7:55p,2026-10-02T19:55:00-05:00,False,53,42,v2-652ad2aac767ecafe6d89729bebbf5995fc3722cae054e5d935246edc20f2872
aayoy,Cinemark North McKinney and XD,Cinemark,DFW,Standard,"Reserved seating, Luxury Lounge Recliners, Hindi with English Subtitles",1:05p,2026-10-02T13:05:00-05:00,False,63,59,v2-960f65ddd290c99bdf596f4d88c836307f75c9191aa32532e72d52a4ec72a3ad
aayoy,Cinemark North McKinney and XD,Cinemark,DFW,Standard,"Reserved seating, Luxury Lounge Recliners, Hindi with English Subtitles",4:20p,2026-10-02T16:20:00-05:00,False,63,55,v2-ea4eb3f1cc9f405c3d2ee3c7ec11272ff7f0dada564d5ac9d9e792b824a068b8
aayoy,Cinemark North McKinney and XD,Cinemark,DFW,Standard,"Reserved seating, Luxury Lounge Recliners, Hindi with English Subtitles",6:10p,2026-10-02T18:10:00-05:00,False,48,32,v2-c4b8645a8dc546c30d78240afbde0b8b7b3d9b5bef3b41616521fa589d22fb90
aayoy,Cinemark North McKinney and XD,Cinemark,DFW,Standard,"Reserved seating, Luxury Lounge Recliners, Hindi with English Subtitles",10:00p,2026-10-02T22:00:00-05:00,False,63,55,v2-78e7ea9b013ab5720afab1b1f2764c6c40f74ec47f9aed3e9f4826b41383de3e
aatvs,AMC Firewheel 18,AMC,DFW,Standard,"Laser at AMC, Reserved seating, Hindi Language",10:00p,2026-10-02T22:00:00-05:00,False,120,118,v2-58e66efccb1eaa3a1975086380ffe3f8eaf30ca2b7517356973ed28b1b74f4f7
aaego,AMC Grapevine Mills 24,AMC,DFW,Standard,"Laser at AMC, Reserved seating, Hindi Language",7:05p,2026-10-02T19:05:00-05:00,False,107,75,v2-3dce09241c0ed8f6ea6b4c61937495a6e6e2336662e717241e08a923899dec1c
aacrp,AMC Irving Mall 14,AMC,DFW,Standard,"Laser at AMC, Reserved seating, Hindi Language, Recliner Seats",12:40p,2026-10-02T12:40:00-05:00,False,125,123,v2-2c8722c5f17536879f487411ffb8f91538481ef9254f4d0de10901edf7609cad
aacrp,AMC Irving Mall 14,AMC,DFW,Standard,"Laser at AMC, Reserved seating, Hindi Language, Recliner Seats",7:00p,2026-10-02T19:00:00-05:00,False,125,87,v2-fc6b8aa7e6d6be80d2a39e5c3d558dc8ef14a0c47a51484332eaef21999229a2
aacrp,AMC Irving Mall 14,AMC,DFW,Standard,"Laser at AMC, Reserved seating, Hindi Language, Recliner Seats",9:40p,2026-10-02T21:40:00-05:00,False,84,80,v2-87141a5acaaea55529aae5101bfd4748ef81e63ede96b23a6d5d0daad22e3d53
aacbr,Cinemark Tinseltown Grapevine and XD,Cinemark,DFW,Standard,"Reserved seating, Luxury Lounge Recliners, Hindi with English Subtitles",1:25p,2026-10-02T13:25:00-05:00,False,68,68,v2-483f028762c623ad54551454e794bf2bec91f4df2888fbd60226a755d249c2a1
aacbr,Cinemark Tinseltown Grapevine and XD,Cinemark,DFW,Standard,"Reserved seating, Luxury Lounge Recliners, Hindi with English Subtitles",4:45p,2026-10-02T16:45:00-05:00,False,68,57,v2-fb0e7d311352c148da4070f24c7e29ad1a8126dbc5de3f551b237a7f30684cd4
aacbr,Cinemark Tinseltown Grapevine and XD,Cinemark,DFW,Standard,"Reserved seating, Luxury Lounge Recliners, Hindi with English Subtitles",8:05p,2026-10-02T20:05:00-05:00,False,68,51,v2-3b89e9371a49482ef885ded2bbaa8387d55ce21f4e3d6626b3beb7880154f28e
aacbr,Cinemark Tinseltown Grapevine and XD,Cinemark,DFW,Standard,"Reserved seating, Luxury Lounge Recliners, Hindi with English Subtitles",10:00p,2026-10-02T22:00:00-05:00,False,69,49,v2-546a834761a95fda60bc948b210955da1493057e8068199d791128b83defcd4d
aatcg,Cinemark North East Mall 18 and XD,Cinemark,DFW,Standard,"Reserved seating, Luxury Lounge Recliners, Hindi with English Subtitles",11:05a,2026-10-02T11:05:00-05:00,False,78,76,v2-bca85550bf9121a4440abb0c897b8a81fe278a9dfc9ae70cc3580128e73f6756
aatcg,Cinemark North East Mall 18 and XD,Cinemark,DFW,Standard,"Reserved seating, Luxury Lounge Recliners, Hindi with English Subtitles",2:35p,2026-10-02T14:35:00-05:00,False,78,78,v2-46bd4a1fa16cbb288eb8241d37cbef04fed22673398601afa7c5b835025cd5ca
aatcg,Cinemark North East Mall 18 and XD,Cinemark,DFW,Standard,"Reserved seating, Luxury Lounge Recliners, Hindi with English Subtitles",6:00p,2026-10-02T18:00:00-05:00,False,78,56,v2-e030b8cc35f8531851a79b53753f5856c0e1ede31907c8a9786bcec54655407b
aatcg,Cinemark North East Mall 18 and XD,Cinemark,DFW,Standard,"Reserved seating, Luxury Lounge Recliners, Hindi with English Subtitles",9:25p,2026-10-02T21:25:00-05:00,False,78,67,v2-46ddb48191ec3ae192825cdb8a4ffb0ab242b01e718ee52f8ba32d1bd9b12981
aaxpt,Cinemark Roanoke and XD,Cinemark,DFW,Standard,"Reserved seating, Luxury Lounge Recliners, Hindi with English Subtitles",11:45a,2026-10-02T11:45:00-05:00,False,63,63,v2-9370b202e98941d394001fbb0f0c7c66ba8292ccda010e633defb741c1efd305
aaxpt,Cinemark Roanoke and XD,Cinemark,DFW,Standard,"Reserved seating, Luxury Lounge Recliners, Hindi with English Subtitles",3:10p,2026-10-02T15:10:00-05:00,False,63,62,v2-3779a6c788ca72dd2de7ce8264c3b2e0bf875681c1b72a36599bc1d1075818fa
aaxpt,Cinemark Roanoke and XD,Cinemark,DFW,Standard,"Reserved seating, Luxury Lounge Recliners, Hindi with English Subtitles",6:40p,2026-10-02T18:40:00-05:00,False,63,34,v2-620a9d6b093ab0aaacdc978582c4e3cba32dbe5350dd87ec568f8d691dab9c86
aaxpt,Cinemark Roanoke and XD,Cinemark,DFW,Standard,"Reserved seating, Luxury Lounge Recliners, Hindi with English Subtitles",8:15p,2026-10-02T20:15:00-05:00,False,92,92,v2-36295d4c9581bdbd9e0b69d4e0c9e56d0c2516119011f56a1897502c9eb24ab9
aaxpt,Cinemark Roanoke and XD,Cinemark,DFW,Standard,"Reserved seating, Luxury Lounge Recliners, Hindi with English Subtitles",10:05p,2026-10-02T22:05:00-05:00,False,63,59,v2-d9552fbf440360987b2fc4726ec7ba55035e63c050ddcb0633e82970c9607c85
aaqpe,AMC The Parks At Arlington 18,AMC,DFW,Standard,"Laser at AMC, Reserved seating, Hindi Language, Adult Supervision Required",10:30p,2026-10-02T22:30:00-05:00,False,82,78,v2-adcdd589f7e9c232fd6199befde838e9869aa9bc273d86505c55b55ac5e12f01
aacbv,Cinemark Grand Prairie,Cinemark,DFW,Standard,"Reserved seating, Luxury Lounge Recliners, Hindi with English Subtitles",10:05p,2026-10-02T22:05:00-05:00,False,55,55,v2-31267b72385ba5c0a111d79b42fce6f4cb170ee5ab1fd7d5f467c6e7dbca5907
aatfb,Cinemark Denton 14,Cinemark,DFW,Standard,"Reserved seating, Luxury Lounge Recliners, Hindi with English Subtitles",2:15p,2026-10-02T14:15:00-05:00,False,46,46,v2-7b457c172104ee204f7c99d770c8acc97ac1fa27076764c1d62b71a030bdcecf
aatfb,Cinemark Denton 14,Cinemark,DFW,Standard,"Reserved seating, Luxury Lounge Recliners, Hindi with English Subtitles",8:00p,2026-10-02T20:00:00-05:00,False,46,33,v2-fe506946b6a1a4dbe531cd7b51065eb260a5bdb44cc793e841c63e84fd3f4c27
aafle,AMC Mesquite 30,AMC,DFW,Standard,"Laser at AMC, Reserved seating, Hindi Language, Adult Supervision Required",8:30p,2026-10-02T20:30:00-05:00,False,49,47,v2-2c01e21ebcd5e67b83f3f1a52b9a7e0237977cedf66b80213f0773e392123073
aatta,Cinemark Rockwall 14 and XD,Cinemark,DFW,Standard,"Reserved seating, Luxury Lounge Recliners, Hindi with English Subtitles",5:10p,2026-10-02T17:10:00-05:00,False,43,43,v2-d7044b448c8fcc7415b2a66388da05e9153c447208506dcaae862ef1241defb8
aatta,Cinemark Rockwall 14 and XD,Cinemark,DFW,Standard,"Reserved seating, Luxury Lounge Recliners, Hindi with English Subtitles",11:00p,2026-10-02T23:00:00-05:00,False,43,43,v2-f08c1cd25210e20b802879ee61c5b8db630dd097ea38bd23e29c1f6fd9d5b094
aamzu,Cinemark Katy and XD,Cinemark,Houston,Standard,"Reserved seating, Luxury Lounge Recliners, Hindi with English Subtitles",9:55a,2026-10-02T09:55:00-05:00,False,62,45,v2-d8aa8162dd4d986c3a696f0c1264f08e94befb065c1ea097137bec5fdc122056
aamzu,Cinemark Katy and XD,Cinemark,Houston,Standard,"Reserved seating, Luxury Lounge Recliners, Hindi with English Subtitles",1:10p,2026-10-02T13:10:00-05:00,False,62,58,v2-5ec39f0f1dd344b01719f23c7e7c21a27231badb835c188f0ee980fe87edb6b7
aamzu,Cinemark Katy and XD,Cinemark,Houston,Standard,"Reserved seating, Luxury Lounge Recliners, Hindi with English Subtitles",4:25p,2026-10-02T16:25:00-05:00,False,62,55,v2-a92040b9e9b1707eda10d180fd702dd2c221c2b238161374e9cb199f6599c86a
aamzu,Cinemark Katy and XD,Cinemark,Houston,Standard,"Reserved seating, Luxury Lounge Recliners, Hindi with English Subtitles",7:40p,2026-10-02T19:40:00-05:00,False,62,49,v2-09dc781e434b608c48184ec4827ee5787909599350e22e73d69f34ca610dbc12
aamzu,Cinemark Katy and XD,Cinemark,Houston,Standard,"Reserved seating, Luxury Lounge Recliners, Hindi with English Subtitles",10:55p,2026-10-02T22:55:00-05:00,False,62,57,v2-85506f687fa5393881f262f415c9eb8107c1b939a2fc7f026773b5b946122d64
aanrv,AMC Katy Mills 20,AMC,Houston,Standard,"Laser at AMC, Reserved seating, Hindi Language, Recliner Seats",2:30p,2026-10-02T14:30:00-05:00,False,90,88,v2-88c5867a17ab6476f78092bb5dcc7fae8cf2efebf3486b64f7f0e5536af9cac8
aanrv,AMC Katy Mills 20,AMC,Houston,Standard,"Laser at AMC, Reserved seating, Hindi Language, Recliner Seats",6:30p,2026-10-02T18:30:00-05:00,False,139,85,v2-cb0453c08a21f18e54863a6a029785f7342bb061cd0856bea93b152f1f5709a8
aanrv,AMC Katy Mills 20,AMC,Houston,Standard,"Laser at AMC, Reserved seating, Hindi Language, Recliner Seats",9:30p,2026-10-02T21:30:00-05:00,False,139,111,v2-b6fbcc20ba00eb93d98ca857d152fdce6f60dac49223adf8f806314d6995d473
aauis,Cinemark Memorial City,Cinemark,Houston,Standard,"Reserved seating, Luxury Lounge Recliners, Hindi with English Subtitles",12:05p,2026-10-02T12:05:00-05:00,False,52,52,v2-3ba77676b6d4f92ff81a0b73a3112d87540b3f4aaa1d116f92775f7cb7d3f7ea
aauis,Cinemark Memorial City,Cinemark,Houston,Standard,"Reserved seating, Luxury Lounge Recliners, Hindi with English Subtitles",3:30p,2026-10-02T15:30:00-05:00,False,52,52,v2-9b79af3e90a90969858bca3a7b02ef1b346389e533a3679f9c692d2218605d45
aauis,Cinemark Memorial City,Cinemark,Houston,Standard,"Reserved seating, Luxury Lounge Recliners, Hindi with English Subtitles",6:55p,2026-10-02T18:55:00-05:00,False,52,38,v2-2a5e92449ec9cb19dc36a52d93b8132495026100cfbbd679d376705fa01aff63
aauis,Cinemark Memorial City,Cinemark,Houston,Standard,"Reserved seating, Luxury Lounge Recliners, Hindi with English Subtitles",10:20p,2026-10-02T22:20:00-05:00,False,52,52,v2-45d787144c155175abe3e0a2484c5eb01de5f0775b83bd1c8c202421a6c5a76b
aacxa,AMC Loews Fountains 18,AMC,Houston,Standard,"Laser at AMC, Reserved seating, Hindi Language, Recliner Seats",12:50p,2026-10-02T12:50:00-05:00,False,103,99,v2-a285e3e4518b3cda2fee7073b36a36146c42b2d20e7f668faa8fde6fb88dce67
aacxa,AMC Loews Fountains 18,AMC,Houston,Standard,"Laser at AMC, Reserved seating, Hindi Language, Recliner Seats",6:15p,2026-10-02T18:15:00-05:00,False,64,53,v2-b2854ddb92c6e18192f64849115ed8828c6e8a691b0b3f685e3ba834787b3fb7
aacxa,AMC Loews Fountains 18,AMC,Houston,Standard,"Laser at AMC, Reserved seating, Hindi Language, Recliner Seats",9:40p,2026-10-02T21:40:00-05:00,False,64,27,v2-b4c5a9c32f98a37958cc99c4580a05e459cc8fe75845bc138cb2c8370882c70a
aacxa,AMC Loews Fountains 18,AMC,Houston,Standard,"Laser at AMC, Reserved seating, Hindi Language, Recliner Seats",10:05p,2026-10-02T22:05:00-05:00,False,65,60,v2-fdb1c2721ea1897d0b6f1247807286db7b03b326dc9555501502531804da7a4c
aaepb,AMC First Colony 24,AMC,Houston,Standard,"Laser at AMC, Reserved seating, Hindi Language, Recliner Seats",12:15p,2026-10-02T12:15:00-05:00,False,187,180,v2-720c11fd29ea24a7f21716e41c40bc8c53184aefb2a99459ae367802d100796e
aaepb,AMC First Colony 24,AMC,Houston,Standard,"Laser at AMC, Reserved seating, Hindi Language, Recliner Seats",3:45p,2026-10-02T15:45:00-05:00,False,187,180,v2-75faea1146f2100ff7a4f66cab3e98068566292fe26654253f0bff5afb8faee2
aaepb,AMC First Colony 24,AMC,Houston,Standard,"Laser at AMC, Reserved seating, Hindi Language, Recliner Seats",6:30p,2026-10-02T18:30:00-05:00,False,103,62,v2-4d53bdf8a64e17580a3c40bbbc8ce95aa7ef8b4ad5430705bee1f1018b48165b
aaepb,AMC First Colony 24,AMC,Houston,Standard,"Laser at AMC, Reserved seating, Hindi Language, Recliner Seats",7:15p,2026-10-02T19:15:00-05:00,False,187,113,v2-db00ab34629a1e7c1fa475411cac5a514c9328d6dd6ae3d116e1c1b9ac9e4ee9
aaepb,AMC First Colony 24,AMC,Houston,Standard,"Laser at AMC, Reserved seating, Hindi Language, Recliner Seats",10:45p,2026-10-02T22:45:00-05:00,False,187,142,v2-ddb0dc7fe70d34e82b84ef9b56427f90153e58cb3f157fd849b0afcd51db73f6
aatui,Cinemark Cypress and XD,Cinemark,Houston,Standard,"Reserved seating, Luxury Lounge Recliners, Hindi with English Subtitles",7:45p,2026-10-02T19:45:00-05:00,False,44,30,v2-c47322171438cbae4eb0d1b73edf613abe3fd69cbab4756923de4ad6d6a677d5
aatui,Cinemark Cypress and XD,Cinemark,Houston,Standard,"Reserved seating, Luxury Lounge Recliners, Hindi with English Subtitles",11:10p,2026-10-02T23:10:00-05:00,False,44,41,v2-a8bec882aab79d755d08aef4432347ab5dfcc8f2e2559a0f05293681b18910a1
aacmr,Cinemark Tinseltown Houston 290 and XD,Cinemark,Houston,Standard,"Reserved seating, Luxury Lounge Recliners, Hindi with English Subtitles",2:30p,2026-10-02T14:30:00-05:00,False,76,76,v2-c68b980e7678be8bf72faa87778de588220cb630e0b6e907a3bb87d775cf3b13
aacmr,Cinemark Tinseltown Houston 290 and XD,Cinemark,Houston,Standard,"Reserved seating, Luxury Lounge Recliners, Hindi with English Subtitles",5:45p,2026-10-02T17:45:00-05:00,False,76,62,v2-a02e2ecd80afaf28f2947960aee7045c8f6f604abfbc39d9434679338e890a4b
aaodo,AMC Willowbrook 24,AMC,Houston,Standard,"Laser at AMC, Reserved seating, Hindi Language, Recliner Seats",6:00p,2026-10-02T18:00:00-05:00,False,44,34,v2-35107f460269815e39c821815cf972619df9d76b308a34cf06c014be8c83a947
aanzg,Regal Edwards Greenway Grand Palace ScreenX & RPX,Regal,Houston,Standard,"Reserved seating, English Subtitles, Recliner Seats, Hindi Language, Stadium Seating, Laser Projection",4:10p,2026-10-02T16:10:00-05:00,False,71,71,v2-4505f06a6234accebe3d0301436954e15968e9d7510879964436ceff6fdfff75
aanzg,Regal Edwards Greenway Grand Palace ScreenX & RPX,Regal,Houston,Standard,"Reserved seating, English Subtitles, Recliner Seats, Hindi Language, Stadium Seating, Laser Projection",7:45p,2026-10-02T19:45:00-05:00,False,71,65,v2-bac19adc23dc1bdbda620f771f3220dba4655b86b1d613042ed3fa70b84a8cae
aayxm,Cinemark Missouri City and XD,Cinemark,Houston,Standard,"Reserved seating, Luxury Lounge Recliners, Hindi with English Subtitles",11:05a,2026-10-02T11:05:00-05:00,False,47,47,v2-f7f5339d86941e4e731c614b09261e749a07b493fb73a09d26c76f1a7aa67b42
aayxm,Cinemark Missouri City and XD,Cinemark,Houston,Standard,"Reserved seating, Luxury Lounge Recliners, Hindi with English Subtitles",2:25p,2026-10-02T14:25:00-05:00,False,47,47,v2-f73f7cf0a4b2ac10351fae5f4fe746fa9c3c3505e57d54f623d64189cac62d86
aayxm,Cinemark Missouri City and XD,Cinemark,Houston,Standard,"Reserved seating, Luxury Lounge Recliners, Hindi with English Subtitles",5:45p,2026-10-02T17:45:00-05:00,False,47,47,v2-77ac671f8336427eaf60b9896ea6dd2cefcce816dd79e54b2e931e4811d356d4
aacct,Cinemark The Woodlands and XD,Cinemark,Houston,Standard,"Reserved seating, Luxury Lounge Recliners, Hindi with English Subtitles",1:40p,2026-10-02T13:40:00-05:00,False,48,48,v2-b138956640dbc5c04931e85d590320d0d742f4a5a9f6690dc819efcb7f30422b
aacct,Cinemark The Woodlands and XD,Cinemark,Houston,Standard,"Reserved seating, Luxury Lounge Recliners, Hindi with English Subtitles",8:05p,2026-10-02T20:05:00-05:00,False,48,27,v2-73c46466ab76464bb5e5ab499d8bb0848c1edc9389fb38fd26b96ce3edff1431
aacct,Cinemark The Woodlands and XD,Cinemark,Houston,Standard,"Reserved seating, Luxury Lounge Recliners, Hindi with English Subtitles",9:35p,2026-10-02T21:35:00-05:00,False,47,47,v2-40d6487562d35689c8199f182376c15001fd7eba6c57bc34ca1e366372b2cbd3
aacct,Cinemark The Woodlands and XD,Cinemark,Houston,Standard,"Reserved seating, Luxury Lounge Recliners, Hindi with English Subtitles",9:50p,2026-10-02T21:50:00-05:00,False,95,95,v2-62281a0617c24b2c4256fe3b20e1042e113eaf8003b725bf9588e0a8ad6a5b67
aayuh,"Regal Benders Landing 4DX, ScreenX, RPX & VIP",Regal,Houston,Standard,"Reserved seating, English Subtitles, Hindi Language, Stadium Seating",1:30p,2026-10-02T13:30:00-05:00,False,157,157,v2-e3708c55d3fc1be569b8b8dfe9f8a108b3053378695028457605ee90ba8952e9
aayuh,"Regal Benders Landing 4DX, ScreenX, RPX & VIP",Regal,Houston,Standard,"Reserved seating, English Subtitles, Hindi Language, Stadium Seating",5:00p,2026-10-02T17:00:00-05:00,False,157,157,v2-32c64de9d5896cd1e0393f455dc1ca19fde75c9d6e98f96cf3e1edc75e9f83d8
aayuh,"Regal Benders Landing 4DX, ScreenX, RPX & VIP",Regal,Houston,Standard,"Reserved seating, English Subtitles, Hindi Language, Stadium Seating",8:40p,2026-10-02T20:40:00-05:00,False,157,154,v2-4368fe18e6eeb6c2460b304f97c1a1fb23409faf1ebaaedde9b7f9f90c8f2365
aacbh,AMC Deerbrook 24,AMC,Houston,Standard,"Reserved seating, Hindi Language",9:40p,2026-10-02T21:40:00-05:00,False,194,194,v2-d07b7a7a62a86a7f6c2227b202f4f0a71aba5a9c00c0824a5c54526d3780bbd5
aaepa,AMC Gulf Pointe 30,AMC,Houston,Standard,"Laser at AMC, Reserved seating, Hindi Language",6:20p,2026-10-02T18:20:00-05:00,False,96,94,v2-c48ce2943a52d5f266d42ddfe547473cebb60760f6faffc3e453a3ca8e09a61e
aaccv,Cinemark Hollywood Pasadena and XD,Cinemark,Houston,Standard,"Reserved seating, Luxury Lounge Recliners, Hindi with English Subtitles",3:35p,2026-10-02T15:35:00-05:00,False,49,49,v2-352f293b37ea5c901766145ecbb4f480e53a905f3db82327f811c5b63b0a2267
aaccv,Cinemark Hollywood Pasadena and XD,Cinemark,Houston,Standard,"Reserved seating, Luxury Lounge Recliners, Hindi with English Subtitles",7:05p,2026-10-02T19:05:00-05:00,False,49,45,v2-c1e280931e1463eea3c5d564fb0717769b4920b3acf522ac1101fda90c4d6bf6
aaccv,Cinemark Hollywood Pasadena and XD,Cinemark,Houston,Standard,"Reserved seating, Luxury Lounge Recliners, Hindi with English Subtitles",10:30p,2026-10-02T22:30:00-05:00,False,49,49,v2-fd4e20d4029cb21ff6a3fa533b4e5802c58729b75078251690b6cef80e529986
aaunk,Cinemark Cedar Park,Cinemark,Austin,Standard,"Reserved seating, Luxury Lounge Recliners, Hindi with English Subtitles",10:00a,2026-10-02T10:00:00-05:00,False,47,37,v2-c1b3acd4ef9275ca99919a4354112f9389179f7a91db238a9399af50c49b71e3
aaunk,Cinemark Cedar Park,Cinemark,Austin,Standard,"Reserved seating, Luxury Lounge Recliners, Hindi with English Subtitles",1:20p,2026-10-02T13:20:00-05:00,False,47,34,v2-0ecc040cffdb2a4a0f9fe5dbe5ebd9cb20dcce4b5a58126cebe1129f6612f60d
aaunk,Cinemark Cedar Park,Cinemark,Austin,Standard,"Reserved seating, Luxury Lounge Recliners, Hindi with English Subtitles",4:40p,2026-10-02T16:40:00-05:00,False,47,30,v2-9e938f2b98b27881045de70a6ff022ad380258ed4097b2595a6ff62fe2a53e04
aaunk,Cinemark Cedar Park,Cinemark,Austin,Standard,"Reserved seating, Luxury Lounge Recliners, Hindi with English Subtitles",8:00p,2026-10-02T20:00:00-05:00,False,47,25,v2-5b75bd34576ec8876d9772b05db94b2b2a42b5088a5899dcc6ce6e56c5ed7069
aaunk,Cinemark Cedar Park,Cinemark,Austin,Standard,"Reserved seating, Luxury Lounge Recliners, Hindi with English Subtitles",8:50p,2026-10-02T20:50:00-05:00,False,84,84,v2-68cc15f6b8a6b067886e2fa6985127bb2934194c8513b1e865505cda7afd0c43
aaunk,Cinemark Cedar Park,Cinemark,Austin,Standard,"Reserved seating, Luxury Lounge Recliners, Hindi with English Subtitles",11:20p,2026-10-02T23:20:00-05:00,False,47,47,v2-6b57347df6927f0b9f937fef7f72ed25ffe44afb65c16fae509ca73d37f693a8
aauem,Cinemark Round Rock 14,Cinemark,Austin,Standard,"Reserved seating, Luxury Lounge Recliners, Hindi with English Subtitles",12:20p,2026-10-02T12:20:00-05:00,False,44,42,v2-604ef2a44dea7be8d24bc94797e0143f0faeef25dd10e235034194de41559fa6
aauem,Cinemark Round Rock 14,Cinemark,Austin,Standard,"Reserved seating, Luxury Lounge Recliners, Hindi with English Subtitles",3:45p,2026-10-02T15:45:00-05:00,False,44,39,v2-247a95757e2d12d85b4ca86827438def21b20d1a8d50f4ed82a0f496ec31052c
aauem,Cinemark Round Rock 14,Cinemark,Austin,Standard,"Reserved seating, Luxury Lounge Recliners, Hindi with English Subtitles",7:10p,2026-10-02T19:10:00-05:00,False,44,24,v2-8f1c321ab83c438c4da8fe7f448d12c30f0a562d801da89b324b1441beb1c886
aauem,Cinemark Round Rock 14,Cinemark,Austin,Standard,"Reserved seating, Luxury Lounge Recliners, Hindi with English Subtitles",10:35p,2026-10-02T22:35:00-05:00,False,44,44,v2-588eeba70eff0ce8384aff63bb8f6b668711c95d24647dd13c9b13ab062e48ff
aaeqk,Cinemark Pflugerville 20 and XD,Cinemark,Austin,Standard,"Reserved seating, Luxury Lounge Recliners, Hindi with English Subtitles",10:05a,2026-10-02T10:05:00-05:00,False,134,120,v2-4ac28a1460c5beffbf541e5e9d8e8107d23edd3a5116930e94195a1bc20bb7fe
aaeqk,Cinemark Pflugerville 20 and XD,Cinemark,Austin,Standard,"Reserved seating, Luxury Lounge Recliners, Hindi with English Subtitles",1:20p,2026-10-02T13:20:00-05:00,False,134,127,v2-5468015ad7720eb435ebbb23cafef566ede6f1f4b8401d549f25068860530258
aaeqk,Cinemark Pflugerville 20 and XD,Cinemark,Austin,Standard,"Reserved seating, Luxury Lounge Recliners, Hindi with English Subtitles",4:35p,2026-10-02T16:35:00-05:00,False,134,122,v2-23f30b821e5fbb4a546be0b9b5b78f4b177a6baeec2c38435320dac215e648fe
aaeqk,Cinemark Pflugerville 20 and XD,Cinemark,Austin,Standard,"Reserved seating, Luxury Lounge Recliners, Hindi with English Subtitles",7:45p,2026-10-02T19:45:00-05:00,False,134,48,v2-5795e4cafef538d22fc1901bd301ebbfaf4654b85204ab129bb5fcafe4f12a56
aaeqk,Cinemark Pflugerville 20 and XD,Cinemark,Austin,Standard,"Reserved seating, Luxury Lounge Recliners, Hindi with English Subtitles",8:35p,2026-10-02T20:35:00-05:00,False,89,85,v2-b953b44cdbb7e20974bb3eeed8178254f0bf75ac573d2040a45e67a091ad2548
aaeqk,Cinemark Pflugerville 20 and XD,Cinemark,Austin,Standard,"Reserved seating, Luxury Lounge Recliners, Hindi with English Subtitles",11:00p,2026-10-02T23:00:00-05:00,False,134,101,v2-ec59832ad85c85d7bdc20b9c50aca0b0c6a6e981ae435a4e2be1b835626065df
aaeqk,Cinemark Pflugerville 20 and XD,Cinemark,Austin,Standard,"Reserved seating, Luxury Lounge Recliners, Hindi with English Subtitles",11:40p,2026-10-02T23:40:00-05:00,False,89,89,v2-051ec430fd56033b5a8c027c496d698029a9324f3cee29665ba0bb323ca33978
aaebg,Regal Gateway 4DX & IMAX,Regal,Austin,Standard,"Reserved seating, English Subtitles, Recliner Seats, Hindi Language, Stadium Seating",5:15p,2026-10-02T17:15:00-05:00,False,92,92,v2-617ee036045ced23133f9a9210c34f1aa1ffcac2e97d8cad29ffcefe6f022a1f
aaysf,AMC DINE-IN Tech Ridge 10,AMC,Austin,Standard,"Laser at AMC, Reserved seating, Hindi Language, Recliner Seats, Dine-In Delivery to Seat",9:45p,2026-10-02T21:45:00-05:00,False,45,32,v2-2c738f698cb9e5d76670531b8e25dd30cfb8217053d8c781f75fbc203deae578
aaunj,Cinemark Hill Country Galleria,Cinemark,Austin,Standard,"Reserved seating, Luxury Lounge Recliners, Hindi with English Subtitles",11:35a,2026-10-02T11:35:00-05:00,False,49,45,v2-98af2dceefe2e3e1bddb67597285589324be4bcf873d0c71df9739983674976b
aaunj,Cinemark Hill Country Galleria,Cinemark,Austin,Standard,"Reserved seating, Luxury Lounge Recliners, Hindi with English Subtitles",2:55p,2026-10-02T14:55:00-05:00,False,49,49,v2-9a7fd4cf1e4b93e1b4f28d1d1ff82f87c616fddd404ff788e9c5264f5cf6f0bb
aaunj,Cinemark Hill Country Galleria,Cinemark,Austin,Standard,"Reserved seating, Luxury Lounge Recliners, Hindi with English Subtitles",6:15p,2026-10-02T18:15:00-05:00,False,49,47,v2-ace40f197c22a7d3d8bb9f1e91f32c17659db597733c7af02890a5c79097955a
aaunj,Cinemark Hill Country Galleria,Cinemark,Austin,Standard,"Reserved seating, Luxury Lounge Recliners, Hindi with English Subtitles",9:45p,2026-10-02T21:45:00-05:00,False,49,42,v2-ded401ccc5e5c5a2aa13653361e2cb4bb2379148d47f185198172f8d37111497
aauiy,Cinemark Southpark Meadows,Cinemark,Austin,Standard,"Reserved seating, Luxury Lounge Recliners, Hindi with English Subtitles",11:15a,2026-10-02T11:15:00-05:00,False,45,45,v2-e253f400b239b76f13b3cf69d81ec190f00e96c27da26a5f7c8d9ea07f9e15e8
aauiy,Cinemark Southpark Meadows,Cinemark,Austin,Standard,"Reserved seating, Luxury Lounge Recliners, Hindi with English Subtitles",2:35p,2026-10-02T14:35:00-05:00,False,45,45,v2-5a7eddeefb7a124ffdd5ed700ce7f5a5ccfee34afd5a6fee1be73d64a8e2ea15
aauiy,Cinemark Southpark Meadows,Cinemark,Austin,Standard,"Reserved seating, Luxury Lounge Recliners, Hindi with English Subtitles",6:05p,2026-10-02T18:05:00-05:00,False,45,40,v2-c35841d5c6d9d06f076136d9ea4c891a594f50e88233f0292f36ecf260935cd3
aauiy,Cinemark Southpark Meadows,Cinemark,Austin,Standard,"Reserved seating, Luxury Lounge Recliners, Hindi with English Subtitles",9:25p,2026-10-02T21:25:00-05:00,False,45,42,v2-2232094a6f89e12b03fa3848141ba970cc70c5845d614487fa9a505a4ee40e67
aawsd,Regal Huebner Oaks & RPX,Regal,San Antonio,Standard,"Reserved seating, English Subtitles, Recliner Seats, Hindi Language, Stadium Seating, Laser Projection",1:00p,2026-10-02T13:00:00-05:00,False,39,39,v2-f38ef84f68b8d9162f7d7c76373868f127a93ddef7fdcfcc222ce7b7e10ffea5
aawsd,Regal Huebner Oaks & RPX,Regal,San Antonio,Standard,"Reserved seating, English Subtitles, Recliner Seats, Hindi Language, Stadium Seating, Laser Projection",4:40p,2026-10-02T16:40:00-05:00,False,39,39,v2-a95d5a6861e20bbddcbb1436ff5fa293aac631f435915120588171fbc13844e3
aawsd,Regal Huebner Oaks & RPX,Regal,San Antonio,Standard,"Reserved seating, English Subtitles, Recliner Seats, Hindi Language, Stadium Seating, Laser Projection",8:20p,2026-10-02T20:20:00-05:00,False,39,29,v2-ef9e45930f5caf226d145e3fd912b944f0c1a90e80e91f455c2f1e8890527ca7
aagno,Cinemark Movies 16,Cinemark,San Antonio,Standard,"Reserved seating, Luxury Lounge Recliners, Hindi with English Subtitles",11:30a,2026-10-02T11:30:00-05:00,False,67,67,v2-e85df460d0fefc9f1f69d8b637d8f2c2cda2be2502274b4efe0c66d2e973856e
aagno,Cinemark Movies 16,Cinemark,San Antonio,Standard,"Reserved seating, Luxury Lounge Recliners, Hindi with English Subtitles",2:55p,2026-10-02T14:55:00-05:00,False,67,67,v2-3c2a8ad6a52fed217386de1b92611ad2e06f642fe603170b7e93241d7bf342e6
aagno,Cinemark Movies 16,Cinemark,San Antonio,Standard,"Reserved seating, Luxury Lounge Recliners, Hindi with English Subtitles",6:20p,2026-10-02T18:20:00-05:00,False,67,54,v2-0b8f8463d3155c6658e690447b34ffe927ed6206bba258020e7a1e0104693a68
aagno,Cinemark Movies 16,Cinemark,San Antonio,Standard,"Reserved seating, Luxury Lounge Recliners, Hindi with English Subtitles",9:45p,2026-10-02T21:45:00-05:00,False,67,53,v2-1e2ea1b87d35d825888ff33d761fbf38503c22564e2063fc47f82179b98a3b1f
aamac,Regal Commerce Center,Regal,NY/NJ,Standard,"Reserved seating, English Subtitles, Recliner Seats, Hindi Language, Stadium Seating",1:10p,2026-10-02T13:10:00-04:00,False,84,78,v2-a65b25625f628ba264a17f52742bcb035fb0dcdd78d9fbf68fe86d1a66b85e91
aamac,Regal Commerce Center,Regal,NY/NJ,Standard,"Reserved seating, English Subtitles, Recliner Seats, Hindi Language, Stadium Seating",2:30p,2026-10-02T14:30:00-04:00,False,210,201,v2-c1ecc0a281943aebb0c5af99a1b3d26076f3b8a9ec1940beed4a42b665f68971
aamac,Regal Commerce Center,Regal,NY/NJ,Standard,"Reserved seating, English Subtitles, Recliner Seats, Hindi Language, Stadium Seating",6:10p,2026-10-02T18:10:00-04:00,False,210,112,v2-90285ffb8a3a1a69fe3fbbfa3a9de996ef298e7fd27ad1c46060c9ca387831e4
aamac,Regal Commerce Center,Regal,NY/NJ,Standard,"Reserved seating, English Subtitles, Recliner Seats, Hindi Language, Stadium Seating",9:40p,2026-10-02T21:40:00-04:00,False,210,97,v2-3f26da3b67d494005fb8e48a0c52d1212e701527dbf094df6d3ba854a17ed1ae
aacph,AMC New Brunswick 18,AMC,NY/NJ,Standard,"Reserved seating, Hindi Language",1:30p,2026-10-02T13:30:00-04:00,False,302,300,v2-42f39504e0d528d3df53467c43da9973cb48003a4fe255902835ce37c68996c9
aacph,AMC New Brunswick 18,AMC,NY/NJ,Standard,"Reserved seating, Hindi Language",3:15p,2026-10-02T15:15:00-04:00,False,190,183,v2-2c50a56d6e9fb55ff8fb9c39b940fcd39bdda94422a8ede371f5d4cd0185088c
aacph,AMC New Brunswick 18,AMC,NY/NJ,Standard,"Reserved seating, Hindi Language",6:40p,2026-10-02T18:40:00-04:00,False,190,107,v2-f427b294878789af3f9794e093699a2886596f40dbc3d8d6ad650450e42e2621
aacph,AMC New Brunswick 18,AMC,NY/NJ,Standard,"Reserved seating, Hindi Language",10:00p,2026-10-02T22:00:00-04:00,False,302,265,v2-14afacc7aeb6a1ab6ed2fc0b040b1050c00c96cd0eb331ce5f627d68b356a971
aaemi,Regal Hadley,Regal,NY/NJ,Standard,"Reserved seating, English Subtitles, Recliner Seats, Hindi Language, Stadium Seating, Laser Projection",11:55a,2026-10-02T11:55:00-04:00,False,134,122,v2-4edb8f0744a32d8440d4c38144f5b40221dbdf8b17bedb2cdfd1828d1efae674
aaemi,Regal Hadley,Regal,NY/NJ,Standard,"Reserved seating, English Subtitles, Recliner Seats, Hindi Language, Stadium Seating, Laser Projection",3:10p,2026-10-02T15:10:00-04:00,False,134,128,v2-f9293f6231de004eeee2d24b7beb83392eafefdafff4147651f88282ce41fc00
aaemi,Regal Hadley,Regal,NY/NJ,Standard,"Reserved seating, English Subtitles, Recliner Seats, Hindi Language, Stadium Seating, Laser Projection",5:15p,2026-10-02T17:15:00-04:00,False,114,103,v2-b062b5c2ca454f83da51d1a2cd37bce650d987d44285fba2948283fa9bd940ad
aaemi,Regal Hadley,Regal,NY/NJ,Standard,"Reserved seating, English Subtitles, Recliner Seats, Hindi Language, Stadium Seating, Laser Projection",6:30p,2026-10-02T18:30:00-04:00,False,134,87,v2-87a3a641f6b3258a5ddbb6f9521729b4eedfccecda4aa8ca0aea8aa42ba4bc45
aaemi,Regal Hadley,Regal,NY/NJ,Standard,"Reserved seating, English Subtitles, Recliner Seats, Hindi Language, Stadium Seating, Laser Projection",8:40p,2026-10-02T20:40:00-04:00,False,114,57,v2-5498182ee37ce2fa6f195411ddc1fb8712e8ad7e97466feb53d4895ca1798278
aaemi,Regal Hadley,Regal,NY/NJ,Standard,"Reserved seating, English Subtitles, Recliner Seats, Hindi Language, Stadium Seating, Laser Projection",9:45p,2026-10-02T21:45:00-04:00,False,134,67,v2-c3fbb1ea7dca7d3c64584d7a176800869b65f90b7f285254c3c29f566d1e0c9e
aahrp,AMC Brunswick Square 13,AMC,NY/NJ,Standard,"Reserved seating, Hindi Language, Recliner Seats",7:30p,2026-10-02T19:30:00-04:00,False,36,13,v2-c6931d927d96c40919b6c84046a500db46c6623b0f8f599ec06b55d48cf453a3
aaynj,Regal Bricktown Charleston,Regal,NY/NJ,Standard,"Reserved seating, English Subtitles, Recliner Seats, Hindi Language, Laser Projection",9:30p,2026-10-02T21:30:00-04:00,False,99,99,v2-008962d41f2c40e506a5a95ca01197d7c88ffc9e4c89bb481a0685360e073f98
aackw,Cinemark Hazlet 12,Cinemark,NY/NJ,Standard,"Reserved seating, Luxury Lounge Recliners, Hindi with English Subtitles",9:15p,2026-10-02T21:15:00-04:00,False,74,67,v2-8c024839538f1c17b01b0923ee143d66c0da4adb395ac4b61cccb5f520f5052d
aabpr,AMC Freehold 14,AMC,NY/NJ,Standard,"Laser at AMC, Reserved seating, Hindi Language, Recliner Seats, Adult Supervision Required",7:30p,2026-10-02T19:30:00-04:00,False,95,57,v2-bbd6a420af37b48b3132f9db05947ecc7beafca497a6a67d43dbeb80e7444037
aabpr,AMC Freehold 14,AMC,NY/NJ,Standard,"Laser at AMC, Reserved seating, Hindi Language, Recliner Seats, Adult Supervision Required",10:30p,2026-10-02T22:30:00-04:00,False,79,71,v2-f4bccdad9d1a3e99f86b99f50a7f213e5fff33b272d0141183c59306af98a01f
aapyt,AMC Jersey Gardens 20,AMC,NY/NJ,Standard,"Laser at AMC, Reserved seating, Hindi Language, Adult Supervision Required",7:30p,2026-10-02T19:30:00-04:00,False,287,227,v2-301bcb56dbbd04e4d80d8af9777d86068dd1b8f1fbd7540eead9fede24b62380
aapyt,AMC Jersey Gardens 20,AMC,NY/NJ,Standard,"Laser at AMC, Reserved seating, Hindi Language, Adult Supervision Required",10:45p,2026-10-02T22:45:00-04:00,False,296,278,v2-9814859a95f982f4a539b3b97de044fefef8ab4c0e3f5bbc1b0292318d1248de
aabpl,AMC Loews East Hanover 12,AMC,NY/NJ,Standard,"Laser at AMC, Reserved seating, Hindi Language, Recliner Seats",8:00p,2026-10-02T20:00:00-04:00,False,77,37,v2-386473773fbe9473afe525d7876b9497e43bbcb4bf39c18e394e56bc99de3e7a
aabpl,AMC Loews East Hanover 12,AMC,NY/NJ,Standard,"Laser at AMC, Reserved seating, Hindi Language, Recliner Seats",10:00p,2026-10-02T22:00:00-04:00,False,63,38,v2-676c9cd1e949b51daf40adebb48f4c79bad8aada47b501391491e1d14427e3ee
aaxqi,Regal Independence Plaza,Regal,NY/NJ,Standard,"Reserved seating, English Subtitles, Recliner Seats, Hindi Language, Stadium Seating, Laser Projection",1:30p,2026-10-02T13:30:00-04:00,False,96,96,v2-9d5f3292751fc2a3c5fd7c8a577c22eacfff2858a0c9ea4a0a01018fb693efcb
aaxqi,Regal Independence Plaza,Regal,NY/NJ,Standard,"Reserved seating, English Subtitles, Recliner Seats, Hindi Language, Stadium Seating, Laser Projection",5:20p,2026-10-02T17:20:00-04:00,False,96,91,v2-b9e99d793bee3633c9b1007da425e715425c7f16baefbe9fc5a02f45de3bf5a2
aaxqi,Regal Independence Plaza,Regal,NY/NJ,Standard,"Reserved seating, English Subtitles, Recliner Seats, Hindi Language, Stadium Seating, Laser Projection",9:10p,2026-10-02T21:10:00-04:00,False,96,64,v2-7e357c2a2da4622d412a16e7ecef729861e38e517ffbfae256ccab193b550455
aaufg,AMC Rockaway 16,AMC,NY/NJ,Standard,"Laser at AMC, Reserved seating, Hindi Language",1:15p,2026-10-02T13:15:00-04:00,False,146,143,v2-655dc5b738f7b5fdda1b5113a5740e7a37705ce9d6d38f1c4c35a9432de9fabc
aaufg,AMC Rockaway 16,AMC,NY/NJ,Standard,"Laser at AMC, Reserved seating, Hindi Language",8:45p,2026-10-02T20:45:00-04:00,False,146,136,v2-d80f3fae9e3a923a6e64f6c6104cf0efc4875d5b89ec76af9c9bcf5beab16416
aabuc,AMC Newport Centre 11,AMC,NY/NJ,Standard,"Laser at AMC, Reserved seating, Hindi Language, Recliner Seats",12:00p,2026-10-02T12:00:00-04:00,False,78,53,v2-166a4564fc4a77a657c4d263a1827c6bd14021d932cb7318058e90951ba59578
aabuc,AMC Newport Centre 11,AMC,NY/NJ,Standard,"Laser at AMC, Reserved seating, Hindi Language, Recliner Seats",3:15p,2026-10-02T15:15:00-04:00,False,78,35,v2-1542df9b6934fdfe44f7266630efa5f30fb998bc079098e4844f196d8d1214d6
aabuc,AMC Newport Centre 11,AMC,NY/NJ,Standard,"Laser at AMC, Reserved seating, Hindi Language, Recliner Seats",6:30p,2026-10-02T18:30:00-04:00,False,78,9,v2-9aa5bfc58fc1b83a0f767c6d6d06d4e418c5e84e267d83b34304f28f528e50b1
aabuc,AMC Newport Centre 11,AMC,NY/NJ,Standard,"Laser at AMC, Reserved seating, Hindi Language, Recliner Seats",10:00p,2026-10-02T22:00:00-04:00,False,78,14,v2-9489feb63ce5ac25022f55bcac726f6cd11df96605af5e8cf6f5243838611f55
aayrx,Cinemark Willowbrook Mall and XD,Cinemark,NY/NJ,Standard,"Reserved seating, Luxury Lounge Recliners, Hindi with English Subtitles",10:00a,2026-10-02T10:00:00-04:00,False,46,41,v2-6c09df273c1d0eae141c9d6ac4b1cb5c0fbb99497ec6c3a3a23c14a82676d017
aayrx,Cinemark Willowbrook Mall and XD,Cinemark,NY/NJ,Standard,"Reserved seating, Luxury Lounge Recliners, Hindi with English Subtitles",10:20p,2026-10-02T22:20:00-04:00,False,61,38,v2-ff270e6fddcf1f62ac03d03aabe1d45f12f5e08e010a4e2cd23bd8e4f83e8b1c
aabpj,AMC Wayne 14,AMC,NY/NJ,Standard,"Laser at AMC, Reserved seating, Hindi Language, Heated AMC Signature Recliners",4:30p,2026-10-02T16:30:00-04:00,False,110,95,v2-06a8f14c5ded7a191e33a6c6958e6ed594f1729c510e8cd7c90c15a3d436eadd
aabpj,AMC Wayne 14,AMC,NY/NJ,Standard,"Laser at AMC, Reserved seating, Hindi Language, Heated AMC Signature Recliners",7:00p,2026-10-02T19:00:00-04:00,False,110,51,v2-071642e9042ddad789ee7397e0a244de30a2004616f4327221fc5ad97bbe01d8
aabpj,AMC Wayne 14,AMC,NY/NJ,Standard,"Laser at AMC, Reserved seating, Hindi Language, Heated AMC Signature Recliners",8:00p,2026-10-02T20:00:00-04:00,False,110,44,v2-8f34ed5a56987661ee493c9506beecf98882e6c51e221f4e8bc5adf3c7716b59
aabpj,AMC Wayne 14,AMC,NY/NJ,Standard,"Laser at AMC, Reserved seating, Hindi Language, Heated AMC Signature Recliners",10:30p,2026-10-02T22:30:00-04:00,False,110,89,v2-6912f527db18ed87a21eee846794455fcfe74be747a850c7e0c0bef560359f82
aankm,AMC Clifton Commons 16,AMC,NY/NJ,Standard,"Laser at AMC, Reserved seating, Hindi Language",6:15p,2026-10-02T18:15:00-04:00,False,155,143,v2-282e9d355e00c9c1b9d0644df0b8a84199b178a0abbe49d2864fad41ff393506
aankm,AMC Clifton Commons 16,AMC,NY/NJ,Standard,"Laser at AMC, Reserved seating, Hindi Language",9:45p,2026-10-02T21:45:00-04:00,False,155,151,v2-473056869d992aa323e45601f5ba9dd65f6e046731366a7ac13f06c188343404
aavpq,Regal Secaucus ShowPlace 14,Regal,NY/NJ,Standard,"Reserved seating, English Subtitles, Recliner Seats, Hindi Language, Stadium Seating",11:55a,2026-10-02T11:55:00-04:00,False,112,110,v2-f746436f998d747db49782c5caad4f8554bb43789a30e298796228337527362c
aavpq,Regal Secaucus ShowPlace 14,Regal,NY/NJ,Standard,"Reserved seating, English Subtitles, Recliner Seats, Hindi Language, Stadium Seating",2:45p,2026-10-02T14:45:00-04:00,False,88,88,v2-0ba80abd80775cb4f01e46808400c0e076106536d7ad2c60d0309e31defd5250
aavpq,Regal Secaucus ShowPlace 14,Regal,NY/NJ,Standard,"Reserved seating, English Subtitles, Recliner Seats, Hindi Language, Stadium Seating",6:20p,2026-10-02T18:20:00-04:00,False,88,72,v2-51e2c9c4ed3b5613b5ba00e59d08e6eab7ad9ab6196a3df67f9aee83734c3454
aavpq,Regal Secaucus ShowPlace 14,Regal,NY/NJ,Standard,"Reserved seating, English Subtitles, Recliner Seats, Hindi Language, Stadium Seating",9:50p,2026-10-02T21:50:00-04:00,False,88,45,v2-d957445e7cf89fb0c1b4de135297768c3db57e3cd16bd448ee8eca158969b3a5
aaore,AMC Empire 25,AMC,NY/NJ,Standard,"Laser at AMC, Reserved seating, Hindi Language",11:30a,2026-10-02T11:30:00-04:00,False,61,58,v2-10acc9eddb96b7dae102686642092f5f185eb42abdbd00c47b14be7213756c94
aaore,AMC Empire 25,AMC,NY/NJ,Standard,"Laser at AMC, Reserved seating, Hindi Language",7:00p,2026-10-02T19:00:00-04:00,False,105,27,v2-4eaf09fc08cea40b90639f14ab4f5cb58bbde8c20be4995048a314e4ca660cac
aaore,AMC Empire 25,AMC,NY/NJ,Standard,"Laser at AMC, Reserved seating, Hindi Language",9:50p,2026-10-02T21:50:00-04:00,False,61,28,v2-15f2d67c96dc4c3d68e2d8ef37031dc0ee538eca49e6b6a83e6eefb7b417959e
aancl,AMC Kips Bay 15,AMC,NY/NJ,Standard,"Reserved seating, Hindi Language, Recliner Seats",6:15p,2026-10-02T18:15:00-04:00,False,43,8,v2-01ca3a0d2b23a76f73c1791f4c00b8ad2ae9fc68a7750cfc090c2d69ed0fdb0c
aaivo,AMC Neshaminy 24,AMC,NY/NJ,Standard,"Laser at AMC, Reserved seating, Hindi Language",9:30p,2026-10-02T21:30:00-04:00,False,158,131,v2-3a15accc771abfa3e5b384016010169cd9258acca20e6c6617a9b71c9c8097f2
aadhv,Regal Burlington,Regal,NY/NJ,Standard,"Reserved seating, English Subtitles, Hindi Language, Stadium Seating",1:35p,2026-10-02T13:35:00-04:00,False,232,232,v2-b46740bf01494cb0c4f56d0db99ec3eb82b6a62db1df7d22beb2e6646c7bb768
aadhv,Regal Burlington,Regal,NY/NJ,Standard,"Reserved seating, English Subtitles, Hindi Language, Stadium Seating",5:05p,2026-10-02T17:05:00-04:00,False,232,229,v2-a56daab4d57b338f0acf0bce853a59f3d367948b06f2eda9a9609e29d3bf7bbb
aadhv,Regal Burlington,Regal,NY/NJ,Standard,"Reserved seating, English Subtitles, Hindi Language, Stadium Seating",8:40p,2026-10-02T20:40:00-04:00,False,232,223,v2-9e1673e6d5d1814c2b07960c8438db0ad824495783d28b90f97536bad9c2760e
aaxbo,AMC Ridgefield Park 12,AMC,NY/NJ,Standard,"Reserved seating, Hindi Language, Recliner Seats",8:30p,2026-10-02T20:30:00-04:00,False,,,v2-5f21a76cc631d5ab088f74a3736d5a4f1720f502bccf353e79512a82fbfe6af0
aaxbo,AMC Ridgefield Park 12,AMC,NY/NJ,Standard,"Reserved seating, Hindi Language, Recliner Seats",10:30p,2026-10-02T22:30:00-04:00,False,,,v2-7eba29e304baae284c2b651fc37e79a72b525d4e956515c5a5fd3c9837493e88
aanja,Regal Warrington Crossing,Regal,NY/NJ,Standard,"Reserved seating, English Subtitles, Hindi Language, Stadium Seating, Laser Projection",5:00p,2026-10-02T17:00:00-04:00,False,101,101,v2-a2c74ac366f7dad36d263b9159da6738082bccd15daa03f15efc06dc6a73be93
aanja,Regal Warrington Crossing,Regal,NY/NJ,Standard,"Reserved seating, English Subtitles, Hindi Language, Stadium Seating, Laser Projection",8:40p,2026-10-02T20:40:00-04:00,False,101,84,v2-6e517b22aa247db7935f19cc8250b1398afe260ad0dec259938f479741737746
aauhq,AMC Center Valley 16,AMC,NY/NJ,Standard,"Reserved seating, Hindi Language",10:00p,2026-10-02T22:00:00-04:00,False,108,93,v2-64d0922841186dfe0d08fa887679e885c06694860646082cd2058bd0cbb7307c
aaktm,AMC Cherry Hill 24,AMC,NY/NJ,Standard,"Laser at AMC, Reserved seating, Hindi Language",6:45p,2026-10-02T18:45:00-04:00,False,113,95,v2-812e55460c61e6f9eee5a413a70da8beb5f063ce64420fe06aea409e93385220
aawjc,Showcase Cinema de Lux Ridge Hill,Showcase,NY/NJ,Standard,"Reserved seating, Closed caption, Accessibility devices available, English Subtitles, Hindi Language",6:30p,2026-10-02T18:30:00-04:00,False,116,116,v2-8469875954c9f1c64b0b8389903b0c754d460324065b86f79f671d3f605e4324
aabsx,AMC Raceway 10,AMC,NY/NJ,Standard,"Reserved seating, Hindi Language",6:00p,2026-10-02T18:00:00-04:00,False,285,249,v2-df5b6e7f0c919a3974f15217dddfe2d3a3e885cd47993fd0013c18090da04e41
aafpi,AMC Palisades Center 21,AMC,NY/NJ,Standard,"Laser at AMC, Reserved seating, Hindi Language, Recliner Seats",6:30p,2026-10-02T18:30:00-04:00,False,73,66,v2-109637e7bf4d95567175a30a13a080ad647e794e3e633dca2931347dfe9321f2
aafpi,AMC Palisades Center 21,AMC,NY/NJ,Standard,"Laser at AMC, Reserved seating, Hindi Language, Recliner Seats",9:45p,2026-10-02T21:45:00-04:00,False,70,70,v2-57908ee2fa28b9a64d422e06ec096451fca97611e61ab3c7e1af32f6f8ce55a4
aaodg,Regal Westbury IMAX & RPX,Regal,NY/NJ,Standard,"Reserved seating, English Subtitles, Recliner Seats, Hindi Language, Stadium Seating, Laser Projection",9:10p,2026-10-02T21:10:00-04:00,False,88,40,v2-874600bb30701962012dba2c1c86e2491e644958cc4a45aab629d3bc3b42d423
aarck,Apple Cinemas White Plains,Independent/Desi,NY/NJ,Standard,"Reserved seating, Hindi Language",6:30p,2026-10-02T18:30:00-04:00,False,70,46,v2-2acca10769d3a76fe60b0023a653807f554a2aaa49c9ca9d2130b27174323761
aarck,Apple Cinemas White Plains,Independent/Desi,NY/NJ,Standard,"Reserved seating, Hindi Language",9:30p,2026-10-02T21:30:00-04:00,False,65,65,v2-92524da7804db7d02b87bcd88456e0a9b85bb1df9be661ae7469327593b335c0
aaxbb,AMC Voorhees 16,AMC,NY/NJ,Standard,"Reserved seating, Hindi Language",4:50p,2026-10-02T16:50:00-04:00,False,,,v2-3a4c440e9275a193447e20ad200074def095be9e8d0df8c8d87a9c6dea608cd8
aaxbb,AMC Voorhees 16,AMC,NY/NJ,Standard,"Reserved seating, Hindi Language",8:20p,2026-10-02T20:20:00-04:00,False,123,123,v2-d4de3e666fd0d9f928dd6e24e1ed69f229d65ea78e90134a69f700ed3d91b265
aadko,Cinemark Somerdale 16 and XD,Cinemark,NY/NJ,Standard,"Reserved seating, Luxury Lounge Recliners, Hindi with English Subtitles",6:55p,2026-10-02T18:55:00-04:00,False,51,37,v2-fda3f1e9970847296446c17f3b0df0303713e5fb204ef9f6a9a3e46a8ec06ce9
aadko,Cinemark Somerdale 16 and XD,Cinemark,NY/NJ,Standard,"Reserved seating, Luxury Lounge Recliners, Hindi with English Subtitles",10:20p,2026-10-02T22:20:00-04:00,False,51,49,v2-2cf1463b7cd1a85429ca665a93bfa473ebd1b2d163066ef1860a3944b9cfd777
aajav,Oaks Center Cinema D-Box & OCX,Independent/Desi,NY/NJ,Standard,Stadium Seating,4:15p,2026-10-02T16:15:00-04:00,False,,,v2-aa161ecc19e12ce070fb6271889d82d88579a77e19c30b57a8036572d902a108
aajav,Oaks Center Cinema D-Box & OCX,Independent/Desi,NY/NJ,Standard,Stadium Seating,8:00p,2026-10-02T20:00:00-04:00,False,,,v2-cf03b0b443e809d64bfb33daa735c7b9f6f5dcfdb1ecd8705ea0932c1aa72121
aacud,Showcase Cinema de lux Farmingdale,Showcase,NY/NJ,Standard,"Reserved seating, English Subtitles, Hindi Language",11:40a,2026-10-02T11:40:00-04:00,False,186,183,v2-8d3e3ac307bad735650854979adc71e952811fd5d854deee3af5e3c1aaae8ff8
aacud,Showcase Cinema de lux Farmingdale,Showcase,NY/NJ,Standard,"Reserved seating, English Subtitles, Hindi Language",3:00p,2026-10-02T15:00:00-04:00,False,186,179,v2-b32f08aec03f3eb75c2dfcb4f5bd934eb9733bbe2bcbf0f948b82bf558f73dc8
aacud,Showcase Cinema de lux Farmingdale,Showcase,NY/NJ,Standard,"Reserved seating, English Subtitles, Hindi Language",6:20p,2026-10-02T18:20:00-04:00,False,186,166,v2-4638641051d8e0c4d4262a271acd7f4a1d72494806778eaba5cb7ef1ab9f757b
aacud,Showcase Cinema de lux Farmingdale,Showcase,NY/NJ,Standard,"Reserved seating, English Subtitles, Hindi Language",9:40p,2026-10-02T21:40:00-04:00,False,,,v2-cfe4032d3a6ecd73b799a282362272c350a08fc53b29bd29b640d29d1517ce5b
aauyv,Regal Deer Park,Regal,NY/NJ,Standard,"Reserved seating, English Subtitles, Recliner Seats, Hindi Language, Stadium Seating, Laser Projection",3:30p,2026-10-02T15:30:00-04:00,False,62,62,v2-2a0358e1d3eca8e686da4ed80d8b50e399361bd213b013546bcad896b780c4bc
aauyv,Regal Deer Park,Regal,NY/NJ,Standard,"Reserved seating, English Subtitles, Recliner Seats, Hindi Language, Stadium Seating, Laser Projection",9:55p,2026-10-02T21:55:00-04:00,False,62,54,v2-b06feaff70d65329aaf72605a24db7b33d7f1fad99a25d5f242bdb9953fa7653
aajgw,AMC Landmark 8,AMC,NY/NJ,Standard,"Reserved seating, Hindi Language, Recliner Seats",5:00p,2026-10-02T17:00:00-04:00,False,59,57,v2-704d2f01dfc13d5ee5bff07351ad38d5ce9892cf9cea0b2e05a72d9c56133684
aajgw,AMC Landmark 8,AMC,NY/NJ,Standard,"Reserved seating, Hindi Language, Recliner Seats",8:30p,2026-10-02T20:30:00-04:00,False,59,49,v2-654dece3b1a01ae10376724920e7c7edcc837dcacaeb652f4799d9ecd9d40e32
aalat,AMC Loews Stony Brook 17,AMC,NY/NJ,Standard,"Reserved seating, Hindi Language, Recliner Seats",6:45p,2026-10-02T18:45:00-04:00,False,41,17,v2-8d17b7247dae57fff6e211b4965a16d621daea4deeeb815eac7c28e2ea57f6df
aalat,AMC Loews Stony Brook 17,AMC,NY/NJ,Standard,"Reserved seating, Hindi Language, Recliner Seats",10:15p,2026-10-02T22:15:00-04:00,False,41,33,v2-a87b9ad1d5080fb81d0f6d9a6f6fee7692a359e5c4d0f599ad9e478d209db82a
aabqx,AMC Danbury 16,AMC,NY/NJ,Standard,"Laser at AMC, Reserved seating, Hindi Language",6:25p,2026-10-02T18:25:00-04:00,False,116,114,v2-bbe47bb21adc852d9b597ea2a9b9c7246bacfecb0fe1fb4b4585ba5c3dd8ea1b
aabqx,AMC Danbury 16,AMC,NY/NJ,Standard,"Laser at AMC, Reserved seating, Hindi Language",9:55p,2026-10-02T21:55:00-04:00,False,116,114,v2-8b413b3cf0cab2b315439d1eb8c4ffb20e8a9afa44684752b19afb1375f21aed
aatxh,Cinemark Connecticut Post 14 and IMAX,Cinemark,NY/NJ,Standard,"Reserved seating, Luxury Lounge Recliners, Hindi with English Subtitles",1:30p,2026-10-02T13:30:00-04:00,False,70,68,v2-1ff7a9aa1a3df95c84e5b2b083c76115b5b77447c5a5fce76b159f63805a05d0
aatxh,Cinemark Connecticut Post 14 and IMAX,Cinemark,NY/NJ,Standard,"Reserved seating, Luxury Lounge Recliners, Hindi with English Subtitles",7:55p,2026-10-02T19:55:00-04:00,False,70,35,v2-0e0e357eb3107d500f68ec6e83d7f767ae22c46f535ccd1d5a7dbda13ca837cb
aatxh,Cinemark Connecticut Post 14 and IMAX,Cinemark,NY/NJ,Standard,"Reserved seating, Luxury Lounge Recliners, Hindi with English Subtitles",8:20p,2026-10-02T20:20:00-04:00,False,80,80,v2-4b2b0d3abd5f1f20894f4843e10a1773e5268cc1dd8b55fb716723b1dd446da1
aaeth,Regal Elmwood Center,Regal,Upstate NY,Standard,"Reserved seating, English Subtitles, Recliner Seats, Hindi Language",4:45p,2026-10-02T16:45:00-04:00,False,92,90,v2-83fdb0a4e01cd507506aa21637f61d6bdf067328c022f34c8b27b2a8d87d177b
aaipn,Cinemark Tinseltown Rochester and IMAX,Cinemark,Upstate NY,Standard,"Reserved seating, Luxury Lounge Recliners, Hindi with English Subtitles",10:25p,2026-10-02T22:25:00-04:00,False,52,44,v2-921526a4a483d6ca2de80ef386e5a01d772bae067ac577b5624a993e3b863a62
aakgr,Apple Cinemas Greece Ridge,Independent/Desi,Upstate NY,Standard,"Reserved seating, Hindi Language",6:30p,2026-10-02T18:30:00-04:00,False,67,61,v2-16afa0babb60252af65925d1bb49f8dc1e2932c7a1de5d962f492241af1bf33f
aajgh,Regal Destiny USA,Regal,Upstate NY,Standard,"Reserved seating, English Subtitles, Hindi Language, Stadium Seating, Laser Projection",12:50p,2026-10-02T12:50:00-04:00,False,78,78,v2-730e50bc971523f5039c7bde11c13bbb3573bc56f43576d2e9a0d0205afcac1c
aajgh,Regal Destiny USA,Regal,Upstate NY,Standard,"Reserved seating, English Subtitles, Hindi Language, Stadium Seating, Laser Projection",4:20p,2026-10-02T16:20:00-04:00,False,78,78,v2-9fa851280ed1a888fa8c0935b29c6706dc0e7671d1df16c70dbd15680ff90c25
aajgh,Regal Destiny USA,Regal,Upstate NY,Standard,"Reserved seating, English Subtitles, Hindi Language, Stadium Seating, Laser Projection",7:55p,2026-10-02T19:55:00-04:00,False,78,70,v2-aa19c5da25e1a95818788c026f7fef9e82938e43005503279de181a2451d578b
aaunq,Regal Ithaca Mall,Regal,Upstate NY,Standard,"Reserved seating, English Subtitles, Hindi Language, Stadium Seating",11:50a,2026-10-02T11:50:00-04:00,False,201,201,v2-c09d65eb171c023d18c3ae77d738f5ea3fa66f1b4ab27e5d5e9975b623827c31
aaunq,Regal Ithaca Mall,Regal,Upstate NY,Standard,"Reserved seating, English Subtitles, Hindi Language, Stadium Seating",3:25p,2026-10-02T15:25:00-04:00,False,201,201,v2-2b7df0113130f6a95f6f786b2aeee4fa977f9f2a3c1d895e9233ace73fdb74a4
aamgg,Regal Downingtown,Regal,Philadelphia,Standard,"Reserved seating, English Subtitles, Recliner Seats, Hindi Language, Stadium Seating",11:05a,2026-10-02T11:05:00-04:00,False,141,141,v2-b7341a79e533da72a7febe02c7767578be1d14dec4eff07e6f6054b6854070aa
aamgg,Regal Downingtown,Regal,Philadelphia,Standard,"Reserved seating, English Subtitles, Recliner Seats, Hindi Language, Stadium Seating",2:30p,2026-10-02T14:30:00-04:00,False,141,137,v2-f0075ca0aa36244986710b17d6b842aa18b44f4d8f590ce8590e12b8b2ffbc82
aamgg,Regal Downingtown,Regal,Philadelphia,Standard,"Reserved seating, English Subtitles, Recliner Seats, Hindi Language, Stadium Seating",6:05p,2026-10-02T18:05:00-04:00,False,141,112,v2-42fd54b2d41d6d6fbe96dd268edc720abbf8aea81d80075b0e2da3ad485110f2
aamgg,Regal Downingtown,Regal,Philadelphia,Standard,"Reserved seating, English Subtitles, Recliner Seats, Hindi Language, Stadium Seating",9:35p,2026-10-02T21:35:00-04:00,False,141,87,v2-586a929fd08ee2a2777dcb67195fe9262b8a0601e1e52338445fe04ea6bc3c40
aaxjl,Cinemark Christiana and XD,Cinemark,Philadelphia,Standard,"Reserved seating, Luxury Lounge Recliners, Hindi with English Subtitles",5:50p,2026-10-02T17:50:00-04:00,False,44,43,v2-bd9893213b8267c0d984ab26489c825bdbb0aade8d201c32e212d17020e81891
aaxjl,Cinemark Christiana and XD,Cinemark,Philadelphia,Standard,"Reserved seating, Luxury Lounge Recliners, Hindi with English Subtitles",9:15p,2026-10-02T21:15:00-04:00,False,44,42,v2-3c978358ed22f97b92e2d9b16864f7d474650f54348f2c8896500242cf9e8327
aaehm,Regal Peoples Plaza,Regal,Philadelphia,Standard,"Reserved seating, English Subtitles, Recliner Seats, Hindi Language, Stadium Seating",12:35p,2026-10-02T12:35:00-04:00,False,104,104,v2-038646c94263787ad42fd384c94e58219f804e8b3d616666ec84bfc6c2aaaea3
aaehm,Regal Peoples Plaza,Regal,Philadelphia,Standard,"Reserved seating, English Subtitles, Recliner Seats, Hindi Language, Stadium Seating",4:15p,2026-10-02T16:15:00-04:00,False,104,102,v2-eb1212d091f8df2d980f7446edf3f30c69043cc08244846b7a14547403d3017b
aaehm,Regal Peoples Plaza,Regal,Philadelphia,Standard,"Reserved seating, English Subtitles, Recliner Seats, Hindi Language, Stadium Seating",8:10p,2026-10-02T20:10:00-04:00,False,104,62,v2-7bd5d599ae63ec56fcb14a14452677f0dae45b019d0412b63bf722825d0f56ec
aamuq,Regal Manor,Regal,Philadelphia,Standard,"Reserved seating, English Subtitles, Recliner Seats, Hindi Language, Stadium Seating",3:30p,2026-10-02T15:30:00-04:00,False,49,43,v2-4eaf7c9f63ab2523b7790c7405ee458a6e025855cd1cc54ff08883c6e747fdb1
aaqad,Regal Hamilton Commons,Regal,Philadelphia,Standard,"Reserved seating, English Subtitles, Hindi Language, Stadium Seating",6:10p,2026-10-02T18:10:00-04:00,False,200,200,v2-2d1bb5f869aff10f4521d2817f02c0d2a76bf985a44f85052f379896412f3b51
aaqad,Regal Hamilton Commons,Regal,Philadelphia,Standard,"Reserved seating, English Subtitles, Hindi Language, Stadium Seating",9:10p,2026-10-02T21:10:00-04:00,False,234,234,v2-1eac2c3421b5cb4d7f04dc026dd00d6e75e0855d85a6fa039b579ad7480d6334
aabbi,Apple Cinemas Cambridge,Independent/Desi,Boston,Standard,"Reserved seating, Recliner Seats, Hindi Language",1:00p,2026-10-02T13:00:00-04:00,False,35,26,v2-6631dfb700130db6a4f3d5d65b5422e78b23fe2da71b7872c177b58cd885ada0
aabbi,Apple Cinemas Cambridge,Independent/Desi,Boston,Standard,"Reserved seating, Recliner Seats, Hindi Language",6:30p,2026-10-02T18:30:00-04:00,False,97,53,v2-b6d0164dd402738b35ab2b1ce6b945737027540c80540b6c6e80c4aa3c62ce59
aaesh,Showcase Cinema de Lux Lowell,Showcase,Boston,Standard,"Reserved seating, Closed caption, Accessibility devices available, English Subtitles, Hindi Language",3:35p,2026-10-02T15:35:00-04:00,False,90,83,v2-5c3afccfeef5c4b126fc122b73e944f9af5c930107ed8fc10a4b712466435140
aaesh,Showcase Cinema de Lux Lowell,Showcase,Boston,Standard,"Reserved seating, Closed caption, Accessibility devices available, English Subtitles, Hindi Language",10:00p,2026-10-02T22:00:00-04:00,False,90,79,v2-e753a311abdcd3aff00de3610e7f9d19d765aeac2157776f056c1a1be031adbb
aapnv,AMC Boston Common 19,AMC,Boston,Standard,"Laser at AMC, Reserved seating, Hindi Language",6:45p,2026-10-02T18:45:00-04:00,False,167,84,v2-274d8549041d2735bb0bd327e66a8c0594ce29866bc17b22f97b8af15bb20c2b
aapnv,AMC Boston Common 19,AMC,Boston,Standard,"Laser at AMC, Reserved seating, Hindi Language",9:45p,2026-10-02T21:45:00-04:00,False,190,157,v2-0919270b56345d6c8a1031a300476b27a22180047768e7ec9c6a84efa41aa4d2
aabbk,AMC Loews Liberty Tree Mall 20,AMC,Boston,Standard,"Laser at AMC, Reserved seating, Hindi Language, Recliner Seats",12:30p,2026-10-02T12:30:00-04:00,False,50,44,v2-326397e42e0eb4168dd8e024bf0f40bbe3d61f3e6bf63383ff726c4394d59fca
aabbk,AMC Loews Liberty Tree Mall 20,AMC,Boston,Standard,"Laser at AMC, Reserved seating, Hindi Language, Recliner Seats",6:00p,2026-10-02T18:00:00-04:00,False,46,42,v2-716a7e0f3cd7a828b4315db3f9f68ada973384901bdf4bd5088780d0336b23ca
aaoze,AMC Methuen 20,AMC,Boston,Standard,"Laser at AMC, Reserved seating, Hindi Language, Recliner Seats",12:30p,2026-10-02T12:30:00-04:00,False,134,129,v2-212d4ca216f229e9007dc083478ab9b60b91b08e784c1ac4e1ff63fd5b68b325
aaoze,AMC Methuen 20,AMC,Boston,Standard,"Laser at AMC, Reserved seating, Hindi Language, Recliner Seats",8:45p,2026-10-02T20:45:00-04:00,False,,,v2-c0aab5d60865eca264ad11d61d6992554a06ca07e68a3670c6ad604534030173
aaoze,AMC Methuen 20,AMC,Boston,Standard,"Laser at AMC, Reserved seating, Hindi Language, Recliner Seats",10:10p,2026-10-02T22:10:00-04:00,False,89,76,v2-5222dda6d9798cc375cd585b9152c82c0713b86529ec071c940603f09f616854
aadsi,AMC Framingham 16,AMC,Boston,Standard,"Laser at AMC, Reserved seating, Hindi Language, Recliner Seats",4:20p,2026-10-02T16:20:00-04:00,False,98,86,v2-455d03eb302c6e78eaa599b7ddd715510e36d2919822b60ed0d7eb5cfd48bc19
aadxg,Regal Solomon Pond,Regal,Boston,Standard,"Reserved seating, English Subtitles, Hindi Language, Stadium Seating",12:20p,2026-10-02T12:20:00-04:00,False,268,268,v2-7d90f5c3108211c9638bb464c1715920104b9ed16538a1abe52bbcd36b58fd00
aadxg,Regal Solomon Pond,Regal,Boston,Standard,"Reserved seating, English Subtitles, Hindi Language, Stadium Seating",7:55p,2026-10-02T19:55:00-04:00,False,268,252,v2-f34d403a626eeb596d0931b7172a918930bffcdb178a4bc7c72cb5c4827b4dbd
aatgl,Apple Cinemas Merrimack,Independent/Desi,Boston,Standard,"Reserved seating, Hindi Language",3:30p,2026-10-02T15:30:00-04:00,False,42,38,v2-abdedf5b8b0cfe5413a13d6a38278459b4f56fd171bbe5e47fd7806b0592ac23
aatgl,Apple Cinemas Merrimack,Independent/Desi,Boston,Standard,"Reserved seating, Hindi Language",6:30p,2026-10-02T18:30:00-04:00,False,59,56,v2-7d944a57eb4cca4de7a36dfeb21b316f537594c961b2fbb2af49c17eafa41d4e
aaezs,Regal Bellingham,Regal,Boston,Standard,"Reserved seating, English Subtitles, Hindi Language, Stadium Seating",12:40p,2026-10-02T12:40:00-04:00,False,151,148,v2-37eba966944b9266032c695faa761e2c2584a452aedc21d5813cc79e57826471
aaezs,Regal Bellingham,Regal,Boston,Standard,"Reserved seating, English Subtitles, Hindi Language, Stadium Seating",8:30p,2026-10-02T20:30:00-04:00,False,151,131,v2-98583d599e3869ed36b2e9cdf73b2900b47fa114c6cad78917fa5c89e75adede
aauoc,Apple Cinemas Hooksett IMAX,Independent/Desi,Boston,Standard,"Reserved seating, Recliner Seats, Hindi Language",10:00p,2026-10-02T22:00:00-04:00,False,35,28,v2-7f70e10f232031527bc226aa185c386b26a8f3fdcd1f570dd6f2431cec2a82a2
aanzk,Apple Cinemas Providence Place IMAX,Independent/Desi,Boston,Standard,"Reserved seating, Hindi Language",6:30p,2026-10-02T18:30:00-04:00,False,169,169,v2-552dd0e101699283ccfa473c052567b5b8863ad41a61d683c0757aef8d8528bf
aanzk,Apple Cinemas Providence Place IMAX,Independent/Desi,Boston,Standard,"Reserved seating, Hindi Language",9:45p,2026-10-02T21:45:00-04:00,False,169,165,v2-3691a69b89b4b578e7df6c3cebdce0cdc05461b2f961599a68952defafe25f52
aapmq,Apple Cinemas Warwick,Independent/Desi,Boston,Standard,"Reserved seating, Hindi Language",9:45p,2026-10-02T21:45:00-04:00,False,55,55,v2-541b41b377f5271b29dc666848c62b40166dde029d591e73ee3b094587340627
aaojm,AMC Plainville 20,AMC,Hartford/CT,Standard,"Reserved seating, Hindi Language, Recliner Seats",12:35p,2026-10-02T12:35:00-04:00,False,56,56,v2-c20e6a3f5a56e222cb10b556a05dffb5a7e3cf307240d76d69186c5dab33dcf1
aaojm,AMC Plainville 20,AMC,Hartford/CT,Standard,"Reserved seating, Hindi Language, Recliner Seats",4:05p,2026-10-02T16:05:00-04:00,False,56,56,v2-54dad69fdc8b1cbd557b4fe5463a12cf37cd841b523c1d7808bf114e62caee5a
aaojm,AMC Plainville 20,AMC,Hartford/CT,Standard,"Reserved seating, Hindi Language, Recliner Seats",7:35p,2026-10-02T19:35:00-04:00,False,56,43,v2-475ca73e98911fc63b135a9ca87ce62aa9876a44c5ceded0fb81ff7b87bf2045
aafuv,Cinemark Buckland Hills 18 XD and IMAX,Cinemark,Hartford/CT,Standard,"Reserved seating, Luxury Lounge Recliners, Hindi with English Subtitles",10:05a,2026-10-02T10:05:00-04:00,False,105,105,v2-d7ef1003e93e8774eed3d19bf214e78699497b6be089567f2b00433c2b6635f4
aafuv,Cinemark Buckland Hills 18 XD and IMAX,Cinemark,Hartford/CT,Standard,"Reserved seating, Luxury Lounge Recliners, Hindi with English Subtitles",3:05p,2026-10-02T15:05:00-04:00,False,104,104,v2-f6bd43b0944234d8be867384f4743c3ea8c69d47d90cbd73f7a4f4fe090ba2f3
aafuv,Cinemark Buckland Hills 18 XD and IMAX,Cinemark,Hartford/CT,Standard,"Reserved seating, Luxury Lounge Recliners, Hindi with English Subtitles",6:30p,2026-10-02T18:30:00-04:00,False,104,62,v2-9ba995ef97744fd89c55524250632f104c1b3ba7fd2f91c8ee4bf8075a1d2623
aafuv,Cinemark Buckland Hills 18 XD and IMAX,Cinemark,Hartford/CT,Standard,"Reserved seating, Luxury Lounge Recliners, Hindi with English Subtitles",9:55p,2026-10-02T21:55:00-04:00,False,104,63,v2-1dbc5384b61623b4a1ed26c085834fba80c9af3a10bc2468e955c20df3e7e384
aagdz,Apple Cinemas Brass Mill,Independent/Desi,Hartford/CT,Standard,"Reserved seating, Recliner Seats, Hindi Language",6:20p,2026-10-02T18:20:00-04:00,False,162,150,v2-684d536d7ceca8a23e8a7c6fe55e4cb325eb3fd35a05c50111733f5fdd646985
aagdz,Apple Cinemas Brass Mill,Independent/Desi,Hartford/CT,Standard,"Reserved seating, Hindi Language",2:15p,2026-10-02T14:15:00-04:00,False,111,106,v2-2704a3955343d2982a9863f9b13708200453563ec16839e9ecb6345f091f6848
aackt,Cinemark West Springfield 15,Cinemark,Hartford/CT,Standard,"Reserved seating, Luxury Lounge Recliners, Hindi with English Subtitles",3:45p,2026-10-02T15:45:00-04:00,False,101,101,v2-d76df2aa66956e89f57250976fa75eb9b01fa0c8af5569d63819c30556dbc577
aackt,Cinemark West Springfield 15,Cinemark,Hartford/CT,Standard,"Reserved seating, Luxury Lounge Recliners, Hindi with English Subtitles",10:00p,2026-10-02T22:00:00-04:00,False,101,87,v2-16059f58a9f0c6030e179aeadb10fe01db98898331976368e52cd2eb6c49a703
aapcq,Cinemark At Hampshire Mall and XD,Cinemark,Hartford/CT,Standard,"Reserved seating, Hindi with English Subtitles",6:05p,2026-10-02T18:05:00-04:00,False,162,160,v2-272848ed594bb2a3da84aa2a7708508f48285d59062e29b4eed269b838e249ae
aapcq,Cinemark At Hampshire Mall and XD,Cinemark,Hartford/CT,Standard,"Reserved seating, Hindi with English Subtitles",9:30p,2026-10-02T21:30:00-04:00,False,162,162,v2-fc18d86439e95c4ca47966577ab42e5ccb68d898c5f9877aebe426edf3778bee
aarcj,Cinemark Fairfax Corner and XD,Cinemark,Baltimore/DC,Standard,"Reserved seating, Luxury Lounge Recliners, Hindi with English Subtitles",4:20p,2026-10-02T16:20:00-04:00,False,102,90,v2-015bd0027b3c0f923edb54f03c44e6db001ff9d6644ac2c3793198419d3bd207
aarcj,Cinemark Fairfax Corner and XD,Cinemark,Baltimore/DC,Standard,"Reserved seating, Luxury Lounge Recliners, Hindi with English Subtitles",7:45p,2026-10-02T19:45:00-04:00,False,102,66,v2-57824765dccbe25eba62ccb35c46461a401fa53371bccfccafd4647fa340b32b
aarcj,Cinemark Fairfax Corner and XD,Cinemark,Baltimore/DC,Standard,"Reserved seating, Luxury Lounge Recliners, Hindi with English Subtitles",10:00p,2026-10-02T22:00:00-04:00,False,84,84,v2-c12de036e738b4d76e4ee1cb1ede2a6a05f31fe44b2e684ad10ba8ee21b6cc37
aacko,Cinemark Centreville,Cinemark,Baltimore/DC,Standard,"Reserved seating, Luxury Lounge Recliners, Hindi with English Subtitles",2:05p,2026-10-02T14:05:00-04:00,False,78,74,v2-79bfb0c788b07cab2d954f55e4dfbb0d482dc9048dfdde721e47a2a5b8c2be47
aacko,Cinemark Centreville,Cinemark,Baltimore/DC,Standard,"Reserved seating, Luxury Lounge Recliners, Hindi with English Subtitles",4:50p,2026-10-02T16:50:00-04:00,False,78,78,v2-715dda89b8e484a3898b9c2916094279e4c8b42e5ce7f775d846404f01b9e232
aacko,Cinemark Centreville,Cinemark,Baltimore/DC,Standard,"Reserved seating, Luxury Lounge Recliners, Hindi with English Subtitles",6:50p,2026-10-02T18:50:00-04:00,False,78,61,v2-e28258aa26184cfaa08ad998a273e2d869e0a2e79ea7b8b68d709fba9c11f284
aacko,Cinemark Centreville,Cinemark,Baltimore/DC,Standard,"Reserved seating, Luxury Lounge Recliners, Hindi with English Subtitles",10:05p,2026-10-02T22:05:00-04:00,False,78,78,v2-a53bf1ea5fb27e8e529fbb3333bb5a2881a4e978f72ff061ccba10fad8c946a6
aaxoe,AMC Loudoun Station 11,AMC,Baltimore/DC,Standard,"Reserved seating, Hindi Language, Recliner Seats",9:00p,2026-10-02T21:00:00-04:00,False,49,36,v2-cf12ee63bd60cb997d8a721cd709348296ba0b88fd0e651dc5b241cc9e64fa92
aauns,Regal Fox 4DX & IMAX,Regal,Baltimore/DC,Standard,"Reserved seating, English Subtitles, Recliner Seats, Hindi Language, Stadium Seating",12:05p,2026-10-02T12:05:00-04:00,False,86,80,v2-1512cb2708bc0cce0e3b715791fc439b4a8f49b0431b20f6b46432ae9f055c26
aauns,Regal Fox 4DX & IMAX,Regal,Baltimore/DC,Standard,"Reserved seating, English Subtitles, Hindi Language, Stadium Seating",3:00p,2026-10-02T15:00:00-04:00,False,299,296,v2-1976cfa4743a86b494913d0fa42aa4efb833ddaea149e309b3f1d1446778580d
aauns,Regal Fox 4DX & IMAX,Regal,Baltimore/DC,Standard,"Reserved seating, English Subtitles, Hindi Language, Stadium Seating",6:25p,2026-10-02T18:25:00-04:00,False,299,271,v2-2701875954a53509361080b025669ad0be697a422976eb5b78f062b94d9962ee
aauns,Regal Fox 4DX & IMAX,Regal,Baltimore/DC,Standard,"Reserved seating, English Subtitles, Hindi Language, Stadium Seating",9:50p,2026-10-02T21:50:00-04:00,False,299,284,v2-abe0ee99bbb20b3cdb394588094774dde52606a01666915d1dccdd003742aa50
aaxjh,AMC Montgomery 16 ,AMC,Baltimore/DC,Standard,"Laser at AMC, Reserved seating, Hindi Language, Recliner Seats",6:30p,2026-10-02T18:30:00-04:00,False,48,46,v2-d543fdbe155fd2238ed0bd65be1b875a23419f6da8eab88b762e9e6a69a91514
aaxjh,AMC Montgomery 16 ,AMC,Baltimore/DC,Standard,"Laser at AMC, Reserved seating, Hindi Language, Recliner Seats",10:00p,2026-10-02T22:00:00-04:00,False,48,46,v2-2f82350320e7a87f63b168195907ed9515418e3f5d091736d9c68eb7afaf73fc
aabxd,AMC Rio Cinemas 18,AMC,Baltimore/DC,Standard,"Laser at AMC, Reserved seating, Hindi Language, Recliner Seats",3:40p,2026-10-02T15:40:00-04:00,False,83,70,v2-83cc05d7f05079b0e8a4c751a1129fca54097c88b9543c2e3c650d148bca1c42
aabxd,AMC Rio Cinemas 18,AMC,Baltimore/DC,Standard,"Laser at AMC, Reserved seating, Hindi Language, Recliner Seats",7:15p,2026-10-02T19:15:00-04:00,False,83,33,v2-78802744125ec5ded8c5d60c26ca40831b890fbed6a6c10183262fd967fcca82
aaixz,Regal Rockville Center,Regal,Baltimore/DC,Standard,"Reserved seating, English Subtitles, Recliner Seats, Hindi Language, Stadium Seating",1:10p,2026-10-02T13:10:00-04:00,False,34,34,v2-e1e22fc2623d32ed41f620c9b62f052cb8005a5c0f4ff18cc3c763c84f8b6555
aaixz,Regal Rockville Center,Regal,Baltimore/DC,Standard,"Reserved seating, English Subtitles, Recliner Seats, Hindi Language, Stadium Seating",4:45p,2026-10-02T16:45:00-04:00,False,34,34,v2-ef6d099ce14662b588ba16ee12ed34002a6f9976c053239c0082c1acc5516c7b
aatuq,Regal Kingstowne ScreenX & RPX,Regal,Baltimore/DC,Standard,"Reserved seating, English Subtitles, Hindi Language, Stadium Seating, Laser Projection",1:00p,2026-10-02T13:00:00-04:00,False,154,154,v2-f2dbf20840fe61571a36f970a79ad8a4ebecb2ff1a1561fc2607fa736a672e33
aatuq,Regal Kingstowne ScreenX & RPX,Regal,Baltimore/DC,Standard,"Reserved seating, English Subtitles, Hindi Language, Stadium Seating, Laser Projection",4:40p,2026-10-02T16:40:00-04:00,False,154,154,v2-f7f43afbeed990b306a07269a8e2d035ce10084a1f579be05a088a30fdf96aad
aatuq,Regal Kingstowne ScreenX & RPX,Regal,Baltimore/DC,Standard,"Reserved seating, English Subtitles, Hindi Language, Stadium Seating, Laser Projection",8:20p,2026-10-02T20:20:00-04:00,False,154,152,v2-09ecfd7edf9580335cb1c838ce7de6a640eee7062aeb16f89531f608d7e80a50
aapnj,AMC Hoffman Center 22,AMC,Baltimore/DC,Standard,"Laser at AMC, Reserved seating, Hindi Language",6:15p,2026-10-02T18:15:00-04:00,False,182,160,v2-0571f6756a19a6ed57d79c8fb64a96052e7c656e323093057531a0176a7dc45d
aadar,AMC Potomac Mills 18,AMC,Baltimore/DC,Standard,"Laser at AMC, Reserved seating, Hindi Language",6:00p,2026-10-02T18:00:00-04:00,False,92,84,v2-0139ce3a3a1f92d21aaf192c46104557d09c1eda8632e46bdb11b5a165bdcfc2
aaron,Regal Majestic & IMAX,Regal,Baltimore/DC,Standard,"Reserved seating, English Subtitles, Recliner Seats, Hindi Language, Stadium Seating",12:50p,2026-10-02T12:50:00-04:00,False,129,128,v2-5ad57c65bf8e0ca0cbe9262b843eb638524052887725dd41921292fafcac1b86
aaron,Regal Majestic & IMAX,Regal,Baltimore/DC,Standard,"Reserved seating, English Subtitles, Recliner Seats, Hindi Language, Stadium Seating",4:35p,2026-10-02T16:35:00-04:00,False,129,126,v2-bffc9475cf41e838d83fddf9426a5462e5f717927dfd5fa8689e87dff3a0ac14
aaron,Regal Majestic & IMAX,Regal,Baltimore/DC,Standard,"Reserved seating, English Subtitles, Recliner Seats, Hindi Language, Stadium Seating",8:10p,2026-10-02T20:10:00-04:00,False,129,125,v2-ac960c2948cb6fad6278a786d16032a9509b08dac32fa2178db460f544e390b0
aarem,AMC Columbia 14,AMC,Baltimore/DC,Standard,"Laser at AMC, Reserved seating, Hindi Language",9:30p,2026-10-02T21:30:00-04:00,False,102,78,v2-859afe8fcbd0c6bed6561a03329b4e642219aa67546e356f9d45e3bd0c9a4d07
aapdl,Cinemark Egyptian 24 and XD,Cinemark,Baltimore/DC,Standard,"Reserved seating, Luxury Lounge Recliners, Hindi with English Subtitles",4:05p,2026-10-02T16:05:00-04:00,False,54,35,v2-e8787baddb97bea81555c096972d5a8e65a24f7ba7d56f8d5fa63bf33ca135f3
aapdl,Cinemark Egyptian 24 and XD,Cinemark,Baltimore/DC,Standard,"Reserved seating, Luxury Lounge Recliners, Hindi with English Subtitles",6:30p,2026-10-02T18:30:00-04:00,False,103,103,v2-f03ecb9b2e573c7a639d29f998ef141d8d7e81c67c0a5a2fa8148cbeca358821
aapdl,Cinemark Egyptian 24 and XD,Cinemark,Baltimore/DC,Standard,"Reserved seating, Luxury Lounge Recliners, Hindi with English Subtitles",7:30p,2026-10-02T19:30:00-04:00,False,54,21,v2-dcb0aa611c2211710ae96100625a2e44dec17cb3c0ba6d1c823d3c3c1590725e
aapdl,Cinemark Egyptian 24 and XD,Cinemark,Baltimore/DC,Standard,"Reserved seating, Luxury Lounge Recliners, Hindi with English Subtitles",10:55p,2026-10-02T22:55:00-04:00,False,54,43,v2-87c9d3d82a5437dee1929d8c598a750552be23f8385794a235dd9ec980ec9f29
aalhh,AMC Owings Mills 17,AMC,Baltimore/DC,Standard,"Laser at AMC, Reserved seating, Hindi Language, Heated AMC Signature Recliners",7:00p,2026-10-02T19:00:00-04:00,False,55,31,v2-863fee636576a1bf8426a8df25cd46176c6ab56877e3251b1da09ed165849332
aaphs,Regal Short Pump,Regal,Richmond/VA,Standard,"Reserved seating, English Subtitles, Hindi Language, Stadium Seating, Laser Projection",11:45a,2026-10-02T11:45:00-04:00,False,107,107,v2-25e5e81f70aef0235018ffa4ba0fe9b70e423bcca5917e751c4c5aeb1ed49b2a
aaphs,Regal Short Pump,Regal,Richmond/VA,Standard,"Reserved seating, English Subtitles, Hindi Language, Stadium Seating, Laser Projection",3:15p,2026-10-02T15:15:00-04:00,False,107,107,v2-1ee24fb15f36d8d3388216eded7dff2d42236c14e663cc37b8b628055f164db2
aaphs,Regal Short Pump,Regal,Richmond/VA,Standard,"Reserved seating, English Subtitles, Hindi Language, Stadium Seating, Laser Projection",5:30p,2026-10-02T17:30:00-04:00,False,107,102,v2-3443677bedf2c0afee36d9953bcd61287f8e843f7f11a5ff25066c1fa5726907
aaphs,Regal Short Pump,Regal,Richmond/VA,Standard,"Reserved seating, English Subtitles, Hindi Language, Stadium Seating, Laser Projection",10:00p,2026-10-02T22:00:00-04:00,False,107,102,v2-0d991c64f66196013fbb3a689a715237e75c7cc3f37bab6c3e47582f94bdbe72
aaepq,Regal Virginia Center,Regal,Richmond/VA,Standard,"Reserved seating, English Subtitles, Hindi Language, Stadium Seating",1:15p,2026-10-02T13:15:00-04:00,False,126,126,v2-e92c361b98f3780f284dce4a9c08f72ec79e6aa52188446b4fdf88747021fa33
aaepq,Regal Virginia Center,Regal,Richmond/VA,Standard,"Reserved seating, English Subtitles, Hindi Language, Stadium Seating",4:40p,2026-10-02T16:40:00-04:00,False,126,121,v2-368c7cf3c3c74956ab68253ebf6c4dc809a2061f15ebcdd9b87cfbea0295d12a
aaepq,Regal Virginia Center,Regal,Richmond/VA,Standard,"Reserved seating, English Subtitles, Hindi Language, Stadium Seating",8:05p,2026-10-02T20:05:00-04:00,False,126,126,v2-1dbbd91f5f9859a80541b93dc57b968674d9ab20bdbf4ab0ba45b69ae8cc5f65
aaowm,Regal Commonwealth & IMAX,Regal,Richmond/VA,Standard,"Reserved seating, English Subtitles, Hindi Language, Stadium Seating, Laser Projection",2:55p,2026-10-02T14:55:00-04:00,False,138,135,v2-9b3d827724cf885a2ff40123c42453c3433903e66fa5d8eb088a50c1da234e81
aaowm,Regal Commonwealth & IMAX,Regal,Richmond/VA,Standard,"Reserved seating, English Subtitles, Hindi Language, Stadium Seating, Laser Projection",9:50p,2026-10-02T21:50:00-04:00,False,188,188,v2-53a1ad28952f7e4559a65309c76d762beccf5200efc1d165ae52b6b85dc2000e
aadaq,AMC Lynnhaven 18,AMC,Richmond/VA,Standard,"Laser at AMC, Reserved seating, Hindi Language",7:10p,2026-10-02T19:10:00-04:00,False,120,93,v2-d103327228d8996945578f26d87b2412f09c80726f33003736fde6abd803719b
aaxgd,Cinemark City Center and XD,Cinemark,Richmond/VA,Standard,"Reserved seating, Luxury Lounge Recliners, Hindi with English Subtitles",7:05p,2026-10-02T19:05:00-04:00,False,48,41,v2-ef0b372c0a9624eef3a49a7f089215d4b4dea412f4bc5e6683766c7c5f744044
aaxgd,Cinemark City Center and XD,Cinemark,Richmond/VA,Standard,"Reserved seating, Luxury Lounge Recliners, Hindi with English Subtitles",10:30p,2026-10-02T22:30:00-04:00,False,48,48,v2-ab7bc645614fea78908bcd64ed1aa99d33db6be3cccc1d8131ee8b7dea448c72
aaguq,AMC Park Place 16,AMC,N Carolina,Standard,"Reserved seating, Hindi Language, Heated AMC Signature Recliners",1:15p,2026-10-02T13:15:00-04:00,False,42,29,v2-433bd40a11262b2bed0880cd8177241e3d4c5db368855d4598437e61307a30fd
aaxmx,Hooky Entertainment Cary,Independent/Desi,N Carolina,Standard,Reserved seating,10:35a,2026-10-02T10:35:00-04:00,False,147,106,v2-ab28c5c8c8caf02679917783dccce6bbbc7bf014971e7385c58f5e541553ee49
aaxmx,Hooky Entertainment Cary,Independent/Desi,N Carolina,Standard,Reserved seating,2:15p,2026-10-02T14:15:00-04:00,False,147,106,v2-eb9e1bf74a32e01ed1abffd88db329911c9d621e3ea18cb742ceeb560a6cb2b7
aaxmx,Hooky Entertainment Cary,Independent/Desi,N Carolina,Standard,Reserved seating,6:05p,2026-10-02T18:05:00-04:00,False,147,93,v2-7ab3e3739ec0a45b1460cb8ec97bb5ad27220f012dddc420c771c69a83a5883a
aaxmx,Hooky Entertainment Cary,Independent/Desi,N Carolina,Standard,Reserved seating,9:40p,2026-10-02T21:40:00-04:00,False,147,99,v2-b44ea68d447912602d15ba16b5b1ce5e137041061c782f051724fcaf0dc40974
aaonh,Regal Crossroads - Cary,Regal,N Carolina,Standard,"Reserved seating, English Subtitles, Hindi Language, Stadium Seating",4:45p,2026-10-02T16:45:00-04:00,False,140,137,v2-0a4d7b5f238d2a184c3f07774474ab3a406b01634e4eb9317e09f68d9083e135
aaqwe,Regal Brier Creek,Regal,N Carolina,Standard,"Reserved seating, English Subtitles, Recliner Seats, Hindi Language, Stadium Seating, Laser Projection",12:20p,2026-10-02T12:20:00-04:00,False,49,44,v2-1e36cec2e4effbd21a336b2d5a57c0ca6e0f0260452dcbcb98e199857f8d9e3c
aaqwe,Regal Brier Creek,Regal,N Carolina,Standard,"Reserved seating, English Subtitles, Recliner Seats, Hindi Language, Stadium Seating, Laser Projection",4:05p,2026-10-02T16:05:00-04:00,False,49,49,v2-22ea421537467a7dab1ce248fbf450f0b0d5fe08c5057b41272a5e59f4f2ac0e
aavbo,Cinemark Bistro Raleigh,Cinemark,N Carolina,Standard,"Reserved seating, Luxury Lounge Recliners, Hindi with English Subtitles",7:15p,2026-10-02T19:15:00-04:00,False,52,40,v2-61424cc523b30b528ed79e1b48959e7f279ae33e788b668dcaf9a5852613c989
aavbo,Cinemark Bistro Raleigh,Cinemark,N Carolina,Standard,"Reserved seating, Luxury Lounge Recliners, Hindi with English Subtitles",10:40p,2026-10-02T22:40:00-04:00,False,52,50,v2-1d3a3c1cfdc2218bf1e9d0a87ad9e2362398bb12e6d11ee97069fabf97438990
aawwx,AMC Southpoint 17,AMC,N Carolina,Standard,"Reserved seating, Hindi Language, Heated AMC Signature Recliners",6:30p,2026-10-02T18:30:00-04:00,False,77,29,v2-d413c7768913977bb4c3e8b911d1d868a067e463d6f0ee0f01c229430c6a1c58
aawwx,AMC Southpoint 17,AMC,N Carolina,Standard,"Reserved seating, Hindi Language, Adult Supervision Required, Heated AMC Signature Recliners",10:30p,2026-10-02T22:30:00-04:00,False,136,126,v2-04d18e1dab0f644542da6c8d16fb27fdf124dac7b25c54132d69e95dc3ef555e
aaixy,Regal Stonecrest at Piper Glen,Regal,N Carolina,Standard,"Reserved seating, English Subtitles, Recliner Seats, Hindi Language, Stadium Seating",12:15p,2026-10-02T12:15:00-04:00,False,70,66,v2-a31c32d9f9299c68a33dd5bf16d381368915e737e31d57b44ffb9a52762560ae
aaixy,Regal Stonecrest at Piper Glen,Regal,N Carolina,Standard,"Reserved seating, English Subtitles, Recliner Seats, Hindi Language, Stadium Seating",3:40p,2026-10-02T15:40:00-04:00,False,70,67,v2-4973419be1929ced2ae4defc632964cb3b6f1db58f69960de576371a38bd08c5
aaixy,Regal Stonecrest at Piper Glen,Regal,N Carolina,Standard,"Reserved seating, English Subtitles, Recliner Seats, Hindi Language, Stadium Seating",7:05p,2026-10-02T19:05:00-04:00,False,70,32,v2-50016aef972db014fdc201e956ed3b942914e9eb1bb23e9284d1083276c68fe8
aaixy,Regal Stonecrest at Piper Glen,Regal,N Carolina,Standard,"Reserved seating, English Subtitles, Recliner Seats, Hindi Language, Stadium Seating",10:20p,2026-10-02T22:20:00-04:00,False,70,51,v2-fc8008c4d7856748d856ba3ee4ddeaa692d08d9d7e173efb48742105e61d85df
aayjc,Stone Theatres Redstone 14 Cinemas,Independent/Desi,N Carolina,Standard,"Reserved seating, Digital, Hindi Language",8:30p,2026-10-02T20:30:00-04:00,False,73,61,v2-7676d58aeee49a8b4072b5557897562f6c31d8dde6ab3e159736bc9236a81eac
aacca,AMC Carolina Pavilion 22,AMC,N Carolina,Standard,"Reserved seating, Hindi Language, Recliner Seats, Adult Supervision Required",10:05p,2026-10-02T22:05:00-04:00,False,50,25,v2-82a7af1254bda6312add0619cf6e9c1837a1534e059e1cfcedc5751e5bae064b
aavbq,Cinemark Bistro Charlotte,Cinemark,N Carolina,Standard,"Reserved seating, Luxury Lounge Recliners, Hindi with English Subtitles",6:40p,2026-10-02T18:40:00-04:00,False,76,66,v2-397952b4f70cdf1fc240d697658d70f6544ab543fb4742a64d7b94f0e3ca2c03
aavbq,Cinemark Bistro Charlotte,Cinemark,N Carolina,Standard,"Reserved seating, Luxury Lounge Recliners, Hindi with English Subtitles",10:05p,2026-10-02T22:05:00-04:00,False,76,73,v2-6062f1a83622f09e50210569e42c314d21ce92d85e4b803f49d3965976fdf927
aafzk,Regal Starlight - Charlotte,Regal,N Carolina,Standard,"Reserved seating, English Subtitles, Recliner Seats, Hindi Language, Stadium Seating, Laser Projection",2:20p,2026-10-02T14:20:00-04:00,False,45,45,v2-81254dece1316c3b61c49d7edb57fc71272ffb9a63aebbce2895184f82f72754
aafzk,Regal Starlight - Charlotte,Regal,N Carolina,Standard,"Reserved seating, English Subtitles, Recliner Seats, Hindi Language, Stadium Seating, Laser Projection",6:00p,2026-10-02T18:00:00-04:00,False,45,45,v2-e9396dd11854a249a48537013f34957f1bd0a5913a960d0eb4e174074c1a09b2
aafzk,Regal Starlight - Charlotte,Regal,N Carolina,Standard,"Reserved seating, English Subtitles, Recliner Seats, Hindi Language, Stadium Seating, Laser Projection",9:40p,2026-10-02T21:40:00-04:00,False,45,45,v2-d984f39f82256cb09b83c3785b5d23e2716113ff626baf40b30742517dfb8ec8
aatvt,AMC Northlake 14,AMC,N Carolina,Standard,"Reserved seating, Hindi Language, Adult Supervision Required, Heated AMC Signature Recliners",4:35p,2026-10-02T16:35:00-04:00,False,88,79,v2-f2aa20fe4d64b601972365101b774876bac8ba2e885fc5400410252ad510aef2
aatvt,AMC Northlake 14,AMC,N Carolina,Standard,"Reserved seating, Hindi Language, Adult Supervision Required, Heated AMC Signature Recliners",10:15p,2026-10-02T22:15:00-04:00,False,88,82,v2-938ba1b74ce62302336229114de4140fc97e69bf58be159c62b4d97403421ce2
aanqm,AMC Concord Mills 24,AMC,N Carolina,Standard,"Hindi Language, Recliner Seats, Adult Supervision Required, Laser at AMC, Reserved seating",6:45p,2026-10-02T18:45:00-04:00,False,51,20,v2-a8a87c829c9d4fbe379c9718630338e956cf94ac6c470eac6c88a099b903d013
aanqm,AMC Concord Mills 24,AMC,N Carolina,Standard,"Hindi Language, Recliner Seats, Adult Supervision Required, Laser at AMC, Reserved seating",10:00p,2026-10-02T22:00:00-04:00,False,93,39,v2-b05c82fc7afafbc158651cba65e94307cacfe3630ba6db0cf7d7bb2e02715bc4
aanqm,AMC Concord Mills 24,AMC,N Carolina,Standard,"Hindi Language, Recliner Seats, Adult Supervision Required, Laser at AMC, Reserved seating",10:15p,2026-10-02T22:15:00-04:00,False,135,127,v2-9c081ed36c2572860c1f2a0a8e8389f7052954ea181364c3706304e2f99643b6
aalxf,AMC Harbison 14,AMC,S Carolina,Standard,"Reserved seating, Hindi Language, Heated AMC Signature Recliners",12:40p,2026-10-02T12:40:00-04:00,False,57,55,v2-34dc76b8bf48261677d3da533c5a13b0abbe617247d6894de89b2b443eea322c
aalxf,AMC Harbison 14,AMC,S Carolina,Standard,"Reserved seating, Hindi Language, Heated AMC Signature Recliners",9:50p,2026-10-02T21:50:00-04:00,False,41,41,v2-8d64bed6ef87fc50694e1c650888b43073017060d14c23758a089b9dceef2840
aarek,Regal Azalea Square,Regal,S Carolina,Standard,"Reserved seating, English Subtitles, Hindi Language, Stadium Seating, Laser Projection",12:25p,2026-10-02T12:25:00-04:00,False,71,71,v2-e91ef19cf5c4cd39a7e0cf051fd322111d91be179bee5f97b8c42bdee3e44c02
aarek,Regal Azalea Square,Regal,S Carolina,Standard,"Reserved seating, English Subtitles, Hindi Language, Stadium Seating, Laser Projection",4:15p,2026-10-02T16:15:00-04:00,False,71,71,v2-abd355671a552021545cb2122ca4f4460a1f85ce44d3a26d096ee050c73d5f5e
aarek,Regal Azalea Square,Regal,S Carolina,Standard,"Reserved seating, English Subtitles, Hindi Language, Stadium Seating, Laser Projection",8:00p,2026-10-02T20:00:00-04:00,False,71,71,v2-9470ba9dcd0deea18890c60168a8ea116d8a4925bdf50b2cbd8bb95355c3643d
aaerb,Regal Hollywood - Greenville,Regal,S Carolina,Standard,"Reserved seating, English Subtitles, Hindi Language, Stadium Seating, Laser Projection",2:10p,2026-10-02T14:10:00-04:00,False,131,129,v2-e9ca8df724d81d8558037089373c3d865fb0e7d66b0cb8aac7a86a8cb11bf8f3
aaerb,Regal Hollywood - Greenville,Regal,S Carolina,Standard,"Reserved seating, English Subtitles, Hindi Language, Stadium Seating, Laser Projection",5:50p,2026-10-02T17:50:00-04:00,False,131,122,v2-883b3189b292ef32e9dfdafd45ee7b00d39b1a022c3389de09cd5e678ed127b4
aaerb,Regal Hollywood - Greenville,Regal,S Carolina,Standard,"Reserved seating, English Subtitles, Hindi Language, Stadium Seating, Laser Projection",9:25p,2026-10-02T21:25:00-04:00,False,131,127,v2-191652058a66a8b439e53050a67fec5cc72b55ce17508b5c5538fe7073696559
aarms,Regal Spartan,Regal,S Carolina,Standard,"Reserved seating, English Subtitles, Hindi Language, Stadium Seating, Laser Projection",1:20p,2026-10-02T13:20:00-04:00,False,148,148,v2-d8871330e23da5876b7df9e69fed6454c1f458008d8a6bdc93ec27c5d7d63f66
aarms,Regal Spartan,Regal,S Carolina,Standard,"Reserved seating, English Subtitles, Hindi Language, Stadium Seating, Laser Projection",5:00p,2026-10-02T17:00:00-04:00,False,148,148,v2-6c98341b89f9166a75f1fbc74df3d80cf1472a880cf5e8b23863d9131ae21a96
aarms,Regal Spartan,Regal,S Carolina,Standard,"Reserved seating, English Subtitles, Hindi Language, Stadium Seating, Laser Projection",8:30p,2026-10-02T20:30:00-04:00,False,148,148,v2-8f6e7667186ce6564f33761ad96ad18336952c53b474184d04f846ec2a49f4fe
aamem,Regal Medlock Crossing,Regal,Georgia,Standard,"Reserved seating, English Subtitles, Recliner Seats, Hindi Language, Stadium Seating",2:30p,2026-10-02T14:30:00-04:00,False,100,96,v2-e86003a9984c9f6a109ff12cd8d317acad8048b74ed1da0a71f83ac2612a3a03
aamem,Regal Medlock Crossing,Regal,Georgia,Standard,"Reserved seating, English Subtitles, Recliner Seats, Hindi Language, Stadium Seating",6:10p,2026-10-02T18:10:00-04:00,False,100,72,v2-580cca10240680e53547ccf409d649bf7a9d96fb3b8648156fb0123e67a8aa6b
aamem,Regal Medlock Crossing,Regal,Georgia,Standard,"Reserved seating, English Subtitles, Recliner Seats, Hindi Language, Stadium Seating",9:50p,2026-10-02T21:50:00-04:00,False,100,54,v2-e93a60be19efb42670507929120496b4563fd4b417556dad632a800314766830
aamem,Regal Medlock Crossing,Regal,Georgia,Standard,"Reserved seating, English Subtitles, Recliner Seats, Hindi Language, Stadium Seating, Laser Projection",3:05p,2026-10-02T15:05:00-04:00,False,186,184,v2-b3441e310cdcdb8c79b3afda0eb7664ecf5cb4d5446f33102d7ee89761d31dda
aamem,Regal Medlock Crossing,Regal,Georgia,Standard,"Reserved seating, English Subtitles, Recliner Seats, Hindi Language, Stadium Seating, Laser Projection",6:50p,2026-10-02T18:50:00-04:00,False,186,120,v2-cd0d4b36351da390a02bd649cfb0d7f5ce299a30353bda47d89f6ef593a7d185
aamem,Regal Medlock Crossing,Regal,Georgia,Standard,"Reserved seating, English Subtitles, Recliner Seats, Hindi Language, Stadium Seating, Laser Projection",10:35p,2026-10-02T22:35:00-04:00,False,186,140,v2-8ca9efb5cf3695a5d43d96e535c9d1e8b25c43a7f5fc80f1e182b4da6a1fb3e1
aaxie,Regal Avalon,Regal,Georgia,Standard,"Reserved seating, English Subtitles, Recliner Seats, Hindi Language, Stadium Seating, Laser Projection",10:25a,2026-10-02T10:25:00-04:00,False,73,69,v2-0197b363868b32fbcb5fa6678f1558663629784e3b2265e0cb6607960399dab3
aaxie,Regal Avalon,Regal,Georgia,Standard,"Reserved seating, English Subtitles, Recliner Seats, Hindi Language, Stadium Seating, Laser Projection",2:05p,2026-10-02T14:05:00-04:00,False,73,64,v2-5a234995f6fe871c002bf59dbb4fac9940d216143ba7d22793e3f62e697cb65e
aarel,AMC Sugarloaf Mills 18,AMC,Georgia,Standard,"Hindi Language, Adult Supervision Required, Laser at AMC, Reserved seating",9:20p,2026-10-02T21:20:00-04:00,False,104,83,v2-f34b2855fd0c9da74b565129fb6238e2ee08ee1a3ce15b9b09ef5c7664e143dc
aaxbw,AMC North Point Mall 12,AMC,Georgia,Standard,"Laser at AMC, Reserved seating, Hindi Language, Recliner Seats",8:50p,2026-10-02T20:50:00-04:00,False,64,35,v2-a09a5f5a6eedb2f9b02aa8e610a28209403e6d353bb1a79ab12253f9fd97e01b
aauuq,AMC Avenue Forsyth 12,AMC,Georgia,Standard,"Laser at AMC, Reserved seating, Hindi Language",8:45p,2026-10-02T20:45:00-04:00,False,170,109,v2-c7fa7d954b86b3162c8248f233d7be6ef9230f1bcbb90a5e9f5fd4065999a3f9
aauuq,AMC Avenue Forsyth 12,AMC,Georgia,Standard,"Laser at AMC, Reserved seating, Hindi Language",10:15p,2026-10-02T22:15:00-04:00,False,120,109,v2-251be8dc0dd315677f30fc6b4a7456d32424c984aaae9a08a9498a161a3cafa0
aadci,AMC Colonial 18,AMC,Georgia,Standard,"Laser at AMC, Reserved seating, Hindi Language, Recliner Seats",7:30p,2026-10-02T19:30:00-04:00,False,46,24,v2-6cbf68de817c84e9b867ef8f5e22d5c967a029cc0278b5a8020a57c6ecf852b7
aadci,AMC Colonial 18,AMC,Georgia,Standard,"Laser at AMC, Reserved seating, Hindi Language, Recliner Seats, Adult Supervision Required",10:40p,2026-10-02T22:40:00-04:00,False,106,101,v2-385b9c46849a1d8132afb68d3a919e3451b6542611f697ce0a4e7b74d706b5cf
aankx,Regal Mall of Georgia,Regal,Georgia,Standard,"Reserved seating, English Subtitles, Hindi Language, Stadium Seating, Laser Projection",11:10a,2026-10-02T11:10:00-04:00,False,251,251,v2-b551f93e86ffe603ad637956aa898c17ddd278519147d789e5401f7175e6c205
aankx,Regal Mall of Georgia,Regal,Georgia,Standard,"Reserved seating, English Subtitles, Hindi Language, Stadium Seating, Laser Projection",2:45p,2026-10-02T14:45:00-04:00,False,251,251,v2-fab887cf0ed28b2f080cbf6ee4099ae389747689b07f1ce217b9a49499282972
aankx,Regal Mall of Georgia,Regal,Georgia,Standard,"Reserved seating, English Subtitles, Hindi Language, Stadium Seating, Laser Projection",6:20p,2026-10-02T18:20:00-04:00,False,251,245,v2-53632eacc42c14d38c772c04f70788778ca94645ef65a1f83fc3ad8ecbc30254
aankx,Regal Mall of Georgia,Regal,Georgia,Standard,"Reserved seating, English Subtitles, Hindi Language, Stadium Seating, Laser Projection",9:55p,2026-10-02T21:55:00-04:00,False,251,251,v2-47a083867989e55818391aa1e2ef671c8cfd8ef86235bafbb12137b1e8a678bd
aadit,Regal Perimeter Pointe,Regal,Georgia,Standard,"Reserved seating, English Subtitles, Hindi Language, Stadium Seating",1:50p,2026-10-02T13:50:00-04:00,False,272,272,v2-c1b4e26ebb7ac7e70a66ad9238ff3ce1682710ad974f084caa9558cbbb4db1d7
aadit,Regal Perimeter Pointe,Regal,Georgia,Standard,"Reserved seating, English Subtitles, Hindi Language, Stadium Seating",5:15p,2026-10-02T17:15:00-04:00,False,272,269,v2-34d38d8c55f9ab691a8ae3f0711535ba7ba125ab8bfe3e47e62429f463fed2fb
aadit,Regal Perimeter Pointe,Regal,Georgia,Standard,"Reserved seating, English Subtitles, Hindi Language, Stadium Seating",8:30p,2026-10-02T20:30:00-04:00,False,272,266,v2-7becc9716ccf2fb3d9d78d30424d8a48411086e7cde15648b302365f2e70b6c4
aayal,AMC DINE-IN Webb Gin 11,AMC,Georgia,Standard,"Laser at AMC, Reserved seating, Hindi Language, Recliner Seats, Dine-In , Dine-In Delivery to Seat",9:55p,2026-10-02T21:55:00-04:00,False,76,52,v2-bed48a0ce8fbd2ce36ca719e9dea13ced8cda30d00b78216a3735c0deabea5d1
aaktp,AMC Parkway Pointe 15,AMC,Georgia,Standard,"Laser at AMC, Reserved seating, Hindi Language, Recliner Seats, Adult Supervision Required",6:00p,2026-10-02T18:00:00-04:00,False,117,96,v2-28abd1497d1a7a6e7456405b4e4d3a0fca7b2ad87234ba1c8772880d655f6d0a
aaktp,AMC Parkway Pointe 15,AMC,Georgia,Standard,"Laser at AMC, Reserved seating, Hindi Language, Recliner Seats, Adult Supervision Required",9:40p,2026-10-02T21:40:00-04:00,False,45,42,v2-b3e9b8a0bd2223ab30a6f861c76f4223771140cc52dd564b61738592be65983c
aanjn,AMC Barrett Commons 14,AMC,Georgia,Standard,"Laser at AMC, Reserved seating, Hindi Language, Heated AMC Signature Recliners",3:30p,2026-10-02T15:30:00-04:00,False,49,44,v2-d74a1c10e4b5fb79ad1663aa1b1be4a8710d73fa1cb578977a2f1b7e729da58c
aanjn,AMC Barrett Commons 14,AMC,Georgia,Standard,"Laser at AMC, Reserved seating, Hindi Language, Heated AMC Signature Recliners",6:30p,2026-10-02T18:30:00-04:00,False,70,55,v2-bcf064a48183bbc48739cd340a1a0ca1eb56d69ace1c016d8d57104fdc8b79c6
aaevw,Regal Cherokee,Regal,Georgia,Standard,"Reserved seating, English Subtitles, Recliner Seats, Hindi Language, Stadium Seating, Laser Projection",1:45p,2026-10-02T13:45:00-04:00,False,51,51,v2-ab62a8d34a19bbba92d842241d55a0f921451e7c6466cba6169feb491b77fdcc
aaevw,Regal Cherokee,Regal,Georgia,Standard,"Reserved seating, English Subtitles, Recliner Seats, Hindi Language, Stadium Seating, Laser Projection",5:15p,2026-10-02T17:15:00-04:00,False,51,51,v2-8229e047df67783fb3814c75b5c6a0970f56f96ebb1301073ad31f42d875625d
aaevw,Regal Cherokee,Regal,Georgia,Standard,"Reserved seating, English Subtitles, Recliner Seats, Hindi Language, Stadium Seating, Laser Projection",8:40p,2026-10-02T20:40:00-04:00,False,51,47,v2-bda94d724aef779e979c093392523d1ded0325f5627bef273cdf49cf519434de
aaegn,AMC Southlake 24,AMC,Georgia,Standard,"Laser at AMC, Reserved seating, Hindi Language, Recliner Seats",8:10p,2026-10-02T20:10:00-04:00,False,39,19,v2-8c5ae09ed72c71d849051c1e2580734c251952cc6f67a816add357cb36718623
aaegn,AMC Southlake 24,AMC,Georgia,Standard,"Laser at AMC, Reserved seating, Hindi Language, Recliner Seats, Adult Supervision Required",9:00p,2026-10-02T21:00:00-04:00,False,37,30,v2-aa886d87d778b4af7aec96fed18795fe84782583e5368afc05e75f2edcb4d7b9
aaegn,AMC Southlake 24,AMC,Georgia,Standard,"Laser at AMC, Reserved seating, Hindi Language, Recliner Seats, Adult Supervision Required",11:00p,2026-10-02T23:00:00-04:00,False,40,40,v2-c93a698ce05bfb0c8fa902c583ca61bb60f124d8ae7dbea8097e51872b173f40
aaiti,Cinemark Tinseltown Fayetteville 17 and XD,Cinemark,Georgia,Standard,"Reserved seating, Luxury Lounge Recliners, Hindi with English Subtitles",7:15p,2026-10-02T19:15:00-04:00,False,51,45,v2-4c1168bdc089b83f35ffeeb349fd02fcce9bf60c3f02a09c325fd68e3c4075bc
aaiti,Cinemark Tinseltown Fayetteville 17 and XD,Cinemark,Georgia,Standard,"Reserved seating, Luxury Lounge Recliners, Hindi with English Subtitles",10:40p,2026-10-02T22:40:00-04:00,False,51,51,v2-95a40f5cb400480769efa39d1c806cfd301addb962a184276560f4409e6e129a
aanqu,Regal Arbor Place,Regal,Georgia,Standard,"Reserved seating, English Subtitles, Hindi Language, Stadium Seating",1:20p,2026-10-02T13:20:00-04:00,False,133,133,v2-3a810c94cec8084d0431f4dea910b55f35978b33ddecbbe6b0f4979031133886
aanqu,Regal Arbor Place,Regal,Georgia,Standard,"Reserved seating, English Subtitles, Hindi Language, Stadium Seating",5:20p,2026-10-02T17:20:00-04:00,False,133,133,v2-1cbdfd18bf55d15c167ca3a96c790a632439d7b3f6a4c4d7d413925ab4fc9f62
aanqu,Regal Arbor Place,Regal,Georgia,Standard,"Reserved seating, English Subtitles, Hindi Language, Stadium Seating",9:20p,2026-10-02T21:20:00-04:00,False,133,133,v2-fcaba042848c242ccaffb3f35717c77a23148483e1861fc6ad744ad5c41ce659
aarda,AMC Columbus Park 15,AMC,Georgia,Standard,"Reserved seating, Hindi Language, Adult Supervision Required",10:00p,2026-10-02T22:00:00-04:00,False,128,128,v2-a81f7c3e1168a8c8d5d2970bef1e599b463161c8f3b4d506b9a8a7515e90d81c
aalny,AMC Ritz 13,AMC,Georgia,Standard,"Reserved seating, Recliner Seats, Hindi Language, Recliner Seats",10:00a,2026-10-02T10:00:00-04:00,False,35,34,v2-a9321666a8ede84f4ac0ec554b60db755cf76c462ef5f68f30e02a5a2c590cbd
aalny,AMC Ritz 13,AMC,Georgia,Standard,"Reserved seating, Recliner Seats, Hindi Language, Recliner Seats",12:55p,2026-10-02T12:55:00-04:00,False,35,33,v2-78f2149498e1084d80142f1c41bd88d38ded7129562b8bc0bb4e305d5be11152
aanqx,Regal Augusta Exchange,Regal,Georgia,Standard,"Reserved seating, English Subtitles, Hindi Language, Stadium Seating",12:15p,2026-10-02T12:15:00-04:00,False,,,v2-6cce9bb85f28438f90880861728e5b5ba190fb68ec83757f91b9094c3e5c7495
aanqx,Regal Augusta Exchange,Regal,Georgia,Standard,"Reserved seating, English Subtitles, Hindi Language, Stadium Seating",4:25p,2026-10-02T16:25:00-04:00,False,,,v2-d7e8521cc8fb62fbd4d510229e16fc73974fdd5fa5b63ee2ce67f2a7f9b0d6b2
aawzm,University 16 Cinemas,Independent/Desi,Georgia,Standard,"Reserved seating, English Subtitles, Recliner Seats",8:45p,2026-10-02T20:45:00-04:00,False,66,37,v2-bb039635207e9699ffa5371075e02f0c55dbcb41b2fd1af1bbbe505e92daae48
aamdd,Cinemark Paradise 24 and XD,Cinemark,Florida,Standard,"Reserved seating, Luxury Lounge Recliners, Hindi with English Subtitles",11:00a,2026-10-02T11:00:00-04:00,False,45,44,v2-25f3e5518b31afcbc22a69e52d719dc5b0885d73617efeda3443131e3a6569f6
aamdd,Cinemark Paradise 24 and XD,Cinemark,Florida,Standard,"Reserved seating, Luxury Lounge Recliners, Hindi with English Subtitles",2:25p,2026-10-02T14:25:00-04:00,False,45,45,v2-af263a05a2edadade49764b68c2211c8da6c4f7cd452d42991392e3f55a09b75
aamdd,Cinemark Paradise 24 and XD,Cinemark,Florida,Standard,"Reserved seating, Luxury Lounge Recliners, Hindi with English Subtitles",5:50p,2026-10-02T17:50:00-04:00,False,45,28,v2-425d46e008523e2ebb4a14ed17949aa23b409917762a690ae08749b17af8940d
aamdd,Cinemark Paradise 24 and XD,Cinemark,Florida,Standard,"Reserved seating, Luxury Lounge Recliners, Hindi with English Subtitles",6:50p,2026-10-02T18:50:00-04:00,False,49,43,v2-ad14dc2cbd26f91e00b0118648ae71d3454442f4468fc99322a88d79678e94d0
aamdd,Cinemark Paradise 24 and XD,Cinemark,Florida,Standard,"Reserved seating, Luxury Lounge Recliners, Hindi with English Subtitles",9:15p,2026-10-02T21:15:00-04:00,False,45,25,v2-c0a163ef45d83bf99645eaeb978cce688bd81f5f42db967cd289a50bdeec219d
aamdd,Cinemark Paradise 24 and XD,Cinemark,Florida,Standard,"Reserved seating, Luxury Lounge Recliners, Hindi with English Subtitles",9:30p,2026-10-02T21:30:00-04:00,False,45,31,v2-111fbc1c971d34e2a34637f1400c4a1716f1f8f0c1311c9bf46d7c426d1b88bc
aamdd,Cinemark Paradise 24 and XD,Cinemark,Florida,Standard,"Reserved seating, Luxury Lounge Recliners, Hindi with English Subtitles",11:25p,2026-10-02T23:25:00-04:00,False,63,53,v2-d7dd06610ed6b231e04cd3d18738de9ce44f467bec55737db96da08333541f50
aaekb,Regal Sawgrass,Regal,Florida,Standard,"Reserved seating, English Subtitles, Recliner Seats, Hindi Language, Stadium Seating",3:05p,2026-10-02T15:05:00-04:00,False,75,75,v2-fbc253e732a4722f293d62f48504b54a6cba61f3ddfc20f21fbcae2c4ddb6283
aairq,AMC Aventura 24,AMC,Florida,Standard,"Laser at AMC, Reserved seating, Hindi Language",6:15p,2026-10-02T18:15:00-04:00,False,106,106,v2-6b158bbdb0acba2b76ad67d9af4194fd11110ce2ab6f58575a1099a19771cb2d
aairq,AMC Aventura 24,AMC,Florida,Standard,"Laser at AMC, Reserved seating, Hindi Language, Adult Supervision Required",10:05p,2026-10-02T22:05:00-04:00,False,95,95,v2-ddbe70c3d9e88f5415c38b370f494f696ca8dd500fbe6e9e20e9ea2b819de91b
aaive,AMC Pompano Beach 18,AMC,Florida,Standard,"Laser at AMC, Reserved seating, Hindi Language, Recliner Seats, Adult Supervision Required",8:15p,2026-10-02T20:15:00-04:00,False,42,22,v2-523a1db9a5a62de7b428c6a4619aa9621542b076c52c7e7e347bec76937d7734
aakub,AMC Sunset Place 24,AMC,Florida,Standard,"Reserved seating, Hindi Language",6:35p,2026-10-02T18:35:00-04:00,False,66,66,v2-e87c1f7b4308fa45b16041b10412d485f0913e9178cee27880f1437dd2259ffd
aaouv,Cinemark Bistro Boca Raton and XD,Cinemark,Florida,Standard,"Reserved seating, Luxury Lounge Recliners, Hindi with English Subtitles",9:30p,2026-10-02T21:30:00-04:00,False,61,47,v2-4cc1ed89851f729a8b7854df3f33146740c3ffaeaabd6dfde3a87edb46674ace
aafwv,Regal Royal Palm Beach,Regal,Florida,Standard,"Reserved seating, English Subtitles, Recliner Seats, Hindi Language, Stadium Seating, Laser Projection",3:35p,2026-10-02T15:35:00-04:00,False,79,79,v2-05d9101a6e020a1ba4b201b8b346c08a3a64f6e6fcdcf818470ac899485464e1
aafwv,Regal Royal Palm Beach,Regal,Florida,Standard,"Reserved seating, English Subtitles, Recliner Seats, Hindi Language, Stadium Seating, Laser Projection",9:55p,2026-10-02T21:55:00-04:00,False,79,79,v2-b195f1231a94b5b452c7d97c662f363c33ee58db088bab365fe4e23ba4cc368f
aaojk,Cinemark Orlando and XD,Cinemark,Florida,Standard,"Reserved seating, Luxury Lounge Recliners, Hindi with English Subtitles",11:05a,2026-10-02T11:05:00-04:00,False,77,76,v2-5c4b8797e1df2e21a9e68700925f6bfbc01c7fe58fc67f91aa030b2ac70e6eec
aaojk,Cinemark Orlando and XD,Cinemark,Florida,Standard,"Reserved seating, Luxury Lounge Recliners, Hindi with English Subtitles",2:25p,2026-10-02T14:25:00-04:00,False,77,74,v2-eebccbab73bab4cfcc1a748f29682a705162dced4ce4095f6f4129f410d361dd
aaojk,Cinemark Orlando and XD,Cinemark,Florida,Standard,"Reserved seating, Luxury Lounge Recliners, Hindi with English Subtitles",5:45p,2026-10-02T17:45:00-04:00,False,77,74,v2-72269814cffe762a4d7433abf586c7db1155fd5a22532aa0681e12228bb43a10
aaojk,Cinemark Orlando and XD,Cinemark,Florida,Standard,"Reserved seating, Luxury Lounge Recliners, Hindi with English Subtitles",9:05p,2026-10-02T21:05:00-04:00,False,77,72,v2-0fbde8d6b83309cce39d135e5ac2779fb3a82ba1a273aff28f5ed7738f391542
aaney,Universal Cinemark at CityWalk and XD,Cinemark,Florida,Standard,"Reserved seating, Luxury Lounge Recliners, Hindi with English Subtitles",12:50p,2026-10-02T12:50:00-04:00,False,65,65,v2-c2ebb869e57779ca02636a3c9e7e6ed947c8030a8b35614c73e3ff4c7875762f
aaney,Universal Cinemark at CityWalk and XD,Cinemark,Florida,Standard,"Reserved seating, Luxury Lounge Recliners, Hindi with English Subtitles",4:45p,2026-10-02T16:45:00-04:00,False,70,70,v2-752126573dabef3510ad19a97d872c3eedae386e4f49bae5b8734e6226d1d6d4
aaney,Universal Cinemark at CityWalk and XD,Cinemark,Florida,Standard,"Reserved seating, Luxury Lounge Recliners, Hindi with English Subtitles",10:35p,2026-10-02T22:35:00-04:00,False,95,95,v2-4ae2ba1daf6e0d8a832c8747fa6623ea747c3c13c8d586b06ecdaba5cacee878
aaujq,Regal Pointe Orlando ,Regal,Florida,Standard,"Reserved seating, English Subtitles, Recliner Seats, Hindi Language, Stadium Seating",4:05p,2026-10-02T16:05:00-04:00,False,39,39,v2-fc0e36b3a6061bb2a86c905c89b78c46c47cf07844db8907ac51a3b3e5cf2adf
aaujq,Regal Pointe Orlando ,Regal,Florida,Standard,"Reserved seating, English Subtitles, Recliner Seats, Hindi Language, Stadium Seating",9:05p,2026-10-02T21:05:00-04:00,False,39,39,v2-7034c096cc51f8bd873b295b6a2feb3d6c4d212978744aaea2ba1b5512400dc5
aacvw,AMC West Oaks 14,AMC,Florida,Standard,"Laser at AMC, Reserved seating, Hindi Language, Recliner Seats",1:00p,2026-10-02T13:00:00-04:00,False,30,29,v2-c903b94c5a2e1e244c5f4df7992ca92f450c5d0abebba99e6a7a0276b4dfb725
aacvw,AMC West Oaks 14,AMC,Florida,Standard,"Laser at AMC, Reserved seating, Hindi Language, Recliner Seats, Adult Supervision Required",9:20p,2026-10-02T21:20:00-04:00,False,75,70,v2-223456ffcb26bdd2d0ae290bc60962902710f1e75b449c32298dff626e91ac19
aaraa,AMC Altamonte Mall 18,AMC,Florida,Standard,"Laser at AMC, Reserved seating, Hindi Language, Adult Supervision Required",7:00p,2026-10-02T19:00:00-04:00,False,98,86,v2-974a343bd9985b518e22dfd439a0fb5886f60de8179677e7972ff5a8f93fd9f6
aaraa,AMC Altamonte Mall 18,AMC,Florida,Standard,"Laser at AMC, Reserved seating, Hindi Language, Adult Supervision Required",10:15p,2026-10-02T22:15:00-04:00,False,98,98,v2-68026a02451bd677291c5edf900662199cbc7d5862719d4735a8dfb0e6a8f59c
aaodq,AMC Highwoods 20,AMC,Florida,Standard,"Laser at AMC, Hindi Language",8:40p,2026-10-02T20:40:00-04:00,False,,,v2-dfd7948cac723eb180b63b88d27e914206fc0603324b01ab5605eceacf741586
aanjo,AMC Veterans 24,AMC,Florida,Standard,"Laser at AMC, Reserved seating, Recliner Seats, Hindi Language, Recliner Seats",6:45p,2026-10-02T18:45:00-04:00,False,52,23,v2-681cceb7dfae4d918cafe84de92eb6db593f4ebcb98d496e0f640ee1d8034372
aanjo,AMC Veterans 24,AMC,Florida,Standard,"Laser at AMC, Reserved seating, Recliner Seats, Hindi Language, Recliner Seats",10:15p,2026-10-02T22:15:00-04:00,False,52,24,v2-c63bf42273ee3e976b4810952479356f79021bda3e12257c4169329b9f56db6e
aadax,AMC The Regency 20,AMC,Florida,Standard,"Laser at AMC, Reserved seating, Hindi Language",6:30p,2026-10-02T18:30:00-04:00,False,149,134,v2-1776e590725430b5e6c39809aae873b31ce3c04d01153dfa98ef3abd8d1145e2
aaoqa,AMC Woodlands Square 20,AMC,Florida,Standard,"Laser at AMC, Reserved seating, Hindi Language, Recliner Seats",8:45p,2026-10-02T20:45:00-04:00,False,38,24,v2-c2b0eef87b884cc6c86b1c1e22cc972aee2258f84a317dd36115cd5f42ee36d1
aapio,Regal Park Place,Regal,Florida,Standard,"Reserved seating, English Subtitles, Recliner Seats, Hindi Language, Stadium Seating",12:05p,2026-10-02T12:05:00-04:00,False,48,48,v2-a0c0302b4e01aa8fd249e2e09fd10f8392c01855922506587fe1135df613dda5
aapio,Regal Park Place,Regal,Florida,Standard,"Reserved seating, English Subtitles, Recliner Seats, Hindi Language, Stadium Seating",6:35p,2026-10-02T18:35:00-04:00,False,48,47,v2-5efec69bcf9a3016a7f3e604bf6ab204767e17b1d6899469eaad3ea155601d66
aaoxm,AMC Bradenton 20,AMC,Florida,Standard,"Laser at AMC, Reserved seating, Hindi Language",7:00p,2026-10-02T19:00:00-04:00,False,112,108,v2-a979a3fed8275b18c8507c65f8d87cf7143307c5422e797e8f7e109af3f21b79
aafqv,Regal Oviedo Mall,Regal,Florida,Standard,"Reserved seating, English Subtitles, Recliner Seats, Hindi Language, Stadium Seating, Laser Projection",12:30p,2026-10-02T12:30:00-04:00,False,45,44,v2-8434a0e37850af20de60980c77aa2c98085646b157319375bcda93b69a8ebd35
aafqv,Regal Oviedo Mall,Regal,Florida,Standard,"Reserved seating, English Subtitles, Recliner Seats, Hindi Language, Stadium Seating, Laser Projection",4:15p,2026-10-02T16:15:00-04:00,False,45,41,v2-15bc2e725e632aca72a8acb939d7272b03a7a033b6560931186138cc5151cd0e
aafqv,Regal Oviedo Mall,Regal,Florida,Standard,"Reserved seating, English Subtitles, Recliner Seats, Hindi Language, Stadium Seating, Laser Projection",7:55p,2026-10-02T19:55:00-04:00,False,45,39,v2-cadb1ac1fcc764489bc98f2df920cde16d1ec62e56dbdf7a8d2a6a97011ff2e0
aatsn,AMC Avenue 16,AMC,Florida,Standard,"Laser at AMC, Reserved seating, Hindi Language",1:40p,2026-10-02T13:40:00-04:00,False,125,125,v2-baff040c94d86bf1e195b42c1c42fb1868c6b9445a5fd5ff294d7bc15b2e79d7
aatsn,AMC Avenue 16,AMC,Florida,Standard,"Laser at AMC, Reserved seating, Hindi Language",6:35p,2026-10-02T18:35:00-04:00,False,101,101,v2-05eea5ddc3a3ca4eabd8b6a12dd2f9c631d57b274ec8de0e3198309d110bc090
aanzr,Regal Avenues,Regal,Florida,Standard,"Reserved seating, English Subtitles, Hindi Language, Stadium Seating, Laser Projection",12:15p,2026-10-02T12:15:00-04:00,False,85,85,v2-cea7096ee83403fbdf8d188026cd5602327e3fbaf89d851da1b5f2c030433e1d
aanzr,Regal Avenues,Regal,Florida,Standard,"Reserved seating, English Subtitles, Hindi Language, Stadium Seating, Laser Projection",6:35p,2026-10-02T18:35:00-04:00,False,85,85,v2-606e0dc2a15017351b40be4cca69b2cd6cad49dd4437f271ae78e530a64bfd32
aaili,Cinemark Tinseltown Jacksonville and XD,Cinemark,Florida,Standard,"Reserved seating, Luxury Lounge Recliners, Hindi with English Subtitles",12:40p,2026-10-02T12:40:00-04:00,False,65,65,v2-c3b883d3718249a9b7f33b48157a0fe71e61ed6de854d879937f7061f680083f
aaili,Cinemark Tinseltown Jacksonville and XD,Cinemark,Florida,Standard,"Reserved seating, Luxury Lounge Recliners, Hindi with English Subtitles",4:05p,2026-10-02T16:05:00-04:00,False,65,64,v2-04cc5c60f5b1d53b410594f54abad5352b76035d6755399ed697aaca537daf4a
aaili,Cinemark Tinseltown Jacksonville and XD,Cinemark,Florida,Standard,"Reserved seating, Luxury Lounge Recliners, Hindi with English Subtitles",6:50p,2026-10-02T18:50:00-04:00,False,53,46,v2-82d1c54b5ca3c02bcc89a0eb495ed3965eb6a48b8fb0314ac72dbd2cb9dca721
aaili,Cinemark Tinseltown Jacksonville and XD,Cinemark,Florida,Standard,"Reserved seating, Luxury Lounge Recliners, Hindi with English Subtitles",10:10p,2026-10-02T22:10:00-04:00,False,65,44,v2-e6db722b08b23ddf45cf749952e6d18b6c430ec628a4329640e735c2f3928326
aamgt,AMC Regency 24,AMC,Florida,Standard,"Laser at AMC, Reserved seating, Hindi Language, Recliner Seats",6:45p,2026-10-02T18:45:00-04:00,False,40,31,v2-55abf4d399c7f7632306b0da91750339b539fa6892a8b51f800e24d45fc16b7e
aamgt,AMC Regency 24,AMC,Florida,Standard,"Laser at AMC, Reserved seating, Hindi Language, Recliner Seats, Adult Supervision Required",10:15p,2026-10-02T22:15:00-04:00,False,77,77,v2-5875911091a1ed408fc64a2a255c3c92a5e2a255ff16e9d0a58430781b029cde
aaegl,AMC Orange Park 24,AMC,Florida,Standard,"Hindi Language, Recliner Seats, Laser at AMC, Reserved seating",12:30p,2026-10-02T12:30:00-04:00,False,51,51,v2-49ca562d776626e01713860e4b3182fbd21ed19747127fe4970b08483ae1688b
aaegl,AMC Orange Park 24,AMC,Florida,Standard,"Hindi Language, Recliner Seats, Adult Supervision Required, Laser at AMC, Reserved seating",9:30p,2026-10-02T21:30:00-04:00,False,37,37,v2-b5c3ea3fe1288eee3720ad2de36e3a856596a6a6a8ee8361c0684d0d7a13aad2
aaoon,Cinemark Seven Bridges and IMAX,Cinemark,Chicago,Standard,"Reserved seating, Hindi with English Subtitles",11:20a,2026-10-02T11:20:00-05:00,False,158,156,v2-e2eb96e9135ccc8513cc65d7ac9e74c61ddff41a815229bb0e6ac69223d57c9f
aaoon,Cinemark Seven Bridges and IMAX,Cinemark,Chicago,Standard,"Reserved seating, Hindi with English Subtitles",2:45p,2026-10-02T14:45:00-05:00,False,158,156,v2-d8cdea68cac4b41cc8b1c36a423b9eaf309a83249a79eba9484d3c4db43ea387
aaoon,Cinemark Seven Bridges and IMAX,Cinemark,Chicago,Standard,"Reserved seating, Hindi with English Subtitles",6:10p,2026-10-02T18:10:00-05:00,False,158,141,v2-fc9f03c17a8d210038d6e17ffcbae808b765853cdf875adbd6ef351f193b147f
aaoon,Cinemark Seven Bridges and IMAX,Cinemark,Chicago,Standard,"Reserved seating, Hindi with English Subtitles",9:35p,2026-10-02T21:35:00-05:00,False,158,154,v2-0661ea43927d720227bdf65314d9d79cb6a5b04134c25d74ba1528693ba0e05a
aatwv,AMC Naperville 16,AMC,Chicago,Standard,"Laser at AMC, Reserved seating, Hindi Language",10:00p,2026-10-02T22:00:00-05:00,False,189,142,v2-1136154a186c80b461a711cfbc2f300884aa8b0ddbc28d7e91fcb36372954b35
aahvc,Regal Bolingbrook,Regal,Chicago,Standard,"Reserved seating, English Subtitles, Recliner Seats, Hindi Language, Stadium Seating",9:10p,2026-10-02T21:10:00-05:00,False,74,66,v2-24cd33f9568ffbc0becb4f225dd4f67fc13e402faeb404009a8271da71ccaf9b
aaite,Cinemark Tinseltown USA Aurora,Cinemark,Chicago,Standard,"Reserved seating, Hindi with English Subtitles",12:05p,2026-10-02T12:05:00-05:00,False,136,134,v2-9be4d77f7158a6d056f58e17041511821ca1cf3b822a9a799921c754e7e0d0d0
aaite,Cinemark Tinseltown USA Aurora,Cinemark,Chicago,Standard,"Reserved seating, Hindi with English Subtitles",3:30p,2026-10-02T15:30:00-05:00,False,136,134,v2-1ca9f80d93da2067dd054d179afa231f4c07708f1047f8adb427304d2f690264
aaite,Cinemark Tinseltown USA Aurora,Cinemark,Chicago,Standard,"Reserved seating, Hindi with English Subtitles",6:55p,2026-10-02T18:55:00-05:00,False,136,128,v2-fa7d4b2f104ce73b0a38fb46fadd3fb20026d283f755b79af48e48350cd00d22
aaite,Cinemark Tinseltown USA Aurora,Cinemark,Chicago,Standard,"Reserved seating, Hindi with English Subtitles",9:55p,2026-10-02T21:55:00-05:00,False,272,272,v2-b8575e4a549baec21597180e689e1e723460f5c1969f698346b12b91782220cc
aabzg,AMC Yorktown 18,AMC,Chicago,Standard,"Laser at AMC, Reserved seating, Hindi Language, Recliner Seats",6:30p,2026-10-02T18:30:00-05:00,False,36,15,v2-df426d3f6767cd04b36250d6bfba8db6c359902795e070f65b33e2a8cd17e535
aafez,Marcus Addison Cinema,Marcus,Chicago,Standard,"Reserved seating, Subtitled, Hindi Language, DreamLounger™",12:10p,2026-10-02T12:10:00-05:00,False,70,70,v2-2bde0f9a9ab0b80fdfb3cae02de943f8a7353f8ebac8446b96d760ab50048286
aafez,Marcus Addison Cinema,Marcus,Chicago,Standard,"Reserved seating, Subtitled, Hindi Language, DreamLounger™",6:20p,2026-10-02T18:20:00-05:00,False,70,60,v2-b601038ceaedeecec8b73253273dd8b552a3ffc9d66a7b01b979eba8a87604b3
aadqg,AMC South Barrington 24,AMC,Chicago,Standard,"Laser at AMC, Reserved seating, Hindi Language, Recliner Seats",2:30p,2026-10-02T14:30:00-05:00,False,86,86,v2-88d593a071b0a505b487974b2765df6d36dbdba78797ef91dc6eef4604417d44
aadqg,AMC South Barrington 24,AMC,Chicago,Standard,"Laser at AMC, Reserved seating, Hindi Language, Recliner Seats",3:30p,2026-10-02T15:30:00-05:00,False,137,111,v2-9a2974ad1970ad41798dfd6d4148c01f4b6142f1012806d7cb6e63363af439ff
aadqg,AMC South Barrington 24,AMC,Chicago,Standard,"Laser at AMC, Reserved seating, Hindi Language, Recliner Seats",7:00p,2026-10-02T19:00:00-05:00,False,137,58,v2-e94ea34f645d5df7a24c586dc224233f657ebf6a500a9b63c5fbba6cd6d89ad6
aadqg,AMC South Barrington 24,AMC,Chicago,Standard,"Laser at AMC, Reserved seating, Hindi Language, Recliner Seats",8:45p,2026-10-02T20:45:00-05:00,False,86,41,v2-51e033f7ed75867ec6344955782f298ef9e55c91d1dffb411573228e99d76251
aadqg,AMC South Barrington 24,AMC,Chicago,Standard,"Laser at AMC, Reserved seating, Hindi Language, Recliner Seats",9:15p,2026-10-02T21:15:00-05:00,False,53,47,v2-da1d0b99add4f3b2ff0d428e39921afce9083b89f1a41aa5f6941c5f3fbb3917
aadqg,AMC South Barrington 24,AMC,Chicago,Standard,"Laser at AMC, Reserved seating, Hindi Language, Recliner Seats",9:30p,2026-10-02T21:30:00-05:00,True,,,v2-9f3df79b32e256b68b2ce3eb7f521c09eb2b15986193a118f388cb43c9456887
aadqg,AMC South Barrington 24,AMC,Chicago,Standard,"Laser at AMC, Reserved seating, Hindi Language, Recliner Seats",9:50p,2026-10-02T21:50:00-05:00,False,53,50,v2-9a647007722e289cb6abfeff4167e7949c3674db7c554ed28205780ffcb7da3f
aadqg,AMC South Barrington 24,AMC,Chicago,Standard,"Laser at AMC, Reserved seating, Hindi Language, Recliner Seats",10:00p,2026-10-02T22:00:00-05:00,False,47,47,v2-ca2cfaee5a9ab138898878250fbbb17c98786b1051619471c344b032860cb9be
aadqg,AMC South Barrington 24,AMC,Chicago,Standard,"Laser at AMC, Reserved seating, Hindi Language, Recliner Seats",10:30p,2026-10-02T22:30:00-05:00,False,137,64,v2-9e3be04f9dd60be0c75b374f5056e0aead9ea282aae3de9cfbcd3c67fe53a90d
aadqg,AMC South Barrington 24,AMC,Chicago,Standard,"Laser at AMC, Reserved seating, Hindi Language, Recliner Seats",10:30p,2026-10-02T22:30:00-05:00,False,86,86,v2-de149f24e021e9d92b1e05d234eb2acad23d170498e6ffbdfacd9992fb6cad66
aadqg,AMC South Barrington 24,AMC,Chicago,Standard,"Laser at AMC, Reserved seating, Hindi Language, Recliner Seats",10:40p,2026-10-02T22:40:00-05:00,False,47,39,v2-bd7b28a52d7a65ddd22dc4bfe27d5f650bcc8ac279cd64c564216fc618a5e691
aaogc,AMC Loews Streets Of Woodfield 20,AMC,Chicago,Standard,"Hindi Language, Recliner Seats, Laser at AMC, Reserved seating",7:15p,2026-10-02T19:15:00-05:00,False,89,44,v2-66d6a636995d94fa55d22b0341fb47ff091777d9cabd1deec95c0291231b401a
aaogc,AMC Loews Streets Of Woodfield 20,AMC,Chicago,Standard,"Hindi Language, Recliner Seats, Laser at AMC, Reserved seating",9:15p,2026-10-02T21:15:00-05:00,False,66,32,v2-c7bcd2b97147404dde16225d36032d2e288f56dd5cfdbb13d36719e8aa8b0498
aarmr,Cinemark Century Deer Park 16,Cinemark,Chicago,Standard,"Reserved seating, Hindi with English Subtitles",11:55a,2026-10-02T11:55:00-05:00,False,127,125,v2-5cd5ea384a49d44a341ec37bb5070cad06165f841c968351fc77d0f5be3c94c8
aarmr,Cinemark Century Deer Park 16,Cinemark,Chicago,Standard,"Reserved seating, Hindi with English Subtitles",3:20p,2026-10-02T15:20:00-05:00,False,127,127,v2-6df20c9330284242d3abd6928c4dacff7b18d3c80b18bd02f23acdf93961f62d
aarmr,Cinemark Century Deer Park 16,Cinemark,Chicago,Standard,"Reserved seating, Hindi with English Subtitles",6:45p,2026-10-02T18:45:00-05:00,False,127,125,v2-8f727c79b06a731dd5ad038d023e51abefd69d96d6c0ccd9b0b6895ddd0a0e82
aarmr,Cinemark Century Deer Park 16,Cinemark,Chicago,Standard,"Reserved seating, Hindi with English Subtitles",10:10p,2026-10-02T22:10:00-05:00,False,127,127,v2-028fd684a977cb44771f6a051924a897442cd66dbf02c975f63ca2b3221ba9d3
aaxgv,Ciné Lounge at Niles,Independent/Desi,Chicago,Premium Format,"Premium Large Format, Reserved seating, English Subtitles, Hindi Language, Stadium Seating, Laser Projection",9:40p,2026-10-02T21:40:00-05:00,False,160,144,v2-17789e49bf8ff9fba58d292866a2efe3ce18a0e6132518ccd7821d837d37f5f2
aaxgv,Ciné Lounge at Niles,Independent/Desi,Chicago,Standard,"Reserved seating, English Subtitles, Hindi Language, Stadium Seating",4:35p,2026-10-02T16:35:00-05:00,False,94,90,v2-54c3876f2305a55f135b736f9a5f9e88bf54e058f24394dd15f8a60e3ff261ae
aaxgv,Ciné Lounge at Niles,Independent/Desi,Chicago,Standard,"Reserved seating, English Subtitles, Hindi Language, Stadium Seating",7:35p,2026-10-02T19:35:00-05:00,False,94,67,v2-3b52a761c191fb326144fa39325a7322742513d886406b736ccf637bf4ac2a9a
aaxgv,Ciné Lounge at Niles,Independent/Desi,Chicago,Standard,"Reserved seating, English Subtitles, Hindi Language, Stadium Seating",10:35p,2026-10-02T22:35:00-05:00,False,94,94,v2-72412b3ee9abfd0166c7a27e93dd7597526d14f59287870ed7175f724c40136b
aaupj,AMC DINE-IN Rosemont 12,AMC,Chicago,Standard,"Laser at AMC, Reserved seating, Hindi Language, Recliner Seats, Dine-In Delivery to Seat",12:20p,2026-10-02T12:20:00-05:00,False,126,126,v2-180c1a325ff6a37c273fdfe1b5dd3519db321f6d5328b3eb9bc803fb414d2b7d
aaupj,AMC DINE-IN Rosemont 12,AMC,Chicago,Standard,"Laser at AMC, Reserved seating, Hindi Language, Recliner Seats, Dine-In Delivery to Seat",3:50p,2026-10-02T15:50:00-05:00,False,126,118,v2-cfb74152f7ff1cd426cf4df47c0b5c029b7366cf6a417faa290bcdb678c9457e
aaupj,AMC DINE-IN Rosemont 12,AMC,Chicago,Standard,"Laser at AMC, Reserved seating, Hindi Language, Recliner Seats, Dine-In Delivery to Seat",9:40p,2026-10-02T21:40:00-05:00,False,112,103,v2-7a7bc2f1e73540e378e30f82395841bd1a363ced017024f5ce0fbc75645f3a04
aauci,AMC Niles 12,AMC,Chicago,Standard,"Reserved seating, Hindi Language",12:00p,2026-10-02T12:00:00-05:00,False,152,150,v2-3fc6f1d7cc74ad55e887fa97f4942837fa84b558ae6c41d7560e2fea5cdc7886
aauci,AMC Niles 12,AMC,Chicago,Standard,"Reserved seating, Hindi Language",8:30p,2026-10-02T20:30:00-05:00,False,290,290,v2-16097d30028df115081c77114017aa18d4ba92213cd17e51c1eb1bc1bb75b0c3
aapli,AMC Village Crossing 18,AMC,Chicago,Standard,"Laser at AMC, Reserved seating, Hindi Language",6:15p,2026-10-02T18:15:00-05:00,True,,,v2-224fbf2e242dd3d64c7b22a88be6ae1b6400384619edafa59ee6b74901f069a0
aapli,AMC Village Crossing 18,AMC,Chicago,Standard,"Laser at AMC, Reserved seating, Hindi Language",8:45p,2026-10-02T20:45:00-05:00,True,,,v2-23f120ee6113bffa770801ab7efc20680e31aeaebf4bf3fd4ad106f4cb71cfcd
aaqow,AMC River East 21,AMC,Chicago,Standard,"Hindi Language, Laser at AMC, Heated AMC Signature Recliners, Reserved seating",6:30p,2026-10-02T18:30:00-05:00,False,84,25,v2-4e84bec58ce2cb636fdece6bcfe40c75ba54b67e433d4abf04fb9f65ccb49dd3
aaaxl,AMC Crestwood 18,AMC,Chicago,Standard,"Laser at AMC, Reserved seating, Hindi Language, Recliner Seats",4:00p,2026-10-02T16:00:00-05:00,False,59,54,v2-8132fe4ee1b013a0ec050e13e9b38d3af63ce117391e4a7cd32407cf8b2abbcb
aarmn,AMC Schererville 12,AMC,Chicago,Standard,"Laser at AMC, Reserved seating, Hindi Language",5:30p,2026-10-02T17:30:00-05:00,False,102,99,v2-5e429e12c08fffcbdcf04ce90ae0da2f5a218733baad11eb3d220b84b39491ed
aaffg,Marcus Gurnee Mills Cinema,Marcus,Chicago,Standard,"Reserved seating, Subtitled, Hindi Language, DreamLounger™",11:15a,2026-10-02T11:15:00-05:00,False,42,38,v2-fd3668935fe0b0246811182504b4044f6c34150e07c6f8ad96807d6e9f1f7b1d
aaffg,Marcus Gurnee Mills Cinema,Marcus,Chicago,Standard,"Reserved seating, Subtitled, Hindi Language, DreamLounger™",6:05p,2026-10-02T18:05:00-05:00,False,42,39,v2-69db90d8cdaa9d41124855d78bea6c3cd92be6903ce7f7f87e2e965f85e9a509
aauuf,Cinemark Valparaiso,Cinemark,Chicago,Standard,"Reserved seating, Hindi with English Subtitles",10:05p,2026-10-02T22:05:00-05:00,False,108,106,v2-44856454c1dd08168f7376278ab4b660e4902d59037ac7f6763f2727b25e110f
aaiqh,Cinemark Tinseltown USA Kenosha,Cinemark,Chicago,Standard,"Reserved seating, Luxury Lounge Recliners, Hindi with English Subtitles",7:35p,2026-10-02T19:35:00-05:00,False,59,31,v2-d6a195acd865b761a0fdbafbb17748561f16d622f4716424c59a3abefe66dbeb
aaqpa,Emagine Novi,Emagine,Detroit,Standard,"Reserved seating, No passes, Recliner Seats, Hindi with English Subtitles",4:40p,2026-10-02T16:40:00-04:00,False,36,26,v2-4f3a20e1232d63662b49e09e965faff19c83ecbaafa71888140e9a06edd05d2e
aaqpa,Emagine Novi,Emagine,Detroit,Standard,"Reserved seating, No passes, Recliner Seats, Hindi with English Subtitles",8:20p,2026-10-02T20:20:00-04:00,False,,,v2-f65692c1f7c771724fef7023539791eab0d4e7799e9a31b30d5f598480441f08
aaiye,AMC Livonia 20,AMC,Detroit,Standard,"Reserved seating, Hindi Language",1:00p,2026-10-02T13:00:00-04:00,False,118,104,v2-2096f6344babcb86b6b6980229f1c21e0f16e1736a5c87f069131bd49b119b33
aawni,MJR Westland Cinema,MJR,Detroit,Standard,"Reserved seating, English Subtitles, Hindi Language, Luxury Recliners",11:45a,2026-10-02T11:45:00-04:00,False,46,46,v2-6fc1aa717656ab0dbb7e3c5660983a1fc8eac26be93740655784a0b018ab3ad2
aawni,MJR Westland Cinema,MJR,Detroit,Standard,"Reserved seating, English Subtitles, Hindi Language, Luxury Recliners",7:00p,2026-10-02T19:00:00-04:00,False,46,36,v2-7620185862efe359c9ab9ba8ff8d74555cfc333a2d0028f58c08ba7c2fb98f98
aatyi,Emagine Canton,Emagine,Detroit,Standard,"Reserved seating, No passes, Recliner Seats, Hindi with English Subtitles",11:05a,2026-10-02T11:05:00-04:00,False,36,36,v2-629d6fe0d45e6d05520849b17b80a8d2b6d15d566e822a2e0c8c72043147ffd3
aatyi,Emagine Canton,Emagine,Detroit,Standard,"Reserved seating, No passes, Recliner Seats, Hindi with English Subtitles",6:25p,2026-10-02T18:25:00-04:00,False,36,26,v2-c0967301c7897b5a2327bd184a1d5fa0ad4abca19b64d85ed8d6f9f8008683d3
aamop,AMC Star Great Lakes 25,AMC,Detroit,Standard,"Reserved seating, Hindi Language",6:35p,2026-10-02T18:35:00-04:00,False,150,150,v2-6937640e433890d1d4114c08e9f683f6bdbe319871f292293880feb87fa36a44
aaxhp,MJR Troy Cinema,MJR,Detroit,Standard,"Reserved seating, English Subtitles, Hindi Language",10:30a,2026-10-02T10:30:00-04:00,False,109,106,v2-2b4a258dca124fcdca1e757639296cbf98f34df40a53e680994d85719a1ed0d4
aaxhp,MJR Troy Cinema,MJR,Detroit,Standard,"Reserved seating, English Subtitles, Hindi Language",6:00p,2026-10-02T18:00:00-04:00,False,109,66,v2-1f355d48fc6a5cbba4dab8566058e388213de91ab8ca7aca38e1b63cd0eb9d43
aacvg,AMC Star John R 15,AMC,Detroit,Standard,"Reserved seating, Hindi Language, Recliner Seats",4:30p,2026-10-02T16:30:00-04:00,False,40,34,v2-b6c702d18135ddb7bb04afca8fbb15c8ceb53966822576a5424a40d952a1245f
aacvg,AMC Star John R 15,AMC,Detroit,Standard,"Reserved seating, Hindi Language, Recliner Seats",10:05p,2026-10-02T22:05:00-04:00,False,40,34,v2-a62c26c93a57f05137a1071c1a3865f79b5f2b3a837da45c4247a3c7ed784817
aacuh,Ann Arbor 20 + IMAX,Independent/Desi,Detroit,Standard,"Reserved seating, Luxury Lounge Recliners, Hindi with English Subtitles",4:05p,2026-10-02T16:05:00-04:00,False,121,113,v2-eab44471eb2fcbcdb1f6e152a50fcb44030a9dc8d592743521317235fb580850
aacuh,Ann Arbor 20 + IMAX,Independent/Desi,Detroit,Standard,"Reserved seating, Luxury Lounge Recliners, Hindi with English Subtitles",6:20p,2026-10-02T18:20:00-04:00,False,122,104,v2-37ff02c9fe44f34b04c7997f36d38d6f00fddd4d64d615990936b0cbc7c81843
aacuh,Ann Arbor 20 + IMAX,Independent/Desi,Detroit,Standard,"Reserved seating, Luxury Lounge Recliners, Hindi with English Subtitles",9:40p,2026-10-02T21:40:00-04:00,False,122,67,v2-0dcece91a13c0c386bdccf2e7b858d735c27a3bad7482bd11809efc6a054d9dc
aanxr,AMC Forum 30,AMC,Detroit,Standard,"Hindi Language, Reserved seating",6:00p,2026-10-02T18:00:00-04:00,False,235,211,v2-3049670b48ade0797b3cec274cebcab82ccc95cc1b3ef5d6b015cbbdd0779348
aanxr,AMC Forum 30,AMC,Detroit,Standard,"Hindi Language, Reserved seating",9:25p,2026-10-02T21:25:00-04:00,False,235,233,v2-39d7e1d922ac0708d4d82138aa6d2db45305f00c97c6ae2f4eaead2d446f3f42
aacuj,Cinemark Flint West 14,Cinemark,Detroit,Standard,"Reserved seating, Hindi with English Subtitles",9:10p,2026-10-02T21:10:00-04:00,False,373,373,v2-7a711006aace9ae72dded7c598ac51ebb6932de2de8efe85712711d8f7a5bd07
aatkz,Cinemark Franklin Park 16 and XD,Cinemark,Detroit,Standard,"Reserved seating, Hindi with English Subtitles",6:05p,2026-10-02T18:05:00-04:00,False,119,119,v2-5296b2a29b877c42e981f4129978df0a587ac6990cf0134d85f6dae9a85d8425
aabyg,AMC Dublin Village 18,AMC,Ohio,Standard,"Reserved seating, Hindi Language, Recliner Seats",12:15p,2026-10-02T12:15:00-04:00,False,68,62,v2-facb8d01d9e94678e1c7117df55ee7a73229296a16def93a7ff73e5ec1c5ba53
aabyg,AMC Dublin Village 18,AMC,Ohio,Standard,"Reserved seating, Hindi Language, Recliner Seats",7:00p,2026-10-02T19:00:00-04:00,False,58,34,v2-f7312cd781ba6eb60611b25d10c82ec0386894bf234550fa00206d134dc45b51
aaizu,Marcus Crosswoods Cinema,Marcus,Ohio,Standard,"Reserved seating, Subtitled, Hindi Language, DreamLounger™",7:25p,2026-10-02T19:25:00-04:00,False,51,39,v2-3ec0d4e757e53b9e37a2659f32c44aa29ee83f7aa92e15eaf7e4f7e110fb0faf
aatvf,Cinemark Polaris 18 and XD,Cinemark,Ohio,Standard,"Reserved seating, Luxury Lounge Recliners, Hindi with English Subtitles",12:15p,2026-10-02T12:15:00-04:00,False,66,60,v2-8cc19d277b6a2eeba679d19d5acb6dfdf07d9e37d1c15d58d0c1e2a94cc81cbe
aatvf,Cinemark Polaris 18 and XD,Cinemark,Ohio,Standard,"Reserved seating, Luxury Lounge Recliners, Hindi with English Subtitles",3:35p,2026-10-02T15:35:00-04:00,False,66,62,v2-5c9ab2f1070040c55a703dc5379e62cf7d09b1c55d5a73635244a89cb95cacbb
aatvf,Cinemark Polaris 18 and XD,Cinemark,Ohio,Standard,"Reserved seating, Luxury Lounge Recliners, Hindi with English Subtitles",6:55p,2026-10-02T18:55:00-04:00,False,66,34,v2-e8935d593169d0c04366d4a11891781a49f0bc5aa7affdbcdb53f3482f1477d3
aatvf,Cinemark Polaris 18 and XD,Cinemark,Ohio,Standard,"Reserved seating, Luxury Lounge Recliners, Hindi with English Subtitles",7:45p,2026-10-02T19:45:00-04:00,False,50,50,v2-b82b03a4b32b511aa7fc15c3fd5ce09a8c883e3a226846ee22b0b3b41a510787
aatvf,Cinemark Polaris 18 and XD,Cinemark,Ohio,Standard,"Reserved seating, Luxury Lounge Recliners, Hindi with English Subtitles",10:15p,2026-10-02T22:15:00-04:00,False,66,60,v2-5b7ac7959d0213fefce5452dfc7ad3e44cb4bb2051a28dce5c074f197cf128ed
aanit,AMC Easton Town Center 30,AMC,Ohio,Standard,"Hindi Language, Recliner Seats, Reserved seating",5:50p,2026-10-02T17:50:00-04:00,False,49,37,v2-105dc382be3cbe4f741fd22b825549d1fbbadc50b88a92e89c2459f8a47f695e
aanit,AMC Easton Town Center 30,AMC,Ohio,Standard,"Hindi Language, Recliner Seats, Adult Supervision Required, Reserved seating",9:30p,2026-10-02T21:30:00-04:00,False,49,44,v2-dc366b0f95da54e2dd6f72166a11fe25fe9acf1960840bc2aa5d5b7994c93a42
aaglu,Cinemark Stoneridge Plaza Movies 16,Cinemark,Ohio,Standard,"Reserved seating, Hindi with English Subtitles",6:00p,2026-10-02T18:00:00-04:00,False,117,108,v2-1195b9a18e716f5eab282f4c1ab343899b640358f0aa1f987c72ab3c9a515c33
aaglu,Cinemark Stoneridge Plaza Movies 16,Cinemark,Ohio,Standard,"Reserved seating, Hindi with English Subtitles",9:50p,2026-10-02T21:50:00-04:00,False,92,92,v2-3f5e2253c0ae11d4621bd2882f3361622cc3c92a4f46b9b3159763fd42d94dee
aanhi,Cinemark Valley View and XD,Cinemark,Ohio,Standard,"Reserved seating, Luxury Lounge Recliners, Hindi with English Subtitles",10:55a,2026-10-02T10:55:00-04:00,False,77,74,v2-a0c119ae12a8504d7a80cc028f7d224a4b17d86e43a1f9515dea7496d981dcd9
aanhi,Cinemark Valley View and XD,Cinemark,Ohio,Standard,"Reserved seating, Luxury Lounge Recliners, Hindi with English Subtitles",2:10p,2026-10-02T14:10:00-04:00,False,77,70,v2-5d1e8fb878efa2aa6e6309f1bd1ddf0b713fcb47c4c5487715988950bc3b08af
aanhi,Cinemark Valley View and XD,Cinemark,Ohio,Standard,"Reserved seating, Luxury Lounge Recliners, Hindi with English Subtitles",5:30p,2026-10-02T17:30:00-04:00,False,77,73,v2-9f03d4f440934ebbfb3b82912b1d6c968920f6a88d3746745edae9e266eba7a4
aanhi,Cinemark Valley View and XD,Cinemark,Ohio,Standard,"Reserved seating, Luxury Lounge Recliners, Hindi with English Subtitles",10:55p,2026-10-02T22:55:00-04:00,False,92,87,v2-5fe3162bfbb48acbbccaa648ac28970b4b16065e99d584d0d008bd87dd27e2c6
aauiu,Cinemark Strongsville at Southpark Mall,Cinemark,Ohio,Standard,"Reserved seating, Luxury Lounge Recliners, Hindi with English Subtitles",4:20p,2026-10-02T16:20:00-04:00,False,96,95,v2-d0bae4ea95980b21bae563e7c21e5201407d9f9339dcb8e413848acf9c2b61e0
aauiu,Cinemark Strongsville at Southpark Mall,Cinemark,Ohio,Standard,"Reserved seating, Luxury Lounge Recliners, Hindi with English Subtitles",7:40p,2026-10-02T19:40:00-04:00,False,96,71,v2-0051f00d0247b3e55298757a9910f1db555323fc4094896d83f52f3a5730e1c8
aauiu,Cinemark Strongsville at Southpark Mall,Cinemark,Ohio,Standard,"Reserved seating, Luxury Lounge Recliners, Hindi with English Subtitles",11:05p,2026-10-02T23:05:00-04:00,False,96,95,v2-8e6672573f06a21d7d9217f74ded815018629dd7eed935a50c9b366b7219d32f
aajai,Regal Willoughby Commons,Regal,Ohio,Standard,"Reserved seating, English Subtitles, Recliner Seats, Hindi Language, Stadium Seating",8:50p,2026-10-02T20:50:00-04:00,False,68,64,v2-fb71de88dfc4da3960963e3be3b5b8e7f568e503d237f3a230ef506fe5d66780
aaunb,Regal Deerfield Town Center & RPX,Regal,Ohio,Standard,"Reserved seating, English Subtitles, Recliner Seats, Hindi Language, Stadium Seating",9:45p,2026-10-02T21:45:00-04:00,False,121,118,v2-9a6576e059b8fd4d9d78e498b8b167feeadbde7b1c3c527b6baccf72f3533717
aawwu,AMC West Chester 18,AMC,Ohio,Standard,"Hindi Language, Recliner Seats, Reserved seating",1:10p,2026-10-02T13:10:00-04:00,False,46,39,v2-5ed1522bc989807be81d13cb377d71bd363f5236bb347c7e85f2b5c66b09afe2
aawwu,AMC West Chester 18,AMC,Ohio,Standard,"Hindi Language, Recliner Seats, Reserved seating",4:45p,2026-10-02T16:45:00-04:00,False,46,35,v2-2538f7796589fa382b39b3f3ad43f34e7e611a6324676ff73a15aace81b7256f
aawwu,AMC West Chester 18,AMC,Ohio,Standard,"Hindi Language, Recliner Seats, Reserved seating",7:00p,2026-10-02T19:00:00-04:00,False,46,33,v2-6bd333ebdfc4aa439bc9c23e5f9ec4b7e8366e9136747fce7a5c729f45650849
aacjy,Showcase Cinema de Lux Springdale,Showcase,Ohio,Standard,"Reserved seating, Accessibility devices available, English Subtitles, Recliner Seats, Hindi Language",2:30p,2026-10-02T14:30:00-04:00,False,86,82,v2-f8dedf8757a7e53a123fa3d6ade652ea72e9bcacded7d0faf2a867f68f218b36
aacjy,Showcase Cinema de Lux Springdale,Showcase,Ohio,Standard,"Reserved seating, Accessibility devices available, English Subtitles, Recliner Seats, Hindi Language",6:30p,2026-10-02T18:30:00-04:00,False,86,82,v2-9cce8fc41929a243afa66aef56e09899f0d5ecbcc808d338fd4489b3afe03b73
aacjy,Showcase Cinema de Lux Springdale,Showcase,Ohio,Standard,"Reserved seating, Accessibility devices available, English Subtitles, Recliner Seats, Hindi Language",9:50p,2026-10-02T21:50:00-04:00,False,86,82,v2-71a1f451657c1612a29b9891360aa93aaac1a63bfbaf49647959523a9839504f
aapck,Cinemark Milford 16,Cinemark,Ohio,Standard,"Reserved seating, Hindi with English Subtitles",12:40p,2026-10-02T12:40:00-04:00,False,93,93,v2-ccdf7135dccd5435de434a15d6f91a92072a7c92f465083148542b2629a42b6f
aapck,Cinemark Milford 16,Cinemark,Ohio,Standard,"Reserved seating, Hindi with English Subtitles",4:10p,2026-10-02T16:10:00-04:00,False,93,93,v2-5ac101bccd4c377d23091af32463e5fa7c4dd9d016c0329e02cb49c9b02a393f
aapck,Cinemark Milford 16,Cinemark,Ohio,Standard,"Reserved seating, Hindi with English Subtitles",7:40p,2026-10-02T19:40:00-04:00,False,93,91,v2-af84dfa8b36704628909e21c4703a0349120eb58244a3cd7d482498a429f9f97
aapcl,Cinemark Dayton South 16 and XD,Cinemark,Ohio,Standard,"Reserved seating, Luxury Lounge Recliners, Hindi with English Subtitles",12:00p,2026-10-02T12:00:00-04:00,False,80,78,v2-3c0f9bfee9314029cedf4f39cd42056758276f2affb426010a80ccfb3aa54b2c
aapcl,Cinemark Dayton South 16 and XD,Cinemark,Ohio,Standard,"Reserved seating, Luxury Lounge Recliners, Hindi with English Subtitles",3:25p,2026-10-02T15:25:00-04:00,False,80,78,v2-b33a1a7339ffccb44ea668f42d5e98e5f2449d49073776b15aca24ff96d59ed4
aapcl,Cinemark Dayton South 16 and XD,Cinemark,Ohio,Standard,"Reserved seating, Luxury Lounge Recliners, Hindi with English Subtitles",6:50p,2026-10-02T18:50:00-04:00,False,80,75,v2-5468d3d9297606522a168fe5e096bb3fbd40f4030faa3d3e1859924a1f024bf4
aapcl,Cinemark Dayton South 16 and XD,Cinemark,Ohio,Standard,"Reserved seating, Luxury Lounge Recliners, Hindi with English Subtitles",10:15p,2026-10-02T22:15:00-04:00,False,80,74,v2-78139746dd72cd884d03fd3fcb4ab89ac9a6dac7b89dc5ecb7fd7e885d3401b8
aaqbb,AMC Newport On The Levee 20,AMC,Ohio,Standard,"Reserved seating, Hindi Language, Recliner Seats",12:10p,2026-10-02T12:10:00-04:00,False,62,61,v2-67b41cc5bf032ffae08dac16dd713bd66d356eef6def2b4353dbce3f3811689d
aaqbb,AMC Newport On The Levee 20,AMC,Ohio,Standard,"Reserved seating, Hindi Language, Recliner Seats, Adult Supervision Required",6:30p,2026-10-02T18:30:00-04:00,False,62,51,v2-2272ba9990772d17881fa500a759637f70785eac2e2531ab08d40638a746a60b
aaqbb,AMC Newport On The Levee 20,AMC,Ohio,Standard,"Reserved seating, Hindi Language, Recliner Seats, Adult Supervision Required",10:00p,2026-10-02T22:00:00-04:00,False,62,57,v2-c9134a1d2c30c690fe7aec84d8ad2392665b1c67d51391441e439a08725fe90d
aankz,Regal Fairfield Commons & RPX,Regal,Ohio,Standard,"Reserved seating, English Subtitles, Hindi Language, Stadium Seating",6:45p,2026-10-02T18:45:00-04:00,False,128,128,v2-7ca35f3b4bea48f38fd68f5227d0685ef01c8c08e9c6be0cdf4c98e6fc42da96
aaejq,Regal Village Park,Regal,Indiana,Standard,"Reserved seating, English Subtitles, Hindi Language, Stadium Seating, Laser Projection",8:20p,2026-10-02T20:20:00-04:00,False,285,273,v2-bb8287055ce5238d680686ee996487cc6d6ca78ba442644c781f7b3e7dab0dac
aausc,AMC Castleton Square 14,AMC,Indiana,Standard,"Reserved seating, Hindi Language, Recliner Seats",2:30p,2026-10-02T14:30:00-04:00,False,49,32,v2-14aebc3289cc9b0e24061b1cd491ac0746f7eb47fd3568fdb42ec6782a501060
aausc,AMC Castleton Square 14,AMC,Indiana,Standard,"Reserved seating, Hindi Language, Recliner Seats, Adult Supervision Required",10:05p,2026-10-02T22:05:00-04:00,False,50,41,v2-061f85808bd5d1be08b999bc0a34842595e3901e59a8febdc159912cc076b58c
aacvp,Regal UA Galaxy - Indianapolis,Regal,Indiana,Standard,"Reserved seating, English Subtitles, Recliner Seats, Hindi Language, Stadium Seating, Laser Projection",9:40p,2026-10-02T21:40:00-04:00,False,75,75,v2-f16595b4730d61597fa1d3b38e08daa947dd5678bb505e5285dd79e5aeefa665
aauum,Emagine Noblesville,Emagine,Indiana,Standard,"Reserved seating, No passes, Closed caption, Recliner Seats, Hindi with English Subtitles",3:20p,2026-10-02T15:20:00-04:00,False,46,46,v2-df4938d4011bacf0b2c84c7f8948a0507e30b459f04b8b2eb7316e6b080efac3
aaejm,Regal Shiloh Crossing,Regal,Indiana,Standard,"Reserved seating, English Subtitles, Recliner Seats, Hindi Language, Stadium Seating",9:45p,2026-10-02T21:45:00-04:00,False,49,49,v2-ad9ed9f1234b42b10df9929ec683109c98a4710555b9f75311d10d80987fdeef
aanfk,AMC Indianapolis 17,AMC,Indiana,Standard,"Hindi Language, Laser at AMC, Reserved seating",6:30p,2026-10-02T18:30:00-04:00,False,87,48,v2-46391729c3d79cf19a68361123aa0067b6a1be4299615db6626df7caf868f0a5
aaimj,Cinemark Greenwood Corner,Cinemark,Indiana,Standard,"Reserved seating, Luxury Lounge Recliners, Hindi with English Subtitles",11:35a,2026-10-02T11:35:00-04:00,False,62,61,v2-9a8ba8a30fa0e496bb47d3284ca9f1b707adc66c47c51dbab5de2e1e28d8e47c
aaimj,Cinemark Greenwood Corner,Cinemark,Indiana,Standard,"Reserved seating, Luxury Lounge Recliners, Hindi with English Subtitles",6:15p,2026-10-02T18:15:00-04:00,False,62,54,v2-834b2478e81ba930322ead1144659b6ca1974fb49db7eac97c658de7936f5929
aacta,Regal Greenwood & RPX,Regal,Indiana,Standard,"Reserved seating, English Subtitles, Recliner Seats, Hindi Language, Stadium Seating",9:00p,2026-10-02T21:00:00-04:00,False,78,72,v2-6fb632efae45481a3ad77b9a625c2cf2ea80c296ce90a7ec8ae4af7486aeb192
aajfa,AMC CLASSIC South Bend 16,AMC,Indiana,Standard,"Reserved seating, Hindi Language",8:00p,2026-10-02T20:00:00-04:00,False,96,94,v2-ff92c11d28edb29b5f8d5e9afb586c676d18be0e0d6acb34c1a72024cc68fdf7
aaipj,Cinemark South Bend Movies 14,Cinemark,Indiana,Standard,"Reserved seating, Luxury Lounge Recliners, Hindi with English Subtitles",4:55p,2026-10-02T16:55:00-04:00,False,50,48,v2-b2af8c65a562fd6cf6e0982411b7d94281046020bd2d20edb8c0653cf0275e8e
aaipj,Cinemark South Bend Movies 14,Cinemark,Indiana,Standard,"Reserved seating, Luxury Lounge Recliners, Hindi with English Subtitles",10:00p,2026-10-02T22:00:00-04:00,False,98,93,v2-5b9da2d6a53946266e2855a36c23e2d8dc12968efd14a4e787a1c861c632e945
aancu,AMC Mayfair Mall 18,AMC,Wisconsin,Standard,"Reserved seating, Hindi Language",6:20p,2026-10-02T18:20:00-05:00,False,202,201,v2-cdb5f18d48e1055b7352baeb6de804ad3aa4578e9aed60f25628f6b0f6aa5a15
aagme,Marcus Ridge Cinema,Marcus,Wisconsin,Standard,"Reserved seating, Subtitled, Hindi Language, DreamLounger™",4:20p,2026-10-02T16:20:00-05:00,False,46,42,v2-9b3146d8ab946a8db8100176d8e7ab81bff2677f940c4318030b812bb29bf59b
aaglw,Marcus Hillside Cinema,Marcus,Wisconsin,Standard,"Reserved seating, Subtitled, Hindi Language, Stadium Seating",2:30p,2026-10-02T14:30:00-05:00,False,102,102,v2-15d0c5bb3e940161d8332cef2a71110a378564f42a1cda51f4af2712e6d5b824
aaglw,Marcus Hillside Cinema,Marcus,Wisconsin,Standard,"Reserved seating, Subtitled, Hindi Language, Stadium Seating",6:30p,2026-10-02T18:30:00-05:00,False,102,101,v2-2ae6e2adcf11cb0b51a9b100a222f7c77a17886273b73c55fc252ed0a84d8f6d
aaizz,Marcus Point Cinemas,Marcus,Wisconsin,Standard,"Reserved seating, Subtitled, Hindi Language, DreamLounger™",8:30p,2026-10-02T20:30:00-05:00,False,43,27,v2-ec192b94b28420a8c84bb633a7887e40f9cb244fc58972c7612831c0ab743ccf
aaomj,AMC Fitchburg 18,AMC,Wisconsin,Standard,"Reserved seating, Hindi Language, Recliner Seats",1:40p,2026-10-02T13:40:00-05:00,False,82,79,v2-0fe4ab21c4d832f8e7293ef572ac5f0dbe46af938ec35ca7071d7ce7bfe84182
aaqiu,AMC Eden Prairie Mall 18,AMC,Minnesota,Standard,"Reserved seating, Hindi Language, Recliner Seats",1:00p,2026-10-02T13:00:00-05:00,False,80,68,v2-aa700bf773bda213d2e5ed764eedf9ee2c5b0806863a5d61be306e3f39bc829b
aaqiu,AMC Eden Prairie Mall 18,AMC,Minnesota,Standard,"Reserved seating, Hindi Language, Recliner Seats",4:30p,2026-10-02T16:30:00-05:00,False,91,83,v2-b4ad5c36ace6c0b4f19e93e39cfdb44bff89fc347af7e75c38fa2dd7d9baa341
aaqiu,AMC Eden Prairie Mall 18,AMC,Minnesota,Standard,"Reserved seating, Hindi Language, Recliner Seats",6:00p,2026-10-02T18:00:00-05:00,False,91,43,v2-606159224ebab1133ab2eae01734e553404189f63a5796eec591ab567f7e0e60
aaqiu,AMC Eden Prairie Mall 18,AMC,Minnesota,Standard,"Reserved seating, Hindi Language, Recliner Seats",8:30p,2026-10-02T20:30:00-05:00,False,44,38,v2-8e67796ec51c2b219961f5c009947f95dd22c78767118e52a46b3470da45f86c
aaqiu,AMC Eden Prairie Mall 18,AMC,Minnesota,Standard,"Reserved seating, Hindi Language, Recliner Seats",10:00p,2026-10-02T22:00:00-05:00,False,95,89,v2-22890d335f6e4ed21ff5854b16ff6896717957354826946036666661ef032bd7
aaqiu,AMC Eden Prairie Mall 18,AMC,Minnesota,Standard,"Reserved seating, Hindi Language, Recliner Seats",10:45p,2026-10-02T22:45:00-05:00,False,80,70,v2-b922b7de9c6ca76727500caa58c17d16200f05220191cf808c9166cd311a407d
aaqcx,AMC Southdale 16,AMC,Minnesota,Standard,"Reserved seating, Hindi Language, Recliner Seats",12:10p,2026-10-02T12:10:00-05:00,False,84,82,v2-2e3c48cf824513023059dae50c8d886d268ee55ea74e0ebbb056f37538cb68da
aaqcx,AMC Southdale 16,AMC,Minnesota,Standard,"Reserved seating, Hindi Language, Recliner Seats",9:40p,2026-10-02T21:40:00-05:00,False,71,69,v2-147a7c6e5ca4cec3bc067a79c4cd8bac9563e61f73594e2c28565978eeda771b
aavnh,Marcus West End Cinema,Marcus,Minnesota,Standard,"Reserved seating, Subtitled, Hindi Language, Stadium Seating",12:00p,2026-10-02T12:00:00-05:00,False,175,175,v2-9ec3cb7b8ef9a702ee930869766d8f0a9ef017093320a485e9dfee277f5aaa1d
aavnh,Marcus West End Cinema,Marcus,Minnesota,Standard,"Reserved seating, Subtitled, Hindi Language, Stadium Seating",2:35p,2026-10-02T14:35:00-05:00,False,157,157,v2-c23b347659cdfcf11d99cf99f32a602f1be03095ac56b163c018ad91fa40b38f
aavnh,Marcus West End Cinema,Marcus,Minnesota,Standard,"Reserved seating, Subtitled, Hindi Language, Stadium Seating",6:05p,2026-10-02T18:05:00-05:00,False,157,157,v2-066c5978d877008f629de8885b8d3b60765bcfb76cbe0e55aea5a21dc1cb1bb6
aavnh,Marcus West End Cinema,Marcus,Minnesota,Standard,"Reserved seating, Subtitled, Hindi Language, Stadium Seating",9:25p,2026-10-02T21:25:00-05:00,False,157,157,v2-6675ae5d3bbaf0e0a98d7d33e493992236505a2ba081914e27e68496dc827c4f
aaivd,AMC Inver Grove 16,AMC,Minnesota,Standard,"Reserved seating, Hindi Language, Recliner Seats",8:45p,2026-10-02T20:45:00-05:00,False,61,46,v2-1e8485c5eefb824e127cffee6186cc5d1d876da377602f39d38eb3fa91120768
aancp,AMC CLASSIC Mounds View 15,AMC,Minnesota,Standard,Hindi Language,7:30p,2026-10-02T19:30:00-05:00,False,,,v2-eadf3600a22612dfbfde0fbec999c11239f539e26d0c0d5c2989fb1fd6358483
aaivb,AMC Coon Rapids 16,AMC,Minnesota,Standard,"Reserved seating, Hindi Language, Recliner Seats",2:30p,2026-10-02T14:30:00-05:00,False,61,61,v2-5c81e531d21a9185f082917733be71e300f6115141e36f0f5bd1b403badd8398
aaivb,AMC Coon Rapids 16,AMC,Minnesota,Standard,"Reserved seating, Hindi Language, Recliner Seats",6:15p,2026-10-02T18:15:00-05:00,False,44,33,v2-51c5f5c903df33d9bfd9108574a1ef7fa03ff9162542bd4f79523d3783a9c12d
aathv,Marcus Chesterfield Cinema,Marcus,Missouri/KS,Standard,"Reserved seating, Subtitled, Hindi Language, DreamLounger™",8:40p,2026-10-02T20:40:00-05:00,False,84,42,v2-f2510fb4e9a39241eefa5102a068c14aae7ce507bd5f9896c0d82588cc531f66
aagso,Marcus St. Charles Cinema,Marcus,Missouri/KS,Standard,"Reserved seating, Subtitled, Hindi Language, DreamLounger™",9:10p,2026-10-02T21:10:00-05:00,False,98,89,v2-3ce612d27b941968c3a963af956a5b9d466a9c10b727a7189bbae3e2c9693dce
aaojf,Marcus Mid Rivers Cinema,Marcus,Missouri/KS,Standard,"Reserved seating, Subtitled, Hindi Language, DreamLounger™",11:05a,2026-10-02T11:05:00-05:00,False,51,46,v2-bcb4bd4e3510373e35c25f0ac0a0c1fe4ca0fcbe25eaeb4f8123b57e236ddb2e
aaojf,Marcus Mid Rivers Cinema,Marcus,Missouri/KS,Standard,"Reserved seating, Subtitled, Hindi Language, DreamLounger™",6:05p,2026-10-02T18:05:00-05:00,False,51,38,v2-f5d511dd44104cce533de0eaea23daf5aa4cd75ebc17b277652ab67e6789353d
aaeco,AMC Town Center 20,AMC,Missouri/KS,Standard,"Hindi Language, Recliner Seats, Laser at AMC, Reserved seating",10:30a,2026-10-02T10:30:00-05:00,False,43,43,v2-b6a80cdacb62a1c890180a0dac32d6e7a3e6c0a533d8e42281c48cbc93dba863
aaeco,AMC Town Center 20,AMC,Missouri/KS,Standard,"Hindi Language, Recliner Seats, Laser at AMC, Reserved seating",1:45p,2026-10-02T13:45:00-05:00,False,43,41,v2-7105d25bf3a893a699e7525dc1ccc554cb59def938b8c67e7c059270418b0ec8
aaeco,AMC Town Center 20,AMC,Missouri/KS,Standard,"Hindi Language, Recliner Seats, Laser at AMC, Reserved seating",5:00p,2026-10-02T17:00:00-05:00,False,43,41,v2-eb9ecd645d08e4e6644f6b5f39f8565dc888b65ff3414ab7f260a68518baea08
aaeco,AMC Town Center 20,AMC,Missouri/KS,Standard,"Hindi Language, Recliner Seats, Laser at AMC, Reserved seating",9:00p,2026-10-02T21:00:00-05:00,False,43,27,v2-356e5e3cd63538b492d8ec6954290d37b5b0406a8de7384900153d5ca6560b0e
aaxgg,AMC Prairiefire 17,AMC,Missouri/KS,Standard,"Laser at AMC, Reserved seating, Hindi Language, Recliner Seats",3:30p,2026-10-02T15:30:00-05:00,False,56,56,v2-86362da8364900fb2041e0b8d8008d2196b04a32319ac93b5644ed1e70f06d96
aaxgg,AMC Prairiefire 17,AMC,Missouri/KS,Standard,"Laser at AMC, Reserved seating, Hindi Language, Recliner Seats",7:00p,2026-10-02T19:00:00-05:00,False,56,37,v2-82feef30c4ab678348587a090030483578d7e071f00e4106e8921da0a0fc0863
aaxgg,AMC Prairiefire 17,AMC,Missouri/KS,Standard,"Laser at AMC, Reserved seating, Hindi Language, Recliner Seats",10:30p,2026-10-02T22:30:00-05:00,False,56,49,v2-d29dac5ef197f8ab44c7132068e0a2ca00a1766cf26d6f63cf661bc926d54ab7
aaxgg,AMC Prairiefire 17,AMC,Missouri/KS,Standard,"Laser at AMC, Reserved seating, Movie-Parlor Seating, Hindi Language",2:15p,2026-10-02T14:15:00-05:00,False,40,40,v2-2daadc9707126ad3e5fbac83199c3bfe0ba091c56f4c2d2867c35549b7874af5
aaecq,AMC Studio 28,AMC,Missouri/KS,Standard,"Laser at AMC, Reserved seating, Hindi Language",12:30p,2026-10-02T12:30:00-05:00,False,90,85,v2-f2d8dc56d28a1833793bf389c7fd0ba6031f407541bbbe1b8dde3d33f04f50f9
aaecq,AMC Studio 28,AMC,Missouri/KS,Standard,"Laser at AMC, Reserved seating, Hindi Language",3:15p,2026-10-02T15:15:00-05:00,False,90,88,v2-9f4bfa6c429ba245568132531e12aa5436b9b7c4010b61d70cb532c7e0f53d14
aaecq,AMC Studio 28,AMC,Missouri/KS,Standard,"Laser at AMC, Reserved seating, Hindi Language",8:00p,2026-10-02T20:00:00-05:00,False,148,133,v2-17cbe9359145143ef58ab992c3bbe87a6d3016bd353d7beb22c0f7baa71605e0
aaecq,AMC Studio 28,AMC,Missouri/KS,Standard,"Laser at AMC, Reserved seating, Hindi Language",9:00p,2026-10-02T21:00:00-05:00,False,167,159,v2-e1618e868c07799a6b1a7e0e804769a3a1efded447b4b1f5f9cb7c801cff0ddb
aaecp,AMC Barrywoods 24,AMC,Missouri/KS,Standard,"Laser at AMC, Reserved seating, Hindi Language",12:45p,2026-10-02T12:45:00-05:00,False,97,97,v2-5af39a65579102b17a9d4565305b051bd981966addbec5467d89c9443aefeafb
aaecp,AMC Barrywoods 24,AMC,Missouri/KS,Standard,"Laser at AMC, Reserved seating, Hindi Language",3:45p,2026-10-02T15:45:00-05:00,False,106,106,v2-72e65fa143e479605c1b785e4c75cb5470d111fdd843e30f83f32bbc8decd6ff
aaecp,AMC Barrywoods 24,AMC,Missouri/KS,Standard,"Laser at AMC, Reserved seating, Hindi Language",8:45p,2026-10-02T20:45:00-05:00,False,129,129,v2-648da9af7b5dd8fd762a3218f9771c0a4dc972bc917158668c0569b1cdb4e462
aaecp,AMC Barrywoods 24,AMC,Missouri/KS,Standard,"Laser at AMC, Reserved seating, Hindi Language",10:45p,2026-10-02T22:45:00-05:00,False,106,106,v2-2d9b10150b08868abcc2cdfae25f591f31d543e66f533f88cfbc7108671a9e7b
aasus,Cinemark Century Jordan Creek 20 and XD,Cinemark,Iowa/Nebraska,Standard,"Reserved seating, Luxury Lounge Recliners, Hindi with English Subtitles",9:45p,2026-10-02T21:45:00-05:00,False,63,52,v2-4b9c5e123f3315d45df7fac6ad4458f821c0bab13f8aa65438e9aa9ebb8999f4
aaiqo,Cinemark Ames Movies 12,Cinemark,Iowa/Nebraska,Standard,"Reserved seating, Luxury Lounge Recliners, Hindi with English Subtitles",11:30a,2026-10-02T11:30:00-05:00,False,58,58,v2-f44967844eee20a7b8f15012c521ee76451f45123eb600c948894cc3e6ffa5cd
aaiqo,Cinemark Ames Movies 12,Cinemark,Iowa/Nebraska,Standard,"Reserved seating, Luxury Lounge Recliners, Hindi with English Subtitles",2:50p,2026-10-02T14:50:00-05:00,False,58,58,v2-94d35ea60ca468b26057e163d2bac9bf845694d349f0bb0ca90dc10e545fdb6a
aaiqo,Cinemark Ames Movies 12,Cinemark,Iowa/Nebraska,Standard,"Reserved seating, Luxury Lounge Recliners, Hindi with English Subtitles",6:10p,2026-10-02T18:10:00-05:00,False,58,49,v2-39c6a002532a84bc85417bf803827feaa48a89596afbfecfd0eac6f85d1a320f
aaiqo,Cinemark Ames Movies 12,Cinemark,Iowa/Nebraska,Standard,"Reserved seating, Luxury Lounge Recliners, Hindi with English Subtitles",10:05p,2026-10-02T22:05:00-05:00,False,70,70,v2-e1d735b259fd0a2192fae3abb347bd3a92a055c11b6546caf0910918726be841
aarow,Marcus Village Pointe Cinema,Marcus,Iowa/Nebraska,Standard,"Reserved seating, Subtitled, Hindi Language, DreamLounger™",5:30p,2026-10-02T17:30:00-05:00,False,55,55,v2-e346874b27b7465ca3f13f4c7532ac22ceada9790d038103ac5b39a04a4761ba
aaigv,Marcus Majestic Cinema of Omaha,Marcus,Iowa/Nebraska,Standard,"Reserved seating, Subtitled, Hindi Language, DreamLounger™",6:00p,2026-10-02T18:00:00-05:00,False,42,42,v2-fcd1fd3bad6d30ecb0bc23b4a65b040ac665e5e0ceea06613ae3668849fc52c2
aawwt,AMC Westroads 14,AMC,Iowa/Nebraska,Standard,"Reserved seating, Hindi Language",6:10p,2026-10-02T18:10:00-05:00,False,163,161,v2-2eb2b99e2e5d60df19dd34292752685282289e9d1642bd1ee1aa941e699fd5b7
aaqwh,AMC Council Bluffs 17,AMC,Iowa/Nebraska,Standard,"Reserved seating, Hindi Language, Recliner Seats",12:15p,2026-10-02T12:15:00-05:00,False,124,124,v2-11e92306a00201ea4dbd35d4ab1f4b693a7de36b8130861159de7a259d8643c5
aaqwh,AMC Council Bluffs 17,AMC,Iowa/Nebraska,Standard,"Reserved seating, Hindi Language, Recliner Seats",4:30p,2026-10-02T16:30:00-05:00,False,76,76,v2-ee4e4549ac3e5310fe7e2dff81de98aa56465291fab0d195802301c8b9b3469a
aaqwh,AMC Council Bluffs 17,AMC,Iowa/Nebraska,Standard,"Reserved seating, Hindi Language, Recliner Seats",6:30p,2026-10-02T18:30:00-05:00,False,124,124,v2-f087f1dd18fa36b57936b7367835259bbd2248a2ee0c0ad419875a8cb3b8ef0b
aaqwh,AMC Council Bluffs 17,AMC,Iowa/Nebraska,Standard,"Reserved seating, Hindi Language, Recliner Seats",9:30p,2026-10-02T21:30:00-05:00,False,56,56,v2-a10a373ef4a34fe3a2a8683dc8a2500ddce0f7df4127f73b9fa21a78908c9c99
aanyz,Cinemark Century Sioux Falls 14 and XD,Cinemark,Dakotas/MT,Standard,"Reserved seating, Hindi with English Subtitles",9:45p,2026-10-02T21:45:00-05:00,False,94,94,v2-9823e4009c7bdca74f0da733ffffa55d2cb6e426c651b5d9a35baf2618ee5834
aakpd,Marcus West Acres Cinema,Marcus,Dakotas/MT,Standard,"Reserved seating, Subtitled, Hindi Language, Stadium Seating",8:00p,2026-10-02T20:00:00-05:00,False,92,85,v2-fb9df696eb348758b89946afa3b98b5c18d835f8ee5ea9eef982cc3fd6630aae
aaecn,AMC Westminster Promenade 24,AMC,Colorado,Standard,"Hindi Language, Recliner Seats, Laser at AMC, Reserved seating",12:15p,2026-10-02T12:15:00-06:00,False,40,40,v2-93fbca753377e37dd672545bd4754b97b44e7a1cb2781082dee3b59eef5e1735
aaecn,AMC Westminster Promenade 24,AMC,Colorado,Standard,"Hindi Language, Recliner Seats, Laser at AMC, Reserved seating",3:05p,2026-10-02T15:05:00-06:00,False,169,158,v2-b9fd1b97a8c334d9a216aa914a3f4c22d991e405c4759478e3cc04c0b65da83e
aaecn,AMC Westminster Promenade 24,AMC,Colorado,Standard,"Hindi Language, Recliner Seats, Laser at AMC, Reserved seating",6:35p,2026-10-02T18:35:00-06:00,False,53,32,v2-aa959ebb2b192244bef634d9ba99151599fca252faad4f966acf6b29ff25e987
aaecn,AMC Westminster Promenade 24,AMC,Colorado,Standard,"Hindi Language, Recliner Seats, Laser at AMC, Reserved seating",6:45p,2026-10-02T18:45:00-06:00,False,44,22,v2-42ad8eb9bbb125f5e5302fb294470e75cc60fc8f6f409255f843d6ec533905f5
aaecn,AMC Westminster Promenade 24,AMC,Colorado,Standard,"Hindi Language, Recliner Seats, Laser at AMC, Reserved seating",10:00p,2026-10-02T22:00:00-06:00,False,40,39,v2-f889347da0e975829d371af5c0decf0cf05c61a58aa139dca963bf3b5593fd5b
aayfg,Harkins Arvada 14,Harkins,Colorado,Standard,"Reserved seating, Hindi Language",8:40p,2026-10-02T20:40:00-06:00,False,70,70,v2-c665b3b64cc5a8508837e96697df1dc54dea8db80fbdafb273ec2e2305283505
aauni,Cinemark Century Boulder,Cinemark,Colorado,Standard,"Reserved seating, Hindi with English Subtitles",10:05p,2026-10-02T22:05:00-06:00,False,99,99,v2-11c1b31baf349928ed7f883b6d51c827a9314592adbfe10e30cb46544485d4d7
aajjg,Regal UA Denver Pavilions ,Regal,Colorado,Standard,"Reserved seating, English Subtitles, Recliner Seats, Hindi Language, Stadium Seating, Laser Projection",12:10p,2026-10-02T12:10:00-06:00,False,46,46,v2-4e3fc29688fd4c57376acf37396e1abdef21d34ec7d1ff8115fe6efebd73c0a4
aajjg,Regal UA Denver Pavilions ,Regal,Colorado,Standard,"Reserved seating, English Subtitles, Recliner Seats, Hindi Language, Stadium Seating, Laser Projection",4:00p,2026-10-02T16:00:00-06:00,False,46,45,v2-f5b613df5158b4558e98cc277a33614c0e617d55af0612ea8022b267ea8fe2ce
aavkz,Regal River Point,Regal,Colorado,Standard,"Reserved seating, English Subtitles, Hindi Language, Stadium Seating",11:15a,2026-10-02T11:15:00-06:00,False,161,156,v2-22e113e5ee50adbaf2a8f5f01c55fe5d8807441a58bb8a5402590d331b72a284
aavkz,Regal River Point,Regal,Colorado,Standard,"Reserved seating, English Subtitles, Hindi Language, Stadium Seating",3:15p,2026-10-02T15:15:00-06:00,False,161,156,v2-b077a3ba46af38f664d60fd8608b009fdcd83fd1e5db45828f174b6b712cd9f7
aajni,Cinemark Century Aurora and XD,Cinemark,Colorado,Standard,"Reserved seating, Luxury Lounge Recliners, Hindi with English Subtitles",6:00p,2026-10-02T18:00:00-06:00,False,60,46,v2-8b9b44f11eddf46352178d25a1f30bee0a44e86f879828a3ea707191d4209ba7
aajni,Cinemark Century Aurora and XD,Cinemark,Colorado,Standard,"Reserved seating, Luxury Lounge Recliners, Hindi with English Subtitles",9:25p,2026-10-02T21:25:00-06:00,False,60,25,v2-36aba0f5109382ed41e8098617a18e83e04a75401cef4e1f69dcdd17e4b63da0
aaecm,AMC Highlands Ranch 24,AMC,Colorado,Standard,"Hindi Language, Recliner Seats, Laser at AMC, Reserved seating",11:30a,2026-10-02T11:30:00-06:00,False,41,41,v2-2cd44bb17b6ab59a5f110fbf97974680e4f1443d2d66dc15bafeba460b39416a
aaecm,AMC Highlands Ranch 24,AMC,Colorado,Standard,"Hindi Language, Recliner Seats, Laser at AMC, Reserved seating",6:15p,2026-10-02T18:15:00-06:00,False,41,19,v2-5f84604d6b877e1cbb4c7b833bd6c79221735dbba8c306cbff8da2636e65bd1a
aaecm,AMC Highlands Ranch 24,AMC,Colorado,Standard,"Hindi Language, Recliner Seats, Laser at AMC, Reserved seating",9:30p,2026-10-02T21:30:00-06:00,False,41,41,v2-f7ca397895eecadd50a5e72a8f2d122604f08e2225fae770a6537bd7dd60f593
aaewn,AMC Arapahoe Crossing 16,AMC,Colorado,Standard,"Laser at AMC, Reserved seating, Hindi Language, Recliner Seats",4:35p,2026-10-02T16:35:00-06:00,False,50,33,v2-8aaafbae396108f820298f7053e38393be17a380108f79b6b9bfa7ad1ca056d2
aaewn,AMC Arapahoe Crossing 16,AMC,Colorado,Standard,"Laser at AMC, Reserved seating, Hindi Language, Recliner Seats",9:25p,2026-10-02T21:25:00-06:00,False,50,27,v2-f937bacfb413412128b5a71b00e088fa16d8b5972118dc982d562f12db23e528
aaosz,Cinemark Fort Collins,Cinemark,Colorado,Standard,"Reserved seating, Hindi with English Subtitles",10:10p,2026-10-02T22:10:00-06:00,False,132,129,v2-bc0af71aed81c7414b3633f79b0d1ce00d3b20047772002d507ed5d004026967
aaiqk,Cinemark Tinseltown Colorado Springs and XD,Cinemark,Colorado,Standard,"Reserved seating, Luxury Lounge Recliners, Hindi with English Subtitles",9:40p,2026-10-02T21:40:00-06:00,False,87,87,v2-41e8981eb762510b41fdc6b1d1e656a79d35338ed3e607a2845416b21e2a4f97
aaoej,Cinemark Jordan Landing 24 and XD,Cinemark,Utah,Standard,"Reserved seating, Luxury Lounge Recliners, Hindi with English Subtitles",11:40a,2026-10-02T11:40:00-06:00,False,63,61,v2-78eafaf0effc39b4dce57a8c43f12f3bfe0c393eaf463a85175b8921d83ebea0
aaoej,Cinemark Jordan Landing 24 and XD,Cinemark,Utah,Standard,"Reserved seating, Luxury Lounge Recliners, Hindi with English Subtitles",3:05p,2026-10-02T15:05:00-06:00,False,63,63,v2-611cb913487e9f8fb08cbcf188a0b134c46ce99762f0bf70a631d25dea757cf3
aaoej,Cinemark Jordan Landing 24 and XD,Cinemark,Utah,Standard,"Reserved seating, Luxury Lounge Recliners, Hindi with English Subtitles",6:30p,2026-10-02T18:30:00-06:00,False,63,45,v2-e8292ce8335050f61233e5b4a6e0bd59ce911dcb951e242d98cb35d234cd34ff
aaoej,Cinemark Jordan Landing 24 and XD,Cinemark,Utah,Standard,"Reserved seating, Luxury Lounge Recliners, Hindi with English Subtitles",9:55p,2026-10-02T21:55:00-06:00,False,63,54,v2-ea369bd5705dd31f21413e2474baed1535cb62c6540665990a335535c0ac8e54
aaqan,Harkins Chandler Fashion 20,Harkins,Arizona,Standard,"Reserved seating, Recliner Seats, Hindi Language",6:30p,2026-10-02T18:30:00-07:00,False,66,51,v2-95979779eee777c0d70e11ee57db107fb392a3dca2bae12934bdb2faa796ead3
aacgt,AMC Ahwatukee 24,AMC,Arizona,Standard,"Laser at AMC, Reserved seating, Hindi Language, Recliner Seats",1:00p,2026-10-02T13:00:00-07:00,False,41,37,v2-9d8551001cf73f38eca358c70fafba085c9c019936860309f380d0e62df57bd8
aacgt,AMC Ahwatukee 24,AMC,Arizona,Standard,"Laser at AMC, Reserved seating, Hindi Language, Recliner Seats",3:00p,2026-10-02T15:00:00-07:00,False,41,39,v2-38db2902a88c6fd4f6cbb0808e3906e46a71b94d829e76b282cac80796009058
aacgt,AMC Ahwatukee 24,AMC,Arizona,Standard,"Laser at AMC, Reserved seating, Hindi Language, Recliner Seats",6:30p,2026-10-02T18:30:00-07:00,False,41,28,v2-73e9f4fe374564c2b476c6c42c18239ef8c472bf70ac9859eaf0e6877feb3901
aacgt,AMC Ahwatukee 24,AMC,Arizona,Standard,"Laser at AMC, Reserved seating, Hindi Language, Recliner Seats",10:00p,2026-10-02T22:00:00-07:00,False,41,40,v2-a8a7a6d087c08cc6ad162afb38934c98cc35688992597e570cb96a2d5a7716ca
aaihc,Harkins Arizona Mills and IMAX,Harkins,Arizona,Standard,"Reserved seating, Hindi Language",9:55p,2026-10-02T21:55:00-07:00,False,101,95,v2-8123ed6597b9c6dcb0d9bb1209997f3b5a3b04ab6dee1319611c79638499db5d
aappp,Regal Gilbert,Regal,Arizona,Standard,"Reserved seating, English Subtitles, Recliner Seats, Hindi Language, Stadium Seating",12:50p,2026-10-02T12:50:00-07:00,False,55,55,v2-fc74266ad7d4d7bde070778a842ec966bf648c12cca9e0393ae111de6fb4f015
aappp,Regal Gilbert,Regal,Arizona,Standard,"Reserved seating, English Subtitles, Recliner Seats, Hindi Language, Stadium Seating",4:30p,2026-10-02T16:30:00-07:00,False,55,55,v2-83246bc3ae610c03680ee8652ed3e7f3b99c49b66a2df4986a37e401a97ca8e6
aappp,Regal Gilbert,Regal,Arizona,Standard,"Reserved seating, English Subtitles, Recliner Seats, Hindi Language, Stadium Seating",8:00p,2026-10-02T20:00:00-07:00,False,55,55,v2-68ea2d5cbbe297784079999066197c29e600fd1507e189d3fdd2177cdc8fb6f3
aatzn,Cinemark Mesa 16,Cinemark,Arizona,Standard,"Reserved seating, Luxury Lounge Recliners, Hindi with English Subtitles",12:40p,2026-10-02T12:40:00-07:00,False,73,71,v2-ecef8ab9352e406993539df3ec948daf14a1a86a97581ccd6f11b41a652a482a
aatzn,Cinemark Mesa 16,Cinemark,Arizona,Standard,"Reserved seating, Luxury Lounge Recliners, Hindi with English Subtitles",4:10p,2026-10-02T16:10:00-07:00,False,73,65,v2-e1913d7bb1d9c972c596e5c94c91dc3109b8ea64bc6aed7b48860c7c833636c6
aatzn,Cinemark Mesa 16,Cinemark,Arizona,Standard,"Reserved seating, Luxury Lounge Recliners, Hindi with English Subtitles",7:35p,2026-10-02T19:35:00-07:00,False,73,41,v2-68dfe4b462be200263ce1eb497d5dc1df4d06255c047102a561aed917e0a0f6d
aatzn,Cinemark Mesa 16,Cinemark,Arizona,Standard,"Reserved seating, Luxury Lounge Recliners, Hindi with English Subtitles",11:00p,2026-10-02T23:00:00-07:00,False,73,65,v2-ab4ff5294eb824fd813179912093315396071ea17b5f8955396a1d1ff70df83c
aakot,AMC Deer Valley 17,AMC,Arizona,Standard,"Laser at AMC, Reserved seating, Hindi Language, Recliner Seats",1:00p,2026-10-02T13:00:00-07:00,False,74,72,v2-3a25d0ec72a6c8bc2d78fb190c1c132da8af05e72f55f76db12eaf9b64cf18d0
aakot,AMC Deer Valley 17,AMC,Arizona,Standard,"Laser at AMC, Reserved seating, Hindi Language, Recliner Seats",4:15p,2026-10-02T16:15:00-07:00,False,41,23,v2-3e0e074d26a3433d55d44f8bfe0a0d59b24a082e6b3362ee89b9a3770919257c
aakot,AMC Deer Valley 17,AMC,Arizona,Standard,"Laser at AMC, Reserved seating, Hindi Language, Recliner Seats",7:00p,2026-10-02T19:00:00-07:00,False,41,15,v2-a16bc16786e9c087e11c28e81a35a30eb73efb9ebbcfe723ef09b1b8436043df
aakot,AMC Deer Valley 17,AMC,Arizona,Standard,"Laser at AMC, Reserved seating, Hindi Language, Recliner Seats",10:00p,2026-10-02T22:00:00-07:00,False,58,38,v2-a7a3d188d80df5e9e9767a0ede118ec33b8753468d32ab0b5f3914121b4628b1
aaosv,Harkins Arrowhead Fountains 18,Harkins,Arizona,Standard,"Reserved seating, Recliner Seats, Hindi Language",9:20p,2026-10-02T21:20:00-07:00,False,153,149,v2-7547d587f9f88c2cbc0dd4f814e290f3404d7eb6be05476c963da9410ae2eb95
aaufh,AMC Westgate 20,AMC,Arizona,Standard,"Laser at AMC, Reserved seating, Hindi Language",3:00p,2026-10-02T15:00:00-07:00,False,48,47,v2-9da706a74713a7ce61876a3b677ad2eb9210e94f5afe42d76682ac68b5080712
aapgj,AMC Desert Ridge 18,AMC,Arizona,Standard,"Laser at AMC, Reserved seating, Hindi Language, Recliner Seats",9:15p,2026-10-02T21:15:00-07:00,False,45,35,v2-10b2778e241892080f11ce7bca28b9d5e1078ef4d77f0766f7786a522f50b1b3
aangb,Cinemark Century El Con 20 and XD,Cinemark,Arizona,Standard,"Reserved seating, Hindi with English Subtitles",11:15a,2026-10-02T11:15:00-07:00,False,77,77,v2-0eeae1a4dde3248cf4a6669d82dbd6d2fd15bb9e6c6f5da681f45295b9833cda
aangb,Cinemark Century El Con 20 and XD,Cinemark,Arizona,Standard,"Reserved seating, Hindi with English Subtitles",6:25p,2026-10-02T18:25:00-07:00,False,77,77,v2-cf3e562adfe29aaa5125cf103a09bbe59a7aceeeac815b0415979539763003d5
aadzy,Cinemark Century Orleans 18 and XD,Cinemark,Nevada,Standard,"Reserved seating, Luxury Lounge Recliners, Hindi with English Subtitles",11:20a,2026-10-02T11:20:00-07:00,False,71,69,v2-5cfc2f3d606eedfe870546297eb37c9114a07fb4005010abce2892accf8d035e
aadzy,Cinemark Century Orleans 18 and XD,Cinemark,Nevada,Standard,"Reserved seating, Luxury Lounge Recliners, Hindi with English Subtitles",2:45p,2026-10-02T14:45:00-07:00,False,71,71,v2-4a5a173e5a3152737ab02745e5f8768d7cb0ea3e50fc0a57cce497522fcb3730
aadzy,Cinemark Century Orleans 18 and XD,Cinemark,Nevada,Standard,"Reserved seating, Luxury Lounge Recliners, Hindi with English Subtitles",6:10p,2026-10-02T18:10:00-07:00,False,71,64,v2-c4584e7513356acea44429b632ed10aae257cd91864e689106ff65d2f78213b1
aadzy,Cinemark Century Orleans 18 and XD,Cinemark,Nevada,Standard,"Reserved seating, Luxury Lounge Recliners, Hindi with English Subtitles",9:35p,2026-10-02T21:35:00-07:00,False,71,67,v2-c2a2d9fb1413100e31f2197bbf19772528a1e427b00c5432e1ccf0ea32ba935d
aauix,Cinemark Century Summit Sierra,Cinemark,Nevada,Standard,"Reserved seating, Luxury Lounge Recliners, Hindi with English Subtitles",7:50p,2026-10-02T19:50:00-07:00,False,52,34,v2-005ee6f131ce5f5c723c84df3a34fc5af8d97e6fcebc501d4108550d72aeeb3c
aauix,Cinemark Century Summit Sierra,Cinemark,Nevada,Standard,"Reserved seating, Luxury Lounge Recliners, Hindi with English Subtitles",10:30p,2026-10-02T22:30:00-07:00,False,100,95,v2-ea0249a4daf217e923212881cf07a7a67fb6cce4d346b1a7cff4797da9a095be
aacwa,Cinemark Century Rio Plex 24 and XD,Cinemark,New Mexico,Standard,"Reserved seating, Luxury Lounge Recliners, Hindi with English Subtitles",6:00p,2026-10-02T18:00:00-06:00,False,66,62,v2-3271a32fdc6fe0de0f72d054db837ddae0754b5986d3f5e1a10802b0cf0f9e8b
aacwa,Cinemark Century Rio Plex 24 and XD,Cinemark,New Mexico,Standard,"Reserved seating, Luxury Lounge Recliners, Hindi with English Subtitles",9:25p,2026-10-02T21:25:00-06:00,False,66,60,v2-658324f7d602b173d620bf2341fda924fda69e1afd33fa4f7756e0ce391ac4bd
aabsr,Regal Bella Bottega,Regal,Seattle,Standard,"Reserved seating, English Subtitles, Hindi Language, Stadium Seating",1:20p,2026-10-02T13:20:00-07:00,False,283,283,v2-b3a47f3231c21a690ebc2fc77a699ea604766dc51cf0116130b8efd266fd234a
aabsr,Regal Bella Bottega,Regal,Seattle,Standard,"Reserved seating, English Subtitles, Hindi Language, Stadium Seating",5:10p,2026-10-02T17:10:00-07:00,False,283,276,v2-3e3788c17c0beb0409b899e224ea6e8ed1a1461ce08bc5438d7ed7ec89b39452
aabsr,Regal Bella Bottega,Regal,Seattle,Standard,"Reserved seating, English Subtitles, Hindi Language, Stadium Seating",8:50p,2026-10-02T20:50:00-07:00,False,283,267,v2-99aab9597118e7f8337b763c0fb70ebd0203e6492760462b82e7cccf946006f7
aatvl,Cinemark Lincoln Square,Cinemark,Seattle,Standard,"Reserved seating, Hindi with English Subtitles",11:25a,2026-10-02T11:25:00-07:00,False,368,338,v2-2763446652b9203acbd9d3a87b2a6f9e90e713a0cb721ecbc13cb8f8994b885f
aatvl,Cinemark Lincoln Square,Cinemark,Seattle,Standard,"Reserved seating, Hindi with English Subtitles",2:50p,2026-10-02T14:50:00-07:00,False,368,362,v2-35cc48bfe1a2a7fbb90d36eeb24185675dda487022688922aa6a65ce6ae7b1d4
aatvl,Cinemark Lincoln Square,Cinemark,Seattle,Standard,"Reserved seating, Hindi with English Subtitles",6:15p,2026-10-02T18:15:00-07:00,False,368,227,v2-e620c1295bb52fb2ab65a5bd8667cdfac320e6bdb56180a3cda13d4183ce7da0
aatvl,Cinemark Lincoln Square,Cinemark,Seattle,Standard,"Reserved seating, Hindi with English Subtitles",6:40p,2026-10-02T18:40:00-07:00,False,444,444,v2-98cf472e0a193c3911d0acc41409beb85110b67f6bc42b9a38247bb11cbfeea0
aatvl,Cinemark Lincoln Square,Cinemark,Seattle,Standard,"Reserved seating, Hindi with English Subtitles",9:40p,2026-10-02T21:40:00-07:00,False,368,245,v2-11af86d6baa588ff7d301ff17305504523dc30ac0bbe23acda2c9d75b7bf3773
aatvl,Cinemark Lincoln Square,Cinemark,Seattle,Standard,"Reserved seating, Hindi with English Subtitles",10:25p,2026-10-02T22:25:00-07:00,False,367,367,v2-44259fc5db4b3153d5febbc379128f629fcc9385078c0a22eefb39ce83f61e9b
aaayx,AMC Loews Factoria 8,AMC,Seattle,Standard,"Laser at AMC, Reserved seating, Hindi Language, Recliner Seats",9:20p,2026-10-02T21:20:00-07:00,False,136,88,v2-7657b2bc91a1a1f3a9bc270147cecacab4e919bd957d064e31499bf269941ddd
aabfy,Regal Meridian,Regal,Seattle,Standard,"Reserved seating, English Subtitles, Recliner Seats, Hindi Language",12:55p,2026-10-02T12:55:00-07:00,False,73,73,v2-cb8c1129f793d6577fa184675716a6ec2ec6bcc06827458ee2061b0ac55adc68
aabfy,Regal Meridian,Regal,Seattle,Standard,"Reserved seating, English Subtitles, Recliner Seats, Hindi Language",4:55p,2026-10-02T16:55:00-07:00,False,73,45,v2-69d48d80e78f8a0d167232fff5f85686cdd90e5aae18478decae76741efb15fb
aabfy,Regal Meridian,Regal,Seattle,Standard,"Reserved seating, English Subtitles, Recliner Seats, Hindi Language",8:50p,2026-10-02T20:50:00-07:00,False,73,38,v2-155971d03f1ecd81a729365c213a4dd2c8ccf0fa5fe00bedd48bc43304f51be0
aatft,AMC Loews Alderwood Mall 16,AMC,Seattle,Standard,"Laser at AMC, Reserved seating, Hindi Language",10:20p,2026-10-02T22:20:00-07:00,False,124,117,v2-ee6b1788c4f9bcc54100ec0a4f611e32bdaeb2460ab5d47acb5c106bb0152112
aaozg,Galaxy Monroe,Independent/Desi,Seattle,Standard,"Closed caption, Accessibility devices available, Hindi Language",8:00p,2026-10-02T20:00:00-07:00,False,,,v2-5e004a784e7cf16af327bf11fa59be85b9fd4a3bfbf74f5c73cd1502ef62ae91
aauxg,AMC Southcenter 16,AMC,Seattle,Standard,"Laser at AMC, Reserved seating, Hindi Language",12:15p,2026-10-02T12:15:00-07:00,False,104,104,v2-5db47e7db4c1a2e48e272594dfdf40979fd20543d82f87cddb2cc6c165346fc6
aauxg,AMC Southcenter 16,AMC,Seattle,Standard,"Laser at AMC, Reserved seating, Hindi Language",9:40p,2026-10-02T21:40:00-07:00,False,104,89,v2-73fd7d221e4153f00f62a714517abbb9a1fc44bfe619fff1df01dd9bf10296fc
aaujz,Cinemark Century Federal Way and XD,Cinemark,Seattle,Standard,"Reserved seating, Luxury Lounge Recliners, Hindi with English Subtitles",12:25p,2026-10-02T12:25:00-07:00,False,67,66,v2-a93de42a85c52964eba7c6e2fbcb8fd22e925c17e1a144cd6bc4c04af7f0f5e7
aaujz,Cinemark Century Federal Way and XD,Cinemark,Seattle,Standard,"Reserved seating, Luxury Lounge Recliners, Hindi with English Subtitles",3:35p,2026-10-02T15:35:00-07:00,False,67,65,v2-a16f310e77e88405074bb39aaa63d9f1cc65d56027d4f48a84e5b23fbd9b0c0d
aaujz,Cinemark Century Federal Way and XD,Cinemark,Seattle,Standard,"Reserved seating, Luxury Lounge Recliners, Hindi with English Subtitles",6:45p,2026-10-02T18:45:00-07:00,False,67,53,v2-f1dd5a9948315b7f7769cc45434d696193cfb187408f73d692c1512d9cf34762
aatzs,Regal Everett,Regal,Seattle,Standard,"Reserved seating, English Subtitles, Hindi Language, Stadium Seating",2:10p,2026-10-02T14:10:00-07:00,False,99,99,v2-034bbb9a0f7ba5cd1574a4cd92bc9d7fe13c2de2db52dc634c49d7f0a6746bff
aatzs,Regal Everett,Regal,Seattle,Standard,"Reserved seating, English Subtitles, Hindi Language, Stadium Seating",8:30p,2026-10-02T20:30:00-07:00,False,99,87,v2-c4978b41bb8d0c03d7ccd83957b3b5b1792aa629907ce52dcbf91d66e515ef4e
aatbx,Cinemark Cedar Hills 16,Cinemark,Portland/OR,Standard,"Reserved seating, Luxury Lounge Recliners, Hindi with English Subtitles",10:00a,2026-10-02T10:00:00-07:00,False,51,44,v2-ffb77297769aa66ce7ba5c31bfedd435454a9e18fb956918e3e5a68a89f2386c
aatbx,Cinemark Cedar Hills 16,Cinemark,Portland/OR,Standard,"Reserved seating, Luxury Lounge Recliners, Hindi with English Subtitles",1:20p,2026-10-02T13:20:00-07:00,False,51,41,v2-0c1dd6884a16744d94210ef43777157b37144674e3bd5dddad6136de522373bc
aatbx,Cinemark Cedar Hills 16,Cinemark,Portland/OR,Standard,"Reserved seating, Luxury Lounge Recliners, Hindi with English Subtitles",4:40p,2026-10-02T16:40:00-07:00,False,51,39,v2-7a82750111386c80bc4c4ba14f170c2e210fb87b367260fdddb45e2886400e50
aatbx,Cinemark Cedar Hills 16,Cinemark,Portland/OR,Standard,"Reserved seating, Luxury Lounge Recliners, Hindi with English Subtitles",8:00p,2026-10-02T20:00:00-07:00,False,51,25,v2-ce071f428340a1c619577480cd02753af35e813ad7190c24813169464ae39aa9
aatbx,Cinemark Cedar Hills 16,Cinemark,Portland/OR,Standard,"Reserved seating, Luxury Lounge Recliners, Hindi with English Subtitles",11:20p,2026-10-02T23:20:00-07:00,False,51,48,v2-f7530db6426e5b1947b62d8571a0b3298f530a19fa125ecdf529e58c46e90733
aaesc,Regal Movies On TV,Regal,Portland/OR,Standard,"Reserved seating, English Subtitles, Hindi Language, Stadium Seating",12:15p,2026-10-02T12:15:00-07:00,False,112,112,v2-37c896f8542f9b21b990304d151bdbee4aa9b9c169adc8bce2dbb9d7d644990d
aaesc,Regal Movies On TV,Regal,Portland/OR,Standard,"Reserved seating, English Subtitles, Hindi Language, Stadium Seating",7:45p,2026-10-02T19:45:00-07:00,False,112,104,v2-c1da055cc0aab5ed8730b5c591dc80b63e72280850262f36fe296c62de1cac06
aaeux,Regal Edwards Boise,Regal,Idaho/WY,Standard,"Reserved seating, English Subtitles, Hindi Language, Stadium Seating",5:45p,2026-10-02T17:45:00-06:00,False,150,150,v2-a06c1bcce4dee6aff479957a6bdc74378696b9bfca4d64678ea6ef5580f725cc
aaeux,Regal Edwards Boise,Regal,Idaho/WY,Standard,"Reserved seating, English Subtitles, Hindi Language, Stadium Seating",9:25p,2026-10-02T21:25:00-06:00,False,150,150,v2-e0e296b6b6e5b810e9c582ef6fb7ff799e5f7fb61be1367b6721191de6198e06
aatnu,Cinemark Majestic Cinemas,Cinemark,Idaho/WY,Standard,"Reserved seating, Luxury Lounge Recliners, Hindi with English Subtitles",7:15p,2026-10-02T19:15:00-06:00,False,58,52,v2-565800cce686fded011ac8297a9b29e13fa2b99fe63b149ced57dc7aa31aa909
aaexd,Regal Hollywood – Nashville,Regal,Tennessee,Standard,"Reserved seating, English Subtitles, Hindi Language, Stadium Seating, Laser Projection",1:30p,2026-10-02T13:30:00-05:00,False,100,97,v2-c89f89eb36367e07d1c0af07accc690cbbe9b820e542a6a569219b3cab78cc3c
aaexd,Regal Hollywood – Nashville,Regal,Tennessee,Standard,"Reserved seating, English Subtitles, Hindi Language, Stadium Seating, Laser Projection",5:15p,2026-10-02T17:15:00-05:00,False,100,98,v2-3199f662945a34b4b111ae273c13c11c95889a591df018b1aab284af253570af
aaexd,Regal Hollywood – Nashville,Regal,Tennessee,Standard,"Reserved seating, English Subtitles, Hindi Language, Stadium Seating, Laser Projection",9:10p,2026-10-02T21:10:00-05:00,False,100,93,v2-6c2126a753d5ba33b9ed54778a2d7c560f19063ebedd64732c9eb1911cf2be85
aanzf,AMC CLASSIC Murfreesboro 16,AMC,Tennessee,Standard,Hindi Language,10:00p,2026-10-02T22:00:00-05:00,False,,,v2-24603bd972b01d9ab05d77c4dca0a6350d1d7b456f1f20c4f3c8a18d2037bddd
aaumq,Regal Providence,Regal,Tennessee,Standard,"Reserved seating, English Subtitles, Hindi Language, Stadium Seating",1:50p,2026-10-02T13:50:00-05:00,False,94,91,v2-019f48e8204fc8c3fd7bcb0ca7d6e04bdccbdbb277ed82eec6a8803211c3c0ca
aatjd,Regal Pinnacle,Regal,Tennessee,Standard,"Reserved seating, English Subtitles, Hindi Language, Stadium Seating, Laser Projection",9:55a,2026-10-02T09:55:00-04:00,False,105,105,v2-ce5e1af4436c437a65efc3134312f312feef336cc9d300d1cc208c647e7a593e
aatzd,AMC Chattanooga 18,AMC,Tennessee,Standard,"Hindi Language, Reserved seating",12:35p,2026-10-02T12:35:00-04:00,False,98,98,v2-1350e49762841493c61f9eca39554526aef8434fd3021ec345a5908cc919ee41
aatzd,AMC Chattanooga 18,AMC,Tennessee,Standard,"Hindi Language, Adult Supervision Required, Reserved seating",6:40p,2026-10-02T18:40:00-04:00,False,98,94,v2-fea03742e5a799d583516345acdb1c06e0a30b028125c1dd9f168a4085b9234c
aaiqi,Cinemark Tinseltown Louisville and XD,Cinemark,Kentucky,Standard,"Reserved seating, Luxury Lounge Recliners, Hindi with English Subtitles",2:35p,2026-10-02T14:35:00-04:00,False,61,61,v2-b1c45db8ac9bcfc1acc28e831f4813c74e362ab3150c4f8603dc33bc96acedb6
aaiqi,Cinemark Tinseltown Louisville and XD,Cinemark,Kentucky,Standard,"Reserved seating, Luxury Lounge Recliners, Hindi with English Subtitles",6:00p,2026-10-02T18:00:00-04:00,False,61,44,v2-12fb207520d3499fe35ad35a284faf0e67ca72e068334a1dd705fb8922d8db12
aaiqi,Cinemark Tinseltown Louisville and XD,Cinemark,Kentucky,Standard,"Reserved seating, Luxury Lounge Recliners, Hindi with English Subtitles",9:10p,2026-10-02T21:10:00-04:00,False,59,54,v2-cd358dbf578f63e795089ad12ddff832fbdf47caeb8ede0e5c99cf85db7547e3
aaiqi,Cinemark Tinseltown Louisville and XD,Cinemark,Kentucky,Standard,"Reserved seating, Luxury Lounge Recliners, Hindi with English Subtitles",9:25p,2026-10-02T21:25:00-04:00,False,61,33,v2-c431edcc3747650a47d45d88865c8e70ec4c8db8d1e179641260de88c23c287b
aauap,Cinemark Fayette Mall and XD,Cinemark,Kentucky,Standard,"Reserved seating, Luxury Lounge Recliners, Hindi with English Subtitles",9:45p,2026-10-02T21:45:00-04:00,False,70,59,v2-8e2cb1634c1458e23267cde50e7fd3d9a2558535cfab76be80326d980dfe9315
aaogk,Regal Hamburg Pavilion,Regal,Kentucky,Standard,"Reserved seating, English Subtitles, Recliner Seats, Hindi Language, Stadium Seating, Laser Projection",3:15p,2026-10-02T15:15:00-04:00,False,46,46,v2-9b11232ba567970df851c28d6556e0059cb03a5dc1baf5b40268ea09ecd36ff6
aahln,AMC Summit 16,AMC,Alabama/MS,Standard,"Reserved seating, Hindi Language, Recliner Seats",7:10p,2026-10-02T19:10:00-05:00,False,96,74,v2-79d039411aa36fd35482a7790617c2b116e6aa6239511a4767006130736c9ac7
aasvb,AMC Patton Creek 15,AMC,Alabama/MS,Standard,"Reserved seating, Hindi Language",12:40p,2026-10-02T12:40:00-05:00,False,161,161,v2-b52e5038c43fa614273528188fcdc870842e08a95b33f8af48cbce0c7e7f7227
aasvb,AMC Patton Creek 15,AMC,Alabama/MS,Standard,"Reserved seating, Hindi Language",10:10p,2026-10-02T22:10:00-05:00,False,161,161,v2-7d8d19c489b2363c3d9230bace3ef40e96721c5841104a0a4b3a75354a4dc4e9
aawwl,AMC Festival Plaza 16,AMC,Alabama/MS,Standard,"Reserved seating, Hindi Language",3:15p,2026-10-02T15:15:00-05:00,False,154,154,v2-c5735098ae339bfd08ed696d8765adea3b1f63a2a72026f3a74f28ebd74de6b0
aaitj,Cinemark Pearl 17 and XD,Cinemark,Alabama/MS,Standard,"Reserved seating, Luxury Lounge Recliners, Hindi with English Subtitles",10:10p,2026-10-02T22:10:00-05:00,False,49,26,v2-b5dc57cda9955df438e799d5c8019e9c74aeaafa62c650c2e3c2124ea6a1b43f
aaqip,AMC Elmwood Palace 20,AMC,Louisiana/AR,Standard,"Hindi Language, Laser at AMC, Reserved seating",3:30p,2026-10-02T15:30:00-05:00,False,107,106,v2-5f50e75646022df57181268dce24e0eea0e211bd9bc304d337df5cdffab24ca1
aaqsf,Cinemark Colonel Glenn and XD,Cinemark,Louisiana/AR,Standard,"Reserved seating, Luxury Lounge Recliners, Hindi with English Subtitles",9:25p,2026-10-02T21:25:00-05:00,False,80,53,v2-837ceebdae1a178cf24e72db8118fc4c74a92f26dff8804555ebaf185c272b33
aaktw,AMC Quail Springs Mall 24,AMC,Oklahoma,Standard,"Hindi Language, Reserved seating",9:30p,2026-10-02T21:30:00-05:00,False,135,135,v2-db97cf3d17f114508fe8f1cfeae4bf0b1f5da95d1adb43eb087bdf31896a695b
aaitg,Cinemark Tinseltown Oklahoma City and XD,Cinemark,Oklahoma,Standard,"Reserved seating, Luxury Lounge Recliners, Hindi with English Subtitles",6:30p,2026-10-02T18:30:00-05:00,False,75,73,v2-83244363ea5fb8266176267b0a3297aa235d1c0fb9d8200eec11e9fb092f155d
aaitg,Cinemark Tinseltown Oklahoma City and XD,Cinemark,Oklahoma,Standard,"Reserved seating, Luxury Lounge Recliners, Hindi with English Subtitles",9:55p,2026-10-02T21:55:00-05:00,False,75,71,v2-0f43b35b5be76ff3780646b18aee7e2e00bb252d1aa47e7136e7daa6d35d175b
aaswz,Harkins Bricktown 16,Harkins,Oklahoma,Standard,"Reserved seating, Hindi Language",6:10p,2026-10-02T18:10:00-05:00,False,121,119,v2-1b3d31ae46f22ad6ac3481e66311612823eabb105bf00843b8cd57bf1a7f84ad
aaeku,AMC Southroads 20,AMC,Oklahoma,Standard,"Reserved seating, Hindi Language, Recliner Seats",8:00p,2026-10-02T20:00:00-05:00,False,44,34,v2-2be75f131b95cc5ebcdbee47070e8df02fbfcd1e20969c619abde2cd5addcc06
aaopp,Cinemark Tulsa and IMAX,Cinemark,Oklahoma,Standard,"Reserved seating, Luxury Lounge Recliners, Hindi with English Subtitles",11:03a,2026-10-02T11:03:00-05:00,False,63,63,v2-8e313bf22711899d3e93cf1d8529b5b1da5ba333bafff778a0ba85a80fb3eeb3
aaopp,Cinemark Tulsa and IMAX,Cinemark,Oklahoma,Standard,"Reserved seating, Luxury Lounge Recliners, Hindi with English Subtitles",5:00p,2026-10-02T17:00:00-05:00,False,63,62,v2-db6ad2a184361fc6e8edbf0f0c0c5689f0aca01f06b59e41f5930b5990e92351
aaopp,Cinemark Tulsa and IMAX,Cinemark,Oklahoma,Standard,"Reserved seating, Luxury Lounge Recliners, Hindi with English Subtitles",11:00p,2026-10-02T23:00:00-05:00,False,63,63,v2-f3a403f4b0cc2b3e413998801ed5ba7e6f2a3e4c9c8b412cccad09e02bb97886
aaxiw,Cinemark North Hills and XD,Cinemark,Pittsburgh,Standard,"Reserved seating, Luxury Lounge Recliners, Hindi with English Subtitles",1:15p,2026-10-02T13:15:00-04:00,False,39,39,v2-7497250185c578c00e4aa675fbd2a2334ec3cdeef260fe8990a6296b6c596b23
aaxiw,Cinemark North Hills and XD,Cinemark,Pittsburgh,Standard,"Reserved seating, Luxury Lounge Recliners, Hindi with English Subtitles",10:20p,2026-10-02T22:20:00-04:00,False,39,33,v2-cda4609fb71bf031cc469b16e2204b222bae0e04219182edef696eff02c10d12
aavpp,Cinemark Robinson Township and XD,Cinemark,Pittsburgh,Standard,"Reserved seating, Luxury Lounge Recliners, Hindi with English Subtitles",4:35p,2026-10-02T16:35:00-04:00,False,65,65,v2-172935e16b70086742ee7e15e90fd8bb0f162a600fe25997462b70dd277391b0
aavpp,Cinemark Robinson Township and XD,Cinemark,Pittsburgh,Standard,"Reserved seating, Luxury Lounge Recliners, Hindi with English Subtitles",6:30p,2026-10-02T18:30:00-04:00,False,59,35,v2-d1a6c797f326dcfbf350b04c03d2e32747508524906658628f6c1d3e3c29fde2
aavpp,Cinemark Robinson Township and XD,Cinemark,Pittsburgh,Standard,"Reserved seating, Luxury Lounge Recliners, Hindi with English Subtitles",9:10p,2026-10-02T21:10:00-04:00,False,58,57,v2-9ee82477dc825a9d7dcdf85d018c041481bd3336c60e7e8b6e7010b95672d6bc
aavpp,Cinemark Robinson Township and XD,Cinemark,Pittsburgh,Standard,"Reserved seating, Luxury Lounge Recliners, Hindi with English Subtitles",10:00p,2026-10-02T22:00:00-04:00,False,59,32,v2-c841c67e117201463c6963598191b12e764caaa90a7b99d74a6619d9e30eaa03
aaosa,AMC Waterfront 22,AMC,Pittsburgh,Standard,"Laser at AMC, Reserved seating, Hindi Language, Recliner Seats, Adult Supervision Required",8:55p,2026-10-02T20:55:00-04:00,False,102,82,v2-d79e586ecbfcbf33dbf4397d65b8dab656564ab0cedbade88d2460963b485300
aaosa,AMC Waterfront 22,AMC,Pittsburgh,Standard,"Laser at AMC, Reserved seating, Hindi Language",1:30p,2026-10-02T13:30:00-04:00,False,80,78,v2-95610853a67be1d1603f47b7a562358d1589ad828d181b421cbb8526c26ea569
aaxbv,Cinemark Monroeville Mall and XD,Cinemark,Pittsburgh,Standard,"Reserved seating, Hindi with English Subtitles",6:05p,2026-10-02T18:05:00-04:00,False,199,192,v2-3dce80643536c07e51bb6c40bbb177a51952f029416ccfef7d5f6357e0b60b78
aaxbv,Cinemark Monroeville Mall and XD,Cinemark,Pittsburgh,Standard,"Reserved seating, Hindi with English Subtitles",9:30p,2026-10-02T21:30:00-04:00,False,199,199,v2-3a29094e5c54d514dd4ab7ae3769a8561326fe3f6cd5c03629795317233ab447
aajnh,Cinemark Century Anchorage 16 and XD,Cinemark,Alaska/Hawaii,Standard,"Reserved seating, Luxury Lounge Recliners, Hindi with English Subtitles",6:35p,2026-10-02T18:35:00-08:00,False,44,44,v2-b5d95dfea5d81ef5d69d4d9e35de85889fd2cfc437594b2fe1becfc117270702
aange,Regal Dole Cannery,Regal,Alaska/Hawaii,Standard,"Reserved seating, English Subtitles, Hindi Language, Stadium Seating",10:55a,2026-10-02T10:55:00-10:00,False,125,125,v2-2aeddec066a0b9879a27bce796564040a052d53d4d1aac91afe23f784c1122f3
aange,Regal Dole Cannery,Regal,Alaska/Hawaii,Standard,"Reserved seating, English Subtitles, Hindi Language, Stadium Seating",2:25p,2026-10-02T14:25:00-10:00,False,125,125,v2-fe486aaa97ba5a08400430d02301fb917c716993fd4493f4b2246210557ea7a2
aange,Regal Dole Cannery,Regal,Alaska/Hawaii,Standard,"Reserved seating, English Subtitles, Hindi Language, Stadium Seating",5:55p,2026-10-02T17:55:00-10:00,False,125,125,v2-b344ae86db082cdf72b103784d8b3d83be7e2682ceba53a14526c81d555e5dd1
aauba,Apple Cinemas Westbrook,Independent/Desi,Rhode I/NH/ME/VT,Standard,"Reserved seating, Hindi Language",6:30p,2026-10-02T18:30:00-04:00,False,41,40,v2-791e9aac731c33a6f5efbf90369033eda8c2ddf811be3b7f9177059bbfa0040b
aavky,Cinemark Huntington Mall,Cinemark,Delaware/WV,Standard,"Reserved seating, Hindi with English Subtitles",9:40p,2026-10-02T21:40:00-04:00,False,150,140,v2-cc0488ec8911a9b29d7f32777f34bc0d68a32ea7026d912f99bf64ca05f2ff17
