city,state,chain,cinema,cinemaId,pincode,audi,format,showTime,seatStatus,seatsTotal,seatsAvail,sold,grossRs,classes,sessionId
Mumbai,maharashtra,PVR,"PVR C&B Square Chakala  (Formerly Sangam Cinema), Andheri East, Mumbai",1023314,400059,SCREEN 2,2D,2026-10-02T09:50,Available,221,166,55,14140,CLASSIC ROWS:0/27@199; PRIME ROWS:18/132@199; PRIME PLUS ROWS:32/48@269; RECLIINER ROWS:5/14@390,1023314-21287-ob5bpq-1023314
Mumbai,maharashtra,Movietime,"MovieTime Hub Mall, Goregaon (E), Mumbai",1040385,400063,SCREEN6,2D,2026-10-02T04:30,Available,196,159,37,7400,GOLD:37/196@200,1040385-276528-ob5bpq-1040385
Mumbai,maharashtra,Movietime,"MovieTime Hub Mall, Goregaon (E), Mumbai",1040385,400063,SCREEN4,2D,2026-10-02T09:00,Available,196,140,56,15680,GOLD:56/196@280,1040385-276529-ob5bpq-1040385
Mumbai,maharashtra,Movietime,"MovieTime Hub Mall, Goregaon (E), Mumbai",1040385,400063,SCREEN4,2D,2026-10-02T14:30,Available,196,168,28,8400,GOLD:28/196@300,1040385-276530-ob5bpq-1040385
Mumbai,maharashtra,Movietime,"MovieTime Hub Mall, Goregaon (E), Mumbai",1040385,400063,SCREEN4,2D,2026-10-02T17:15,Available,196,176,20,6000,GOLD:20/196@300,1040385-276531-ob5bpq-1040385
Mumbai,maharashtra,Maxus,"Maxus Cinemas, Saki Naka",1067732,400072,SCREEN 4,2D,2026-10-02T05:45,Filling Fast,37,13,24,4776,SOFA:24/37@199,1067732-185867-ob5bpq-1067732
Mumbai,maharashtra,Maxus,"Maxus Cinemas, Saki Naka",1067732,400072,SCREEN 4,2D,2026-10-02T11:45,Available,100,100,0,0,SOFA:0/100@299,1067732-185873-ob5bpq-1067732
Mumbai,maharashtra,Maxus,"Maxus Cinemas, Saki Naka",1067732,400072,SCREEN 4,2D,2026-10-02T17:45,Available,37,37,0,0,SOFA:0/37@349,1067732-185879-ob5bpq-1067732
Mumbai,maharashtra,Cinepolis,"Cinepolis Fun Republic Mall, Andheri (W), Mumbai",146,400053,AUDI 04,2D,2026-10-02T08:45,Available,195,183,12,3360,NORMAL:0/32@240; EXECUTIVE:0/95@260; PREMIUM:12/44@280; PLATINUM:0/24@430,146-6985-ob5bpq-146
Mumbai,maharashtra,PVR,"PVR Market City, Kurla(W), Mumbai",1022270,400072,AUDI 01,2D,2026-10-02T08:50,Available,55,47,8,4480,EXECUTIVE ROWS:0/23@510; ROYAL ROWS:8/32@560,1022270-43417-ob5bpq-1022270
Mumbai,maharashtra,PVR,"PVR Market City, Kurla(W), Mumbai",1022270,400072,AUDI 01,2D,2026-10-02T14:30,Available,55,53,2,1440,EXECUTIVE ROWS:0/23@670; ROYAL ROWS:2/32@720,1022270-43419-ob5bpq-1022270
Mumbai,maharashtra,PVR,"PVR Market City, Kurla(W), Mumbai",1022270,400072,AUDI 08,2D,2026-10-02T17:00,Available,197,195,2,680,CLASSIC ROWS:0/36@130; PRIME ROWS:0/108@320; PRIME PLUS ROWS:2/42@340; EXTRA LEGROOM ROWS:0/11@370,1022270-43431-ob5bpq-1022270
Mumbai,maharashtra,PVR,"PVR Citi Mall, Andheri (West), Mumbai",1013602,400053,SCREEN 5,2D,2026-10-02T06:40,Available,195,193,2,480,CLASSIC ROWS:0/27@130; PRIME ROWS:2/85@240; PRIME PLUS ROWS:0/49@260; EXTRA LEGROOM ROWS:0/10@270; RECLINER ROWS:0/24@530,1013602-32142-ob5bpq-1013602
Mumbai,maharashtra,PVR,"PVR Citi Mall, Andheri (West), Mumbai",1013602,400053,SCREEN 3,2D,2026-10-02T12:20,Available,195,185,10,4450,CLASSIC ROWS:0/27@130; PRIME ROWS:0/85@280; PRIME PLUS ROWS:5/49@300; EXTRA LEGROOM ROWS:0/10@310; RECLINER ROWS:5/24@590,1013602-32150-ob5bpq-1013602
Mumbai,maharashtra,MovieMax,MovieMax: Huma Kanjurmarg (Seats Renovated ),45099,400078,SCREEN 3,2D,2026-10-02T06:30,Available,294,288,6,1120,SILVER:0/95@170; GOLD:2/95@180; PLATINUM:4/104@190,45099-44008-ob5bpq-45099
Mumbai,maharashtra,MovieMax,MovieMax: Huma Kanjurmarg (Seats Renovated ),45099,400078,SCREEN 3,2D,2026-10-02T12:30,Available,294,284,10,2230,SILVER:0/95@210; GOLD:7/95@220; PLATINUM:3/104@230,45099-44010-ob5bpq-45099
Mumbai,maharashtra,PVR,"INOX R City, Ghatkopar (W), Mumbai",1013613,400086,SCREEN 6,2D,2026-10-02T06:20,Available,162,102,60,15120,CLASSIC ROWS:0/22@140; PRIME ROWS:13/78@160; PRIME PLUS ROWS:36/48@240; RECLINER ROWS:11/14@400,1013613-175308-ob5bpq-1013613
Mumbai,maharashtra,PVR,"INOX R City, Ghatkopar (W), Mumbai",1013613,400086,INSIGNIA 9,2D,2026-10-02T10:00,Available,37,31,6,4140,EXECUTIVE ROWS:0/19@640; ROYAL ROWS:6/18@690,1013613-175321-ob5bpq-1013613
Mumbai,maharashtra,PVR,"INOX R City, Ghatkopar (W), Mumbai",1013613,400086,SCREEN 7,2D,2026-10-02T15:05,Available,148,146,2,720,CLASSIC ROWS:0/24@320; PRIME ROWS:0/75@340; PRIME PLUS ROWS:2/37@360; RECLINER ROWS:0/12@660,1013613-175317-ob5bpq-1013613
Mumbai,maharashtra,PVR,"INOX R City, Ghatkopar (W), Mumbai",1013613,400086,SCREEN 7,2D,2026-10-02T18:00,Available,148,148,0,0,CLASSIC ROWS:0/24@320; PRIME ROWS:0/75@340; PRIME PLUS ROWS:0/37@360; RECLINER ROWS:0/12@660,1013613-175318-ob5bpq-1013613
Mumbai,maharashtra,PVR,"PVR ICON Infiniti, Andheri (W), Mumbai",1022250,400053,SCREEN 1,2D,2026-10-02T09:25,Available,236,210,26,8780,CLASSIC ROWS:0/30@240; PRIME ROWS:0/150@260; PRIME PLUS ROWS:20/33@280; EXTRA LEGROOM ROWS:0/11@310; RECLINER ROWS:6/12@530,1022250-33994-ob5bpq-1022250
Mumbai,maharashtra,PVR,"PVR ICON Infiniti, Andheri (W), Mumbai",1022250,400053,SCREEN 2,2D,2026-10-02T17:40,Available,199,197,2,1400,CLASSIC ROWS:0/28@370; PRIME ROWS:0/140@390; PRIME PLUS ROWS:0/16@410; EXTRA LEGROOM ROWS:0/8@440; RECLINER ROWS:2/7@700,1022250-34003-ob5bpq-1022250
Mumbai,maharashtra,PVR,"HDFC Millennia PVR ICON Oberoi Mall, Goregaon (E)",1018530,400063,SCREEN 5,2D,2026-10-02T07:10,Available,237,174,63,19590,CLASSIC ROWS:10/31@160; PRIME ROWS:7/115@270; PRIME PLUS ROWS:40/57@320; RECLINER ROWS:6/34@550,1018530-35132-ob5bpq-1018530
Mumbai,maharashtra,PVR,"HDFC Millennia PVR ICON Oberoi Mall, Goregaon (E)",1018530,400063,SCREEN 5,2D,2026-10-02T12:50,Available,210,189,21,10920,CLASSIC ROWS:0/31@130; PRIME ROWS:6/113@360; PRIME PLUS ROWS:6/36@380; RECLINER ROWS:9/30@720,1018530-35134-ob5bpq-1018530
Mumbai,maharashtra,Rajhans Cinemas,"Rajhans Cinemas Helix 3, Ghatkopar (W), Mumbai",1002515,400086,SCREEN1,2D,2026-10-02T10:30,Available,159,137,22,4400,EXECUTIVE SOFA:0/42@170; PREMIUM SOFA:22/117@200,1002515-15095-ob5bpq-1002515
Mumbai,maharashtra,PVR,"PVR Dynamix, Juhu, Mumbai",1018522,400049,SCREEN 5,2D,2026-10-02T06:30,Available,99,94,5,1400,CLASSIC ROWS:0/10@130; PRIME ROWS:0/63@260; PRIME PLUS ROWS:5/26@280,1018522-30732-ob5bpq-1018522
Mumbai,maharashtra,PVR,"PVR Dynamix, Juhu, Mumbai",1018522,400049,SCREEN 5,2D,2026-10-02T12:20,Available,99,96,3,770,CLASSIC ROWS:1/10@130; PRIME ROWS:0/63@300; PRIME PLUS ROWS:2/26@320,1018522-30734-ob5bpq-1018522
Mumbai,maharashtra,Cinepolis,"Cinepolis Magnet Mall, Bhandup (W), Mumbai",318,400078,AUDI 1,2D,2026-10-02T07:50,Available,140,124,16,3520,NORMAL:0/14@190; EXECUTIVE:0/47@210; PREMIUM PLUS:16/56@220; RECLINER:0/23@440,318-9268-ob5bpq-318
Mumbai,maharashtra,PVR,"PVR Odeon, Ghatkopar East, Mumbai",1013617,400077,SCREEN 2,2D,2026-10-02T08:45,Available,175,152,23,5210,CLASSIC ROWS:0/27@130; PRIME ROWS:15/87@190; PRIME PLUS ROWS:4/39@210; EXTRA LEGROOM ROWS:0/13@210; RECLINER ROWS:4/9@380,1013617-24556-ob5bpq-1013617
Mumbai,maharashtra,PVR,"INOX Megaplex, Inorbit Mall Malad, Mumbai",1013607,400064,INSIGNIA 9,2D,2026-10-02T03:50,Available,34,23,11,4570,EXECUTIVE ROWS:7/24@390; ROYAL ROWS:4/10@460,1013607-234687-ob5bpq-1013607
Mumbai,maharashtra,PVR,"INOX Megaplex, Inorbit Mall Malad, Mumbai",1013607,400064,INSIGNIA 10,2D,2026-10-02T06:40,Available,46,35,11,7590,EXECUTIVE ROWS:0/32@500; ROYAL ROWS:11/14@690,1013607-234748-ob5bpq-1013607
Mumbai,maharashtra,PVR,"INOX Megaplex, Inorbit Mall Malad, Mumbai",1013607,400064,INSIGNIA 9,2D,2026-10-02T12:05,Available,38,30,8,6240,EXECUTIVE ROWS:0/24@710; ROYAL ROWS:8/14@780,1013607-234690-ob5bpq-1013607
Mumbai,maharashtra,PVR,"INOX Megaplex, Inorbit Mall Malad, Mumbai",1013607,400064,INSIGNIA 9,2D,2026-10-02T17:55,Available,34,34,0,0,EXECUTIVE ROWS:0/24@870; ROYAL ROWS:0/10@940,1013607-234692-ob5bpq-1013607
Mumbai,maharashtra,Bharath INC	,"Bharat Cineplex, Kurla (W), Mumbai",1012094,400070,SCREEN 1,2D,2026-10-02T08:00,Available,199,199,0,0,PREMIUM:0/181@150; SOFA:0/18@200,1012094-46042-ob5bpq-1012094
Mumbai,maharashtra,PVR,"PVR Lido, Santacruz (W), Mumbai",1028887,400049,SCREEN 2,2D,2026-10-02T09:35,Available,68,47,21,6720,PRIME:0/36@300; PRIME PLUS:21/32@320,1028887-16186-ob5bpq-1028887
Mumbai,maharashtra,PVR,"PVR Infiniti Malad, Malad (W), Mumbai",1018523,400065,SCREEN 5,2D,2026-10-02T09:45,Available,71,45,26,7980,CLASSIC ROWS:6/26@130; PRIME ROWS:20/45@360,1018523-28809-ob5bpq-1018523
Mumbai,maharashtra,PVR,"PVR Infiniti Malad, Malad (W), Mumbai",1018523,400065,SCREEN 4,2D,2026-10-02T15:25,Available,145,142,3,1650,CLASSIC ROWS:0/12@130; PRIME ROWS:0/69@330; PRIME PLUS ROWS:1/45@350; EXTRA LEGROOM ROWS:0/12@380; RECLINER ROWS:2/7@650,1018523-28805-ob5bpq-1018523
Mumbai,maharashtra,Movietime,"MovieTime Malad (W), Mumbai",1040387,400064,SCREEN 2,2D,2026-10-02T12:15,Available,70,64,6,1080,DRESS CIRCLE:6/70@180,1040387-61331-ob5bpq-1040387
Mumbai,maharashtra,PVR,"Maison PVR Jio World Drive, BKC, Mumbai",1022288,400051,AUDI 01,2D,2026-10-02T04:00,Available,24,14,10,4400,RECLINER:2/12@400; RECLINER PRIME:8/12@450,1022288-31410-ob5bpq-1022288
Mumbai,maharashtra,PVR,"Maison PVR Jio World Drive, BKC, Mumbai",1022288,400051,AUDI 01,2D,2026-10-02T14:45,Available,18,16,2,2300,RECLINER:0/12@1100; RECLINER PRIME:2/6@1150,1022288-31414-ob5bpq-1022288
Mumbai,maharashtra,Cinepolis,"Fun Cinema K Star Mall, Chembur (E), Mumbai",145,400071,AUDI 05,2D,2026-10-02T07:55,Available,269,251,18,4500,NORMAL:0/17@210; EXECUTIVE:0/95@230; PREMIUM:18/141@250; PREMIUM XL:0/16@270,145-8361-ob5bpq-145
Mumbai,maharashtra,Cinepolis,"Fun Cinema K Star Mall, Chembur (E), Mumbai",145,400071,AUDI 05,2D,2026-10-02T14:10,Available,269,259,10,3000,NORMAL:0/17@260; EXECUTIVE:0/95@280; PREMIUM:10/141@300; PREMIUM XL:0/16@320,145-8363-ob5bpq-145
Mumbai,maharashtra,Gold,"Gold Cinema: Malad, Savera Heights, Mumbai",4183,400095,AUDI 2,2D,2026-10-02T13:00,Available,258,258,0,0,GOLD:0/150@200; SILVER:0/93@200; BOX:0/15@250,4183-51445-ob5bpq-4183
Mumbai,maharashtra,Movietime,"MovieTime Chembur, Mumbai",1040113,400074,SCREEN 6,2D,2026-10-02T03:30,Available,202,176,26,5200,SILVER:23/185@200; SILVER 1:3/17@200,1040113-126467-ob5bpq-1040113
Mumbai,maharashtra,Movietime,"MovieTime Chembur, Mumbai",1040113,400074,SCREEN 6,2D,2026-10-02T09:00,Available,202,155,47,11750,SILVER:37/185@250; SILVER 1:10/17@250,1040113-126466-ob5bpq-1040113
Mumbai,maharashtra,Movietime,"MovieTime Chembur, Mumbai",1040113,400074,SCREEN 6,2D,2026-10-02T14:45,Available,202,185,17,5100,SILVER:17/185@300; SILVER 1:0/17@300,1040113-126465-ob5bpq-1040113
Mumbai,maharashtra,Movietime,"MovieTime Chembur, Mumbai",1040113,400074,SCREEN 6,2D,2026-10-02T17:30,Available,202,185,17,5100,SILVER:17/185@300; SILVER 1:0/17@300,1040113-126464-ob5bpq-1040113
Mumbai,maharashtra,MovieMax,"MovieMax Sion, Mumbai",27028,400022,SCREEN3,2D,2026-10-02T15:40,Available,144,144,0,0,PRIME:0/93@270; CLASSIC:0/45@270; PRIME PLUS:0/6@320,27028-37603-ob5bpq-27028
Mumbai,maharashtra,PVR,"INOX Raghuleela Mega Mall, Kandivali (W), Mumbai",1013610,400067,SCREEN 4,2D,2026-10-02T06:40,Available,198,195,3,750,CLASSIC ROWS:0/26@99; PRIME ROWS:3/115@250; PRIME PLUS ROWS:0/57@270,1013610-102620-ob5bpq-1013610
Mumbai,maharashtra,PVR,"INOX Raghuleela Mega Mall, Kandivali (W), Mumbai",1013610,400067,SCREEN 4,2D,2026-10-02T18:25,Available,198,198,0,0,CLASSIC ROWS:0/26@99; PRIME ROWS:0/115@300; PRIME PLUS ROWS:0/57@320,1013610-102594-ob5bpq-1013610
Mumbai,maharashtra,miraj,"Miraj Cinemas : R Mall, Mulund",1013961,400080,SCREEN 4,2D,2026-10-02T06:00,Available,240,228,12,3000,GOLD:9/190@200; SILVER:0/37@200; PLATINUM RECLINER:3/13@400,1013961-26825-ob5bpq-1013961
Mumbai,maharashtra,miraj,"Miraj Cinemas : R Mall, Mulund",1013961,400080,SCREEN 4,2D,2026-10-02T13:30,Available,240,228,12,4180,GOLD:7/190@240; SILVER:0/37@240; PLATINUM RECLINER:5/13@500,1013961-26828-ob5bpq-1013961
Mumbai,maharashtra,PVR,"INOX Megaplex, Oberoi Sky City Mall, Mumbai",1089402,400066,SCREEN 3,2D,2026-10-02T03:30,Available,129,110,19,4580,CLASSIC:2/22@200; PRIME:4/45@220; LOUNGER:0/3@240; PRIME PLUS:10/35@240; PICTURE PERFECT:3/24@300,1089402-23007-ob5bpq-1089402
Mumbai,maharashtra,PVR,"INOX Megaplex, Oberoi Sky City Mall, Mumbai",1089402,400066,SCREEN 3,2D,2026-10-02T09:20,Available,163,93,70,29060,CLASSIC:0/20@300; PRIME:23/69@320; LOUNGER:3/8@340; PRIME PLUS:32/42@440; PICTURE PERFECT:12/24@550,1089402-23009-ob5bpq-1089402
Mumbai,maharashtra,PVR,"INOX Megaplex, Oberoi Sky City Mall, Mumbai",1089402,400066,SCREEN 3,2D,2026-10-02T15:10,Available,129,123,6,2300,CLASSIC:0/22@350; PRIME:2/45@370; LOUNGER:0/3@390; PRIME PLUS:4/35@390; PICTURE PERFECT:0/24@490,1089402-23011-ob5bpq-1089402
Mumbai,maharashtra,PVR,"INOX Megaplex, Oberoi Sky City Mall, Mumbai",1089402,400066,SCREEN 4,2D,2026-10-02T18:10,Available,128,128,0,0,CLASSIC:0/18@350; PRIME:0/41@370; LOUNGER:0/6@390; PRIME PLUS:0/35@390; PICTURE PERFECT:0/28@490,1089402-23044-ob5bpq-1089402
Mumbai,maharashtra,miraj,"Miraj Cinemas : IMAX, Wadala",1038682,400037,SCREEN 4,2D,2026-10-02T09:30,Available,326,314,12,4700,EXECUTIVE:0/84@310; PLATINUM:10/194@340; LOUNGER:0/22@350; RECLINER:2/26@650,1038682-19972-ob5bpq-1038682
Mumbai,maharashtra,miraj,"Miraj Cinemas : IMAX, Wadala",1038682,400037,SCREEN 2,2D,2026-10-02T17:55,Available,242,238,4,1000,EXECUTIVE:0/60@170; PLATINUM:0/147@190; LOUNGER:0/16@200; RECLINER:4/19@250,1038682-19926-ob5bpq-1038682
Thane,maharashtra,MovieMax,"MovieMax: Eternity Mall, Thane (Newly Renovated)",59128,400604,SCREEN 4,2D,2026-10-02T07:30,Available,238,227,11,2200,CLASSIC:0/38@180; PRIME:11/168@200; RECLINER:0/32@410,59128-41625-ob5bpq-59128
Thane,maharashtra,MovieMax,"MovieMax: Eternity Mall, Thane (Newly Renovated)",59128,400604,SCREEN 4,2D,2026-10-02T13:30,Available,238,236,2,360,CLASSIC:0/38@170; PRIME:2/168@180; RECLINER:0/32@350,59128-41627-ob5bpq-59128
Thane,maharashtra,PVR,"INOX Korum Mall, Mangal Pandey Road, Thane (W)",1018545,400606,SCREEN 3,2D,2026-10-02T03:35,Available,200,167,33,4567,CLASSIC ROWS:0/34@99; PRIME PLUS ROWS:20/80@99; PRIME ROWS:0/68@99; RECLINER ROWS:13/18@199,1018545-101799-ob5bpq-1018545
Thane,maharashtra,PVR,"INOX Korum Mall, Mangal Pandey Road, Thane (W)",1018545,400606,SCREEN 3,2D,2026-10-02T08:45,Available,200,118,82,22218,CLASSIC ROWS:12/34@99; PRIME ROWS:9/68@250; PRIME PLUS ROWS:57/80@300; RECLINER ROWS:4/18@420,1018545-101801-ob5bpq-1018545
Mumbai,maharashtra,Maxus,"Maxus Cinemas, Borivali (W)",1067731,400092,SCREEN 3,2D,2026-10-02T02:45,Available,200,200,0,0,COUPLE:0/100@349; RECLINER:0/100@349,1067731-132604-ob5bpq-1067731
Mumbai,maharashtra,Maxus,"Maxus Cinemas, Borivali (W)",1067731,400092,SCREEN 3,2D,2026-10-02T17:45,Available,68,68,0,0,COUPLE:0/26@549; RECLINER:0/42@549,1067731-132589-ob5bpq-1067731
Thane,maharashtra,Cinepolis,"Cinepolis Lake Shore, Thane (EX Cinepolis Viviana Mall, Thane)",114,400606,AUDI 09,2D,2026-10-02T03:30,Available,177,160,17,1870,NORMAL:0/13@110; EXECUTIVE:0/42@110; PREMIUM:0/62@110; PREMIUM XL:0/14@110; PREMIUM PLUS:17/46@110,114-16001-ob5bpq-114
Thane,maharashtra,Cinepolis,"Cinepolis Lake Shore, Thane (EX Cinepolis Viviana Mall, Thane)",114,400606,AUDI 09,2D,2026-10-02T06:15,Available,177,122,55,16750,NORMAL:0/13@230; EXECUTIVE:0/42@270; PREMIUM:25/62@290; PREMIUM PLUS:20/46@310; PREMIUM XL:10/14@330,114-16002-ob5bpq-114
Thane,maharashtra,Cinepolis,"Cinepolis Lake Shore, Thane (EX Cinepolis Viviana Mall, Thane)",114,400606,AUDI 09,2D,2026-10-02T12:15,Available,177,151,26,9100,NORMAL:0/13@270; EXECUTIVE:2/42@310; PREMIUM:2/62@330; PREMIUM PLUS:16/46@350; PREMIUM XL:6/14@370,114-16004-ob5bpq-114
Thane,maharashtra,Cinepolis,"Cinepolis VIP Lake Shore, Thane (EX Cinepolis Viviana Mall, Thane)",123,400606,AUDI 04,2D,2026-10-02T17:05,Available,76,68,8,6000,VIP EXECUTIVE:0/18@650; VIP PREMIUM:8/58@750,123-5813-ob5bpq-123
Navi Mumbai,maharashtra,Cinepolis,"Cinepolis Aurum, Navi Mumbai",1042335,400701,AUDI 01,2D,2026-10-02T12:45,Available,254,241,13,3930,NORMAL:0/14@210; EXECUTIVE:3/48@230; PREMIUM:0/80@250; PREMIUM PLUS:8/100@270; RECLINER:2/12@540,1042335-6736-ob5bpq-1042335
Navi Mumbai,maharashtra,PVR,"INOX Palm Beach Galleria Mall, Vashi, Navi Mumbai",1029922,400703,INSIGNIA 4,2D,2026-10-02T07:10,Available,36,32,4,1640,ROYAL RECLINER ROWS:4/36@410,1029922-60957-ob5bpq-1029922
Thane,maharashtra,MovieMax,"MovieMax Wonder, Thane, Mumbai",59129,400601,SCREEN2,2D,2026-10-02T10:30,Available,252,247,5,1000,PRIME:3/154@200; PRIME PLUS:2/32@200; CLASSIC:0/66@200,59129-40860-ob5bpq-59129
Thane,maharashtra,MovieMax,"MovieMax Wonder, Thane, Mumbai",59129,400601,SCREEN2,2D,2026-10-02T16:30,Available,252,252,0,0,CLASSIC:0/66@200; PRIME:0/154@220; PRIME PLUS:0/32@250,59129-40862-ob5bpq-59129
Mumbai,maharashtra,Cinepolis,"Cinepolis High Street Mall, Thane (formerly Cinema Star High Street), Mumbai",1027253,400601,AUDI 02,2D,2026-10-02T13:00,Available,221,209,12,2520,NORMAL:12/221@210,1027253-7879-ob5bpq-1027253
New Delhi,delhi,PVR,"PVR ECX, Chanakyapuri, New Delhi",1022277,110021,AUDI 02,2D,2026-10-02T06:55,Available,271,178,93,35980,CLASSIC ROWS:64/95@370; PRIME ROWS:15/135@400; PRIME PLUS ROWS:14/41@450,1022277-15800-ob5bpq-1022277
New Delhi,delhi,PVR,"INOX Patel Nagar, New Delhi",1018960,110008,SCREEN 1,2D,2026-10-02T07:50,Available,230,176,54,18650,EXECUTIVE:6/105@290; CLUB:17/87@320; ROYAL:31/38@370,1018960-93464-ob5bpq-1018960
New Delhi,delhi,PVR,"INOX Patel Nagar, New Delhi",1018960,110008,SCREEN 1,2D,2026-10-02T13:50,Available,216,216,0,0,EXECUTIVE:0/105@310; CLUB:0/81@340; ROYAL:0/30@350,1018960-93466-ob5bpq-1018960
New Delhi,delhi,Cinepolis,"Cinepolis V3S Mall, Laxmi Nagar, New Delhi",1335,110092,SCREEN 4,2D,2026-10-02T06:45,Filling Fast,164,64,100,35700,NORMAL:2/12@260; EXECUTIVE:12/56@340; PREMIUM:79/85@360; EXECUTIVE XL:7/11@380,1335-7037-ob5bpq-1335
New Delhi,delhi,Cinepolis,"Cinepolis V3S Mall, Laxmi Nagar, New Delhi",1335,110092,SCREEN 4,2D,2026-10-02T14:55,Available,162,142,20,6000,NORMAL:0/12@200; EXECUTIVE:0/56@280; PREMIUM:20/83@300; EXECUTIVE XL:0/11@320,1335-7036-ob5bpq-1335
New Delhi,delhi,Cinepolis,"Cinepolis V3S East Center (New), Beside Nirman Vihar Metro Station, Laxmi Nagar",1011683,110092,AUDI8,2D,2026-10-02T04:05,Available,136,124,12,4080,NORMAL:0/10@300; EXECUTIVE:2/48@320; PREMIUM:8/54@340; PREMIUM XL:2/14@360; RECLINER:0/10@720,1011683-6941-ob5bpq-1011683
New Delhi,delhi,Cinepolis,"Cinepolis V3S East Center (New), Beside Nirman Vihar Metro Station, Laxmi Nagar",1011683,110092,AUDI8,2D,2026-10-02T09:05,Available,136,84,52,23700,NORMAL:0/10@360; EXECUTIVE:0/48@380; PREMIUM:33/54@400; PREMIUM XL:13/14@420; RECLINER:6/10@840,1011683-6939-ob5bpq-1011683
New Delhi,delhi,Cinepolis,"Cinepolis V3S East Center (New), Beside Nirman Vihar Metro Station, Laxmi Nagar",1011683,110092,AUDI8,2D,2026-10-02T12:05,Available,136,112,24,10580,NORMAL:0/10@340; EXECUTIVE:0/48@360; PREMIUM:11/54@380; PREMIUM XL:10/14@400; RECLINER:3/10@800,1011683-6940-ob5bpq-1011683
New Delhi,delhi,PVR,"PVR Midtown Moti Nagar, Delhi",1102265,110015,SCREEN 1,2D,2026-10-02T11:05,Available,110,65,45,18560,CLASSIC ROWS:11/64@300; PRIME ROWS:22/28@350; RECLINER ROWS:12/18@630,1102265-3228-ob5bpq-1102265
New Delhi,delhi,PVR,"PVR Naraina, Community Centre, New Delhi",1022249,110028,AUDI 2,2D,2026-10-02T05:05,Available,127,60,67,9983,CLASSIC ROWS:0/42@149; PRIME PLUS ROWS:43/43@149; PRIME ROWS:24/42@149,1022249-22404-ob5bpq-1022249
New Delhi,delhi,PVR,"PVR Naraina, Community Centre, New Delhi",1022249,110028,AUDI 2,2D,2026-10-02T11:10,Available,113,100,13,3308,CLASSIC ROWS:2/42@149; PRIME ROWS:6/42@260; PRIME PLUS ROWS:5/29@290,1022249-22415-ob5bpq-1022249
New Delhi,delhi,miraj,"Miraj Cinemas : Vikas Cinemall, Shahdara",20936,110032,SCREEN 2,2D,2026-10-02T11:55,Available,149,112,37,8140,SPECIAL:0/39@200; EXECUTIVE:37/110@220,20936-30356-ob5bpq-20936
New Delhi,delhi,miraj,"Miraj Cinemas : Vikas Cinemall, Shahdara",20936,110032,SCREEN 2,2D,2026-10-02T17:25,Available,149,145,4,880,SPECIAL:0/39@200; EXECUTIVE:4/110@220,20936-30357-ob5bpq-20936
New Delhi,delhi,Cinepolis,"Cinepolis Cross River Mall, Shahdara, New Delhi",1333,110032,SCREEN 4,2D,2026-10-02T05:30,Available,129,119,10,3360,NORMAL:0/12@240; EXECUTIVE:2/36@320; PREMIUM:8/81@340,1333-5626-ob5bpq-1333
New Delhi,delhi,Cinepolis,"Cinepolis Cross River Mall, Shahdara, New Delhi",1333,110032,SCREEN 4,2D,2026-10-02T11:15,Available,129,93,36,12540,NORMAL:0/12@250; EXECUTIVE:3/36@330; PREMIUM:33/81@350,1333-5627-ob5bpq-1333
New Delhi,delhi,Cinepolis,"Cinepolis Cross River Mall, Shahdara, New Delhi",1333,110032,SCREEN 4,2D,2026-10-02T17:20,Available,129,123,6,2100,NORMAL:0/12@250; EXECUTIVE:0/36@330; PREMIUM:6/81@350,1333-5628-ob5bpq-1333
New Delhi,delhi,miraj,"Miraj Cinemas : Chand, Mayur Vihar Phase 1",1037340,110091,SCREEN 3,2D,2026-10-02T04:05,Available,55,53,2,900,RECLINER:2/55@450,1037340-23809-ob5bpq-1037340
New Delhi,delhi,miraj,"Miraj Cinemas : Chand, Mayur Vihar Phase 1",1037340,110091,SCREEN 3,2D,2026-10-02T09:40,Available,55,55,0,0,RECLINER:0/55@450,1037340-23811-ob5bpq-1037340
New Delhi,delhi,miraj,"Miraj Cinemas : Chand, Mayur Vihar Phase 1",1037340,110091,SCREEN 6,2D,2026-10-02T17:45,Available,146,146,0,0,SILVER:0/70@220; GOLD:0/76@270,1037340-23820-ob5bpq-1037340
New Delhi,delhi,Cinepolis,"Cinepolis Pacific NSP2, Pitampura, New Delhi",52078,110034,AUDI 6,2D,2026-10-02T05:05,Available,183,137,46,17470,NORMAL:0/11@250; EXECUTIVE:7/39@270; PREMIUM:0/26@360; PREMIUM PLUS:37/84@380; PREMIUM XL:0/12@400; RECLINER:2/11@760,52078-12973-ob5bpq-52078
New Delhi,delhi,Cinepolis,"Cinepolis Pacific NSP2, Pitampura, New Delhi",52078,110034,AUDI 6,2D,2026-10-02T07:45,Available,183,86,97,44420,NORMAL:0/11@270; EXECUTIVE:8/39@340; PREMIUM:11/26@400; PREMIUM PLUS:58/84@420; PREMIUM XL:11/12@440; RECLINER:9/11@900,52078-12974-ob5bpq-52078
New Delhi,delhi,Cinepolis,"Cinepolis Pacific NSP2, Pitampura, New Delhi",52078,110034,AUDI 6,2D,2026-10-02T10:40,Available,183,149,34,16280,NORMAL:0/11@270; EXECUTIVE:0/39@320; PREMIUM:5/26@380; PREMIUM PLUS:19/84@400; PREMIUM XL:4/12@420; RECLINER:6/11@850,52078-12975-ob5bpq-52078
New Delhi,delhi,Cinepolis,"Cinepolis Pacific NSP2, Pitampura, New Delhi",52078,110034,AUDI 6,2D,2026-10-02T13:45,Available,183,136,47,20400,NORMAL:0/11@270; EXECUTIVE:14/39@320; PREMIUM:2/26@380; PREMIUM PLUS:22/84@400; PREMIUM XL:3/12@420; RECLINER:6/11@850,52078-12976-ob5bpq-52078
New Delhi,delhi,Cinepolis,"Cinepolis Pacific NSP2, Pitampura, New Delhi",52078,110034,AUDI 6,2D,2026-10-02T16:45,Available,183,173,10,4000,NORMAL:0/11@270; EXECUTIVE:0/39@320; PREMIUM:0/26@380; PREMIUM PLUS:10/84@400; PREMIUM XL:0/12@420; RECLINER:0/11@850,52078-12977-ob5bpq-52078
Ghaziabad,uttar-pradesh,PVR,"PVR EDM, EDM Mall, Ghaziabad",1020700,201010,AUDI 3,2D,2026-10-02T03:30,Available,187,135,52,7748,CLASSIC:0/102@149; PRIME:52/85@149,1020700-16096-ob5bpq-1020700
Ghaziabad,uttar-pradesh,PVR,"PVR EDM, EDM Mall, Ghaziabad",1020700,201010,AUDI 3,2D,2026-10-02T15:00,Available,170,170,0,0,CLASSIC:0/102@260; PRIME:0/68@280,1020700-16100-ob5bpq-1020700
New Delhi,delhi,miraj,"Miraj Cinemas : Aakash, Azadpur",1074336,110033,SCREEN 2,2D,2026-10-02T06:30,Available,99,77,22,5500,SILVER:0/24@250; GOLD:22/75@250,1074336-6980-ob5bpq-1074336
New Delhi,delhi,miraj,"Miraj Cinemas : Aakash, Azadpur",1074336,110033,SCREEN 2,2D,2026-10-02T17:45,Available,99,99,0,0,SILVER:0/24@250; GOLD:0/75@250,1074336-6983-ob5bpq-1074336
New Delhi,delhi,PVR,"INOX Insignia At Epicuria, Nehru Place, New Delhi",1018958,110019,INSIGNIA 3,2D,2026-10-02T05:05,Available,29,29,0,0,RECLINER:0/18@600; RECLINER PRIME:0/11@600,1018958-46099-ob5bpq-1018958
New Delhi,delhi,PVR,"PVR Cinemagic, Unity One Elegante, NSP, Pitampura",1102047,110034,AUDI 1,2D,2026-10-02T03:35,Available,111,104,7,1043,CLASSIC:0/44@149; PRIME:7/56@149; RECLINER:0/11@499,1102047-10709-ob5bpq-1102047
New Delhi,delhi,PVR,"PVR Cinemagic, Unity One Elegante, NSP, Pitampura",1102047,110034,AUDI 1,2D,2026-10-02T09:25,Filling Fast,125,37,88,37040,CLASSIC:17/44@300; PRIME:63/70@380; RECLINER:8/11@1000,1102047-10711-ob5bpq-1102047
New Delhi,delhi,PVR,"PVR Cinemagic, Unity One Elegante, NSP, Pitampura",1102047,110034,AUDI 1,2D,2026-10-02T15:15,Available,125,104,21,13300,CLASSIC:0/44@400; PRIME:14/70@450; RECLINER:7/11@1000,1102047-10713-ob5bpq-1102047
New Delhi,delhi,PVR,"INOX Nehru Place,  District Centre, New Delhi",1018954,110019,SCREEN 1,2D,2026-10-02T04:45,Available,54,54,0,0,RECLINER:0/28@550; RECLINER PRIME:0/26@550,1018954-94952-ob5bpq-1018954
New Delhi,delhi,PVR,"INOX Nehru Place,  District Centre, New Delhi",1018954,110019,SCREEN 3,2D,2026-10-02T09:45,Available,178,81,97,37386,EXECUTIVE:19/70@290; XTRA LEGROOM:4/15@384; CLUB:42/60@410; ROYAL:32/33@410,1018954-94959-ob5bpq-1018954
New Delhi,delhi,PVR,"INOX RCube Monad Mall, New Delhi",1018959,110027,SCREEN 5,2D,2026-10-02T12:20,Available,28,28,0,0,RECLINER:0/17@1000; RECLINER PRIME:0/11@1100,1018959-41687-ob5bpq-1018959
New Delhi,delhi,PVR,"PVR Shalimar Bagh, DLF City Centre Mall, New Delhi",1022278,110088,AUDI 2,2D,2026-10-02T07:55,Available,188,162,26,8280,CLASSIC ROWS:18/133@300; PRIME ROWS:8/55@360,1022278-20447-ob5bpq-1022278
New Delhi,delhi,PVR,"PVR Shalimar Bagh, DLF City Centre Mall, New Delhi",1022278,110088,AUDI 2,2D,2026-10-02T14:00,Available,188,188,0,0,CLASSIC ROWS:0/133@360; PRIME ROWS:0/55@410,1022278-20449-ob5bpq-1022278
New Delhi,delhi,PVR,"INOX Vishal Mall, Rajouri Garden, New Delhi",1018962,110027,SCREEN 2,2D,2026-10-02T07:10,Available,148,111,37,14920,EXECUTIVE:0/30@340; CLUB:17/90@360; ROYAL:20/28@440,1018962-42036-ob5bpq-1018962
New Delhi,delhi,PVR,"INOX Vishal Mall, Rajouri Garden, New Delhi",1018962,110027,SCREEN 1,2D,2026-10-02T17:25,Available,76,74,2,880,EXECUTIVE:0/40@420; CLUB:2/36@440,1018962-42034-ob5bpq-1018962
New Delhi,delhi,Wave Cinema,"Wave Cinemas, Raja Garden",1058536,110027,WAVE 0.1,2D,2026-10-02T06:30,Available,116,108,8,2240,CLASSIC:8/116@280,1058536-142766-ob5bpq-1058536
New Delhi,delhi,Wave Cinema,"Wave Cinemas, Raja Garden",1058536,110027,WAVE 0.1,2D,2026-10-02T12:00,Available,116,116,0,0,CLASSIC:0/116@300,1058536-142765-ob5bpq-1058536
New Delhi,delhi,Wave Cinema,"Wave Cinemas, Raja Garden",1058536,110027,WAVE 0.1,2D,2026-10-02T17:30,Available,116,116,0,0,CLASSIC:0/116@300,1058536-142764-ob5bpq-1058536
Ghaziabad,uttar-pradesh,Wave,"Wave Cinemas, Kaushambi",1041051,201012,WAVE 0.2,2D,2026-10-02T06:30,Available,178,168,10,2500,CLASSIC:10/178@250,1041051-160057-ob5bpq-1041051
Ghaziabad,uttar-pradesh,Wave,"Wave Cinemas, Kaushambi",1041051,201012,WAVE 0.2,2D,2026-10-02T12:00,Available,178,176,2,500,CLASSIC:2/178@250,1041051-160055-ob5bpq-1041051
Ghaziabad,uttar-pradesh,Wave,"Wave Cinemas, Kaushambi",1041051,201012,WAVE 0.2,2D,2026-10-02T17:30,Available,178,178,0,0,CLASSIC:0/178@250,1041051-160053-ob5bpq-1041051
New Delhi,delhi,M2K,"M2K Pitampura, New Delhi",1038832,110034,AUDI 3,2D,2026-10-02T09:00,Available,183,164,19,4750,SILVER:19/166@250; GOLD:0/17@300,1038832-119706-ob5bpq-1038832
New Delhi,delhi,M2K,"M2K Pitampura, New Delhi",1038832,110034,AUDI 3,2D,2026-10-02T17:45,Available,183,168,15,3000,SILVER:15/166@200; GOLD:0/17@250,1038832-119709-ob5bpq-1038832
New Delhi,delhi,miraj,"Miraj Cinemas : Ivory Tower, Subhash Nagar",1338,110018,AUDI 2,2D,2026-10-02T06:45,Available,196,182,14,3640,CLUB:14/164@260; SILVER:0/32@260,1338-42895-ob5bpq-1338
New Delhi,delhi,PVR,"PVR Pacific, Subhash Nagar, New Delhi",1022260,110018,SCREEN 5,2D,2026-10-02T04:25,Available,132,72,60,11940,CLASSIC ROWS:2/48@199; PRIME ROWS:58/84@199,1022260-28169-ob5bpq-1022260
New Delhi,delhi,PVR,"PVR Pacific, Subhash Nagar, New Delhi",1022260,110018,SCREEN 2,2D,2026-10-02T09:25,Available,194,96,98,55440,CLASSIC ROWS:0/38@410; PRIME PLUS ROWS:38/42@460; PRIME ROWS:23/76@460; RECLINER ROWS:37/38@740,1022260-28165-ob5bpq-1022260
New Delhi,delhi,PVR,"PVR Pacific, Subhash Nagar, New Delhi",1022260,110018,SCREEN 2,2D,2026-10-02T15:10,Available,194,152,42,25180,CLASSIC ROWS:0/38@460; PRIME PLUS ROWS:19/42@490; PRIME ROWS:0/76@490; RECLINER ROWS:23/38@690,1022260-28167-ob5bpq-1022260
New Delhi,delhi,PVR,"PVR Pacific, Subhash Nagar, New Delhi",1022260,110018,SCREEN 5,2D,2026-10-02T17:45,Available,112,112,0,0,CLASSIC ROWS:0/48@460; PRIME ROWS:0/64@490,1022260-28173-ob5bpq-1022260
Ghaziabad,uttar-pradesh,PVR,"PVR Mahagun, Mahagun Metro Mall, Ghaziabad",1020699,201010,AUDI 04,2D,2026-10-02T11:30,Available,169,148,21,7620,CLASSIC:0/90@280; PRIME:15/69@300; RECLINER:6/10@520,1020699-24121-ob5bpq-1020699
New Delhi,delhi,PVR,"PVR Select City Walk, Saket, New Delhi",1022254,110017,AUDI 06,2D,2026-10-02T04:20,Available,168,127,41,14930,CLASSIC NORMAL:4/96@310; CLA SUPERIOR:31/47@340; XTRA LEGROOM:3/16@400; RECLINER:3/9@650,1022254-34578-ob5bpq-1022254
New Delhi,delhi,PVR,"PVR Select City Walk, Saket, New Delhi",1022254,110017,AUDI 05,2D,2026-10-02T09:25,Available,164,97,67,36070,CLASSIC NORMAL:6/90@350; CLA SUPERIOR:51/64@470; RECLINER:10/10@1000,1022254-34574-ob5bpq-1022254
New Delhi,delhi,PVR,"PVR Select City Walk, Saket, New Delhi",1022254,110017,AUDI 05,2D,2026-10-02T15:15,Available,147,147,0,0,CLASSIC NORMAL:0/90@390; CLA SUPERIOR:0/47@440; RECLINER:0/10@750,1022254-34576-ob5bpq-1022254
New Delhi,delhi,Cinepolis,"Cinepolis DLF Avenue, Saket, New Delhi",1390,110017,SCREEN 6,2D,2026-10-02T06:20,Available,155,116,39,16320,NORMAL:0/14@320; EXECUTIVE:2/28@360; PREMIUM:35/104@400; VIP:2/9@800,1390-10043-ob5bpq-1390
New Delhi,delhi,Cinepolis,"Cinepolis DLF Avenue, Saket, New Delhi",1390,110017,SCREEN 6,2D,2026-10-02T12:00,Available,155,134,21,9200,NORMAL:0/14@320; EXECUTIVE:0/28@360; PREMIUM:19/104@400; VIP:2/9@800,1390-10045-ob5bpq-1390
New Delhi,delhi,PVR,"PVR Promenade, Vasant Kunj, New Delhi",1019394,110070,SCREEN 1,2D,2026-10-02T04:00,Available,129,108,21,4179,CLASSIC ROWS:0/96@199; PRIME ROWS:21/33@199,1019394-37315-ob5bpq-1019394
New Delhi,delhi,PVR,"PVR Promenade, Vasant Kunj, New Delhi",1019394,110070,SCREEN 1,2D,2026-10-02T09:30,Available,129,103,26,12120,CLASSIC ROWS:6/96@420; PRIME ROWS:20/33@480,1019394-37317-ob5bpq-1019394
New Delhi,delhi,PVR,"PVR Promenade, Vasant Kunj, New Delhi",1019394,110070,SCREEN 1,2D,2026-10-02T15:15,Available,117,117,0,0,CLASSIC ROWS:0/96@480; PRIME ROWS:0/21@530,1019394-37319-ob5bpq-1019394
Ghaziabad,uttar-pradesh,Roongta Cinemas,"Roongta Cinema Shopprix Mall, Sector 5, Ghaziabad",1028288,201010,SCREEN 2,2D,2026-10-02T09:15,Available,188,188,0,0,ECONOMY:0/19@180; PREMIER:0/133@200; X CLASS:0/36@200,1028288-14267-ob5bpq-1028288
Ghaziabad,uttar-pradesh,Roongta Cinemas,"Roongta Cinema Shopprix Mall, Sector 5, Ghaziabad",1028288,201010,SCREEN 2,2D,2026-10-02T14:45,Available,188,188,0,0,ECONOMY:0/19@180; PREMIER:0/133@200; X CLASS:0/36@200,1028288-14269-ob5bpq-1028288
New Delhi,delhi,PVR,Delhi: PVR Directors Cut Ambience Mall,1025112,110070,AUDI 04,2D,2026-10-02T12:15,Available,46,33,13,16250,RECLINER:0/27@1050; RECLINER PRIME:13/19@1250,1025112-24759-ob5bpq-1025112
Noida,uttar-pradesh,Movietime,"MovieTime Dharam Palace Mall, Noida",1040157,201301,AUDI 2,2D,2026-10-02T12:00,Available,175,163,12,2080,SILVER:10/163@170; GOLD:2/12@190,1040157-53555-ob5bpq-1040157
New Delhi,delhi,PVR,"PVR Prashant Vihar, Funcity Mall, New Delhi",1022252,110085,AUDI 01,2D,2026-10-02T12:35,Available,180,172,8,3080,CLASSIC ROWS:4/150@360; PRIME ROWS:4/30@410,1022252-15253-ob5bpq-1022252
New Delhi,delhi,PVR,"PVR Anupam Saket, New Delhi",1022245,110017,AUDI 03,2D,2026-10-02T04:10,Filling Fast,93,21,72,14328,CLASSIC ROWS:46/65@199; PRIME ROWS:26/28@199,1022245-22520-ob5bpq-1022245
New Delhi,delhi,PVR,"PVR Anupam Saket, New Delhi",1022245,110017,AUDI 02,2D,2026-10-02T12:20,Available,54,37,17,6590,CLASSIC ROWS:11/26@370; PRIME ROWS:6/28@420,1022245-22517-ob5bpq-1022245
New Delhi,delhi,PVR,"INOX Pacific Mall, Jasola, New Delhi",1018963,110025,SCREEN 3,2D,2026-10-02T03:40,Available,172,112,60,11940,CLUB:2/78@199; ROYAL:58/94@199,1018963-58331-ob5bpq-1018963
New Delhi,delhi,PVR,"INOX Pacific Mall, Jasola, New Delhi",1018963,110025,SCREEN 5,2D,2026-10-02T07:35,Available,171,104,67,32230,CLUB:4/70@340; ROYAL:63/90@490; ROYAL RECLINER:0/11@540,1018963-58343-ob5bpq-1018963
New Delhi,delhi,PVR,"INOX Pacific Mall, Jasola, New Delhi",1018963,110025,SCREEN 5,2D,2026-10-02T13:30,Available,171,140,31,13640,CLUB:0/70@420; ROYAL:31/90@440; ROYAL RECLINER:0/11@640,1018963-58345-ob5bpq-1018963
Noida,uttar-pradesh,PVR,"PVR Superplex Mall Of India, Sector 18, Noida",1024358,201301,SCREEN 4,2D,2026-10-02T11:25,Available,131,80,51,23450,CLASSIC:16/86@290; PRIME:12/12@310; XTRA LEGROOM:11/11@390; RECLINER:12/22@900,1024358-35579-ob5bpq-1024358
Noida,uttar-pradesh,PVR,"PVR Superplex Mall Of India, Sector 18, Noida",1024358,201301,SCREEN 4,2D,2026-10-02T17:25,Available,131,131,0,0,CLASSIC:0/86@350; PRIME:0/12@370; XTRA LEGROOM:0/11@420; RECLINER:0/22@1000,1024358-35581-ob5bpq-1024358
Greater Noida,uttar-pradesh,PVR,"PVR Directors Cut, DLF Mall of India, Noida",1058603,201301,AUDI 11 THE LIBRARY,2D,2026-10-02T08:50,Available,34,14,20,25200,RECLINER:9/21@1150; RECLINER PRIME:11/13@1350,1058603-15122-ob5bpq-1058603
Noida,uttar-pradesh,Wave,"Wave Cinemas, Noida",1040104,201301,AUDI 5,2D,2026-10-02T04:20,Available,403,403,0,0,CLASSIC:0/403@230,1040104-203437-ob5bpq-1040104
Noida,uttar-pradesh,Wave,"Wave Cinemas, Noida",1040104,201301,AUDI 4,2D,2026-10-02T11:10,Available,168,118,50,15000,CLASSIC:50/168@300,1040104-203440-ob5bpq-1040104
Noida,uttar-pradesh,Wave,"Wave Cinemas, Noida",1040104,201301,AUDI 3,2D,2026-10-02T14:35,Available,176,173,3,900,CLASSIC:3/176@300,1040104-203445-ob5bpq-1040104
Ghaziabad,uttar-pradesh,Galaxie Multiplex,"Galaxie Multiplex, Ghaziabad",1102375,201010,AUDI2,2D,2026-10-02T05:30,Almost Full,173,13,160,24335,KLASSIC:117/130@140; KLUB:43/43@185,1102375-35117__1790919000__1463__2082097-ob5bpq-1102375
Ghaziabad,uttar-pradesh,Galaxie Multiplex,"Galaxie Multiplex, Ghaziabad",1102375,201010,AUDI2,2D,2026-10-02T14:00,Almost Full,173,13,160,24335,KLASSIC:117/130@140; KLUB:43/43@185,1102375-35117__1790949600__1463__2082098-ob5bpq-1102375
Ghaziabad,uttar-pradesh,Galaxie Multiplex,"Galaxie Multiplex, Ghaziabad",1102375,201010,AUDI2,2D,2026-10-02T16:45,Almost Full,173,13,160,24335,KLASSIC:117/130@140; KLUB:43/43@185,1102375-35117__1790959500__1463__2082099-ob5bpq-1102375
New Delhi,delhi,Cinepolis,"Cinepolis Janak Cinema, Janakpuri, New Delhi",3799,110058,AUDI 4,2D,2026-10-02T03:55,Available,155,133,22,3300,NORMAL:0/14@150; EXECUTIVE:0/70@150; PREMIUM PLUS:10/28@150; EXECUTIVE XL:4/14@150; PREMIUM:8/29@150,3799-5743-ob5bpq-3799
New Delhi,delhi,Cinepolis,"Cinepolis Janak Cinema, Janakpuri, New Delhi",3799,110058,AUDI 4,2D,2026-10-02T11:45,Available,155,83,72,23100,NORMAL:0/14@220; EXECUTIVE:19/70@280; EXECUTIVE XL:12/14@320; PREMIUM PLUS:19/28@340; PREMIUM:22/29@340,3799-5745-ob5bpq-3799
New Delhi,delhi,Cinepolis,"Cinepolis Janak Cinema, Janakpuri, New Delhi",3799,110058,AUDI 4,2D,2026-10-02T14:45,Available,155,145,10,2800,NORMAL:0/14@220; EXECUTIVE:0/70@280; PREMIUM:10/29@280; PREMIUM PLUS:0/28@300; EXECUTIVE XL:0/14@320,3799-5746-ob5bpq-3799
New Delhi,delhi,M2K,"M2K Rohini, New Delhi",1039164,110085,AUDI 2,2D,2026-10-02T06:30,Available,242,178,64,17580,SILVER:58/204@270; GOLD:6/38@320,1039164-63614-ob5bpq-1039164
Noida,uttar-pradesh,miraj,"Miraj Cinemas : TGIP, Noida",1008726,201301,SCREEN 4,2D,2026-10-02T03:50,Available,221,219,2,300,GOLD:2/221@150,1008726-39491-ob5bpq-1008726
Noida,uttar-pradesh,miraj,"Miraj Cinemas : TGIP, Noida",1008726,201301,SCREEN 4,2D,2026-10-02T06:30,Available,221,171,50,10000,GOLD:50/221@200,1008726-39492-ob5bpq-1008726
Noida,uttar-pradesh,miraj,"Miraj Cinemas : TGIP, Noida",1008726,201301,SCREEN 4,2D,2026-10-02T12:10,Available,221,221,0,0,GOLD:0/221@250,1008726-39493-ob5bpq-1008726
Noida,uttar-pradesh,miraj,"Miraj Cinemas : TGIP, Noida",1008726,201301,SCREEN 4,2D,2026-10-02T17:30,Available,221,221,0,0,GOLD:0/221@250,1008726-39494-ob5bpq-1008726
Noida,uttar-pradesh,Cinepolis,"Cinepolis Modi Mall (Formerly Spice Mall), Noida",3134,201301,SCREEN 7,2D,2026-10-02T04:40,Available,257,155,102,26920,NORMAL:19/19@260; EXECUTIVE:68/152@260; PREMIUM:10/60@280; PREMIUM XL:0/15@300; PREMIUM PLUS:5/11@300,3134-13808-ob5bpq-3134
Noida,uttar-pradesh,Cinepolis,"Cinepolis Modi Mall (Formerly Spice Mall), Noida",3134,201301,SCREEN 7,2D,2026-10-02T07:20,Available,257,121,136,40500,NORMAL:19/19@290; EXECUTIVE:72/152@290; PREMIUM:37/60@310; PREMIUM XL:0/15@330; PREMIUM PLUS:8/11@330,3134-13809-ob5bpq-3134
Noida,uttar-pradesh,Cinepolis,"Cinepolis Modi Mall (Formerly Spice Mall), Noida",3134,201301,SCREEN 7,2D,2026-10-02T10:25,Available,257,145,112,32160,NORMAL:19/19@280; EXECUTIVE:64/152@280; PREMIUM:18/60@300; PREMIUM XL:3/15@320; PREMIUM PLUS:8/11@320,3134-13810-ob5bpq-3134
Noida,uttar-pradesh,Cinepolis,"Cinepolis Modi Mall (Formerly Spice Mall), Noida",3134,201301,SCREEN 7,2D,2026-10-02T13:30,Available,257,161,96,27200,NORMAL:19/19@280; EXECUTIVE:61/152@280; PREMIUM:16/60@300; PREMIUM XL:0/15@320; PREMIUM PLUS:0/11@320,3134-13811-ob5bpq-3134
Noida,uttar-pradesh,Cinepolis,"Cinepolis Modi Mall (Formerly Spice Mall), Noida",3134,201301,SCREEN 7,2D,2026-10-02T16:40,Available,177,171,6,1800,NORMAL:0/0@280; EXECUTIVE:0/91@280; PREMIUM:6/60@300; PREMIUM XL:0/15@320; PREMIUM PLUS:0/11@320,3134-13812-ob5bpq-3134
Bengaluru,karnataka,Cinepolis,"Cinepolis Orion Avenue Mall, Banaswadi, Bengaluru",925,560033,AUDI 01,2D,2026-10-02T06:45,Available,248,213,35,9310,NORMAL:0/19@190; EXECUTIVE:4/76@210; PREMIUM:26/131@270; EXECUTIVE XL:5/22@290,925-6827-ob5bpq-925
Bengaluru,karnataka,PVR,"INOX Lido Mall, Ulsoor, Bengaluru",1020718,560008,SCREEN 3,2D,2026-10-02T14:10,Available,267,264,3,1110,CLASSIC ROWS:0/44@270; CLASSIC PLUS ROWS:0/154@290; PRIME ROWS:0/10@320; EXTRA LEGROOM ROWS:0/15@370; PICTURE PERFECT:3/20@370; RECLINER ROWS:0/24@610,1020718-96762-ob5bpq-1020718
Bengaluru,karnataka,New Fangled Miniplex,"Newfangled Miniplex (Twin Seat), MG Road, Bengaluru",1036213,560001,SCREEN 2,2D,2026-10-02T05:40,Available,15,7,8,5600,VIP (1 FOR 2 ADMIT):8/15@700,1036213-75036-ob5bpq-1036213
Bengaluru,karnataka,New Fangled Miniplex,"Newfangled Miniplex (Twin Seat), MG Road, Bengaluru",1036213,560001,SCREEN 1,2D,2026-10-02T11:35,Available,15,15,0,0,VIP (1 FOR 2 ADMIT):0/15@900,1036213-75087-ob5bpq-1036213
Bengaluru,karnataka,New Fangled Miniplex,"Newfangled Miniplex (Twin Seat), MG Road, Bengaluru",1036213,560001,SCREEN 2,2D,2026-10-02T17:10,Available,15,15,0,0,VIP (1 FOR 2 ADMIT):0/15@900,1036213-75048-ob5bpq-1036213
Bengaluru,karnataka,PVR,"INOX Garuda Mall, Magrath Road, Bengaluru",1020720,560025,SCREEN 2,2D,2026-10-02T08:00,Available,66,45,21,15550,RECLINER:2/33@650; ROYAL RECLINER:19/33@750,1020720-120492-ob5bpq-1020720
Bengaluru,karnataka,PVR,"PVR Directors Cut, Forum Rex Walk Brigade Road, Bengaluru",1024350,560001,AUDI 01,2D,2026-10-02T06:15,Available,41,36,5,3950,RECLINER:3/24@750; RECLINER PRIME:2/17@850,1024350-29164-ob5bpq-1024350
Bengaluru,karnataka,PVR,"PVR MSR Elements Mall, Tanisandhra Main Road, Bengaluru",1022269,560077,AUDI 04,2D,2026-10-02T07:25,Available,106,96,10,1787,CLASSIC ROWS:3/32@99; CLASSIC PLUS ROWS:5/44@190; EXTRA LEGROOM ROWS:2/19@270; RECLINER ROWS:0/11@420,1022269-32823-ob5bpq-1022269
Bengaluru,karnataka,PVR,"PVR VR, Whitefield Road, Bengaluru",1022272,560048,AUDI 05,2D,2026-10-02T08:25,Available,300,125,175,63280,CLASSIC ROWS:0/42@230; CLASSIC PLUS ROWS:25/84@270; PRIME ROWS:92/109@340; PICTURE PERFECT:39/45@360; RECLINER ROWS:19/20@590,1022272-42571-ob5bpq-1022272
Bengaluru,karnataka,PVR,"INOX Mantri Square, Malleshwaram, Bengaluru",1020725,560003,SCREEN 1,2D,2026-10-02T10:55,Available,331,250,81,20700,CLASSIC ROWS:0/34@170; CLASSIC PLUS ROWS:9/136@190; PRIME ROWS:46/102@240; PICTURE PERFECT:19/46@260; RECLINER ROWS:7/13@430,1020725-75180-ob5bpq-1020725
Bengaluru,karnataka,Cinepolis,"Cinepolis Lulu Global Mall, Bengaluru, Bengaluru",56450,560023,SCREEN 3,2D,2026-10-02T07:15,Available,184,112,72,21160,NORMAL:0/14@220; EXECUTIVE:4/45@260; PREMIUM:29/75@280; PREMIUM PLUS:24/31@300; PREMIUM XL:15/19@320,56450-11141-ob5bpq-56450
Bengaluru,karnataka,Cinepolis,"Cinepolis VIP Lulu Global Mall, Rajajinagar, Bengaluru",56451,560023,SCREEN 01,2D,2026-10-02T09:55,Available,93,85,8,4400,VIP EXECUTIVE:0/40@500; VIP PREMIUM:8/53@550,56451-3882-ob5bpq-56451
Bengaluru,karnataka,Suresh Production,"Innovative Multiplex Marathahalli, Near Marathalli Junction, Bengaluru",10940,560037,SCREEN7,2D,2026-10-02T12:55,Available,36,23,13,2600,PREMIUM:13/36@200,10940-35117__1790945700__84__2073171-ob5bpq-10940
Bengaluru,karnataka,Cinepolis,"Cinepolis ETA Namma Mall, Binny Pete, Bengaluru",128,560023,AUDI 8,2D,2026-10-02T07:10,Available,142,133,9,1980,NORMAL:0/9@140; EXECUTIVE:0/42@190; PREMIUM:9/91@220,128-9672-ob5bpq-128
Bengaluru,karnataka,Cinepolis,"Cinepolis ETA Namma Mall, Binny Pete, Bengaluru",128,560023,AUDI 7,2D,2026-10-02T17:00,Available,136,130,6,1500,NORMAL:0/9@170; EXECUTIVE:0/39@220; PREMIUM:6/88@250,128-9670-ob5bpq-128
Bengaluru,karnataka,PVR,"PVR Orion Mall, Dr Rajkumar Road, Bengaluru",1022299,560055,AUDI 07,2D,2026-10-02T14:05,Available,370,354,16,7040,CLASSIC ROWS:0/44@270; CLASSIC PLUS ROWS:6/176@290; PRIME ROWS:0/63@330; PICTURE PERFECT:0/28@350; EXTRA LEGROOM ROWS:4/26@380; RECLINER ROWS:6/33@630,1022299-55757-ob5bpq-1022299
Bengaluru,karnataka,PVR,"INOX Megaplex Mall of Asia, Byatarayanapura, Bengaluru",1025975,560092,SCREEN 5,2D,2026-10-02T06:05,Available,126,120,6,1460,CLASSIC ROWS:0/26@190; CLASSIC PLUS ROWS:1/26@210; PRIME ROWS:5/74@250,1025975-65481-ob5bpq-1025975
Bengaluru,karnataka,PVR,"PVR Central Spirit Mall, Bellandur, Bengaluru",1022298,560103,SCREEN 7,2D,2026-10-02T17:10,Available,120,104,16,5780,CLASSIC ROWS:0/26@270; CLASSIC PLUS ROWS:0/39@290; PRIME ROWS:14/46@330; RECLINER ROWS:2/9@580,1022298-19628-ob5bpq-1022298
Bengaluru,karnataka,PVR,"PVR Bhartiya Mall Of Bengaluru, Bhartiya City Mall, Bengaluru",1020740,560064,AUDI 06,2D,2026-10-02T13:45,Available,197,167,30,8210,CLASSIC ROWS:0/36@190; CLASSIC PLUS ROWS:9/54@210; PRIME ROWS:13/57@240; PRIME PLUS ROWS:4/36@270; RECLINER ROWS:4/14@530,1020740-37132-ob5bpq-1020740
Bengaluru,karnataka,PVR,"PVR Vaishnavi Sapphire Mall, Yashwantpur, Bengaluru",1022273,560022,AUDI 06,2D,2026-10-02T11:20,Available,123,113,10,2410,CLASSIC ROWS:0/34@99; CLASSIC PLUS ROWS:3/34@220; PRIME ROWS:7/46@250; RECLINER ROWS:0/9@420,1022273-29439-ob5bpq-1022273
Bengaluru,karnataka,Cinepolis,"Cinepolis Nexus Shantiniketan, Thigalarapalya, Bengaluru",7508,560067,AUDI10,2D,2026-10-02T13:25,Available,138,72,66,27310,NORMAL:0/12@260; EXECUTIVE:3/36@300; PREMIUM:53/80@370; RECLINER:10/10@680,7508-15331-ob5bpq-7508
Bengaluru,karnataka,PVR,"INOX Central Mantri Junction, JP Nagar, Bengaluru",1020726,560069,SCREEN 4,2D,2026-10-02T06:05,Available,252,215,37,9180,CLASSIC ROWS:2/42@160; CLASSIC PLUS ROWS:7/84@180; PRIME ROWS:6/58@210; PICTURE PERFECT:18/60@250; RECLINER ROWS:4/8@460,1020726-88861-ob5bpq-1020726
Bengaluru,karnataka,PVR,"PVR Vega City, Bannerghatta Road, Bengaluru",1022309,560076,AUDI 05,2D,2026-10-02T16:50,Available,95,54,41,14790,CLASSIC ROWS:1/20@270; CLASSIC PLUS ROWS:10/30@310; PRIME ROWS:26/36@350; RECLINER ROWS:4/9@580,1022309-59697-ob5bpq-1022309
Bengaluru,karnataka,PVR,"PVR Aura Park Square, Whitefield, Bengaluru",1022308,560066,SCREEN 2,2D,2026-10-02T05:30,Available,182,133,49,8501,CLASSIC ROWS:0/44@149; CLASSIC PLUS ROWS:0/44@149; PRIME ROWS:41/78@149; RECLINER ROWS:8/16@299,1022308-19876-ob5bpq-1022308
Bengaluru,karnataka,PVR,"INOX Galleria Mall, Yelahanka, Bengaluru",1020731,560064,SCREEN 2,2D,2026-10-02T05:00,Available,210,186,24,5790,CLASSIC ROWS:0/32@180; CLASSIC PLUS ROWS:7/95@200; PRIME ROWS:14/70@230; RECLINER ROWS:3/13@390,1020731-68234-ob5bpq-1020731
Bengaluru,karnataka,PVR,"INOX Galleria Mall, Yelahanka, Bengaluru",1020731,560064,SCREEN 3,2D,2026-10-02T10:50,Available,263,225,38,11680,CLASSIC ROWS:2/40@200; CLASSIC PLUS ROWS:7/68@220; PRIME ROWS:4/37@260; EXTRA LEGROOM ROWS:2/24@340; PICTURE PERFECT:21/79@340; RECLINER ROWS:2/15@440,1020731-68235-ob5bpq-1020731
Bengaluru,karnataka,PVR,"INOX Garuda, Yelahanka, Bengaluru",1020734,560064,SCREEN 4,2D,2026-10-02T10:40,Available,183,171,12,2640,CLASSIC ROWS:0/48@180; CLASSIC PLUS ROWS:0/24@200; PRIME ROWS:12/111@220,1020734-49057-ob5bpq-1020734
Bengaluru,karnataka,Cinepolis,"Cinepolis SJR Spectrum (Central Mall), Bannerghatta Road, Bengaluru",9637,560076,SCREEN 01,2D,2026-10-02T04:30,Available,150,139,11,2640,NORMAL:0/14@200; EXECUTIVE:0/42@220; PREMIUM:11/82@240; RECLINER:0/12@480,9637-9299-ob5bpq-9637
Bengaluru,karnataka,Cinepolis,"Cinepolis SJR Spectrum (Central Mall), Bannerghatta Road, Bengaluru",9637,560076,SCREEN 03,2D,2026-10-02T14:05,Available,200,178,22,6560,NORMAL:0/14@260; EXECUTIVE:2/28@280; PREMIUM:20/132@300; EXECUTIVE XL:0/14@330; RECLINER:0/12@600,9637-9189-ob5bpq-9637
Bengaluru,karnataka,PVR,"INOX Nexus The Forum Value Mall, Whitefield, Bengaluru",1020714,560066,INSIGNIA 3,2D,2026-10-02T10:55,Available,41,20,21,14700,INSIGNIA:21/41@700,1020714-122531-ob5bpq-1020714
Bengaluru,karnataka,PVR,"INOX SBR Horizon, Seegehalli Whitefield Hoskote Road, Bengaluru",1020738,560067,SCREEN 1,2D,2026-10-02T04:30,Available,104,99,5,950,CLASSIC ROWS:0/20@99; CLASSIC PLUS ROWS:0/30@180; PRIME ROWS:5/54@190,1020738-50163-ob5bpq-1020738
Bengaluru,karnataka,PVR,"INOX SBR Horizon, Seegehalli Whitefield Hoskote Road, Bengaluru",1020738,560067,SCREEN 4,2D,2026-10-02T10:35,Available,110,57,53,12447,CLASSIC ROWS:3/20@99; CLASSIC PLUS ROWS:5/30@180; PRIME ROWS:45/60@250,1020738-50176-ob5bpq-1020738
Bengaluru,karnataka,PVR,"INOX Arcadia, Brigade Utopia, Bengaluru",1102473,560087,SCREEN 5,2D,2026-10-02T10:35,Available,153,93,60,15640,CLASSIC ROWS:0/24@180; CLASSIC PLUS ROWS:14/42@220; LOUNGER ROWS:0/8@230; PRIME ROWS:43/70@260; RECLINER ROWS:3/9@460,1102473-1144-ob5bpq-1102473
Bengaluru,karnataka,Cinepolis,"Cinepolis Royal Meenakshi Mall, Bannerghatta Road, Bengaluru",115,560076,AUDI07,2D,2026-10-02T11:00,Filling Fast,158,60,98,26340,NORMAL:0/15@200; EXECUTIVE:10/45@240; PREMIUM:47/51@260; PREMIUM PLUS:29/32@280; PREMIUM XL:12/15@300,115-9299-ob5bpq-115
Bengaluru,karnataka,PVR,"PVR Superplex Forum Mall, Kanakapura Road, Bengaluru",1022305,560062,AUDI 10,2D,2026-10-02T13:35,Available,171,139,32,12040,CLASSIC ROWS:0/24@230; CLASSIC PLUS ROWS:2/60@250; PRIME ROWS:22/74@310; RECLINER ROWS:8/13@590,1022305-58823-ob5bpq-1022305
Bengaluru,karnataka,PVR,"PVR Orion Uptown, Old Madras Road, Bengaluru",1022306,560049,AUDI 03,2D,2026-10-02T16:40,Available,172,163,9,2850,CLASSIC ROWS:0/26@99; CLASSIC PLUS ROWS:2/65@230; PRIME ROWS:4/69@260; RECLINER ROWS:3/12@450,1022306-24586-ob5bpq-1022306
Bengaluru,karnataka,PVR,"INOX M5 Ecity, Bengaluru",1088533,560100,AUDI 07,2D,2026-10-02T11:00,Filling Fast,125,34,91,32270,CLASSIC ROWS:12/33@280; CLASSIC PLUS ROWS:68/68@320; EXTRA LEGROOM ROWS:0/13@370; RECLINER ROWS:11/11@650,1088533-17592-ob5bpq-1088533
Hyderabad,telangana,Roongta Cinemas,"Roongta Cinemas, Novum, Nampally",1101081,500001,SCREEN 2,2D,2026-10-02T14:00,Available,107,107,0,0,EXECUTIVE:0/91@175; ROYAL RECLINER:0/16@235,1101081-3025-ob5bpq-1101081
Hyderabad,telangana,PVR,"INOX Maheshwari Parmeshwari Mall, Kachiguda, Hyderabad",1020777,500027,SCREEN 1,2D,2026-10-02T17:00,Available,213,195,18,3240,EXECUTIVE:18/213@180,1020777-111548-ob5bpq-1020777
Hyderabad,telangana,PVR,"INOX Odeon 4K LASER, Dolby ATMOS, DTS-X, RTC X Roads",1022247,500020,SCREEN 4,2D,2026-10-02T12:10,Available,123,116,7,1793,CLASSIC ROWS:0/73@149; PRIME ROWS:3/43@199; RECLINER ROWS:4/7@299,1022247-10095-ob5bpq-1022247
Hyderabad,telangana,PVR,"INOX Sattva Necklace Mall, Kavadiguda, Hyderabad",1020781,500080,SCREEN 7,2D,2026-10-02T11:25,Available,132,132,0,0,EXECUTIVE:0/122@199; ROYAL:0/10@350,1020781-57737-ob5bpq-1020781
Hyderabad,telangana,PVR,"INOX GVK One, Banjara Hills Hyderabad",1020776,500034,SCREEN 2,2D,2026-10-02T14:20,Available,156,134,22,6190,EXECUTIVE:10/144@199; ROYAL:12/12@350,1020776-134713-ob5bpq-1020776
Hyderabad,telangana,PVR,"PVR Next Galleria Mall, Panjagutta, Hyderabad",1022281,500082,AUDI 07,2D,2026-10-02T11:05,Available,156,126,30,5970,CLASSIC:30/156@199,1022281-41214-ob5bpq-1022281
Hyderabad,telangana,PVR,"PVR Musarambagh, New Malakpet, Hyderabad",1022283,500036,AUDI 02,2D,2026-10-02T08:30,Available,172,165,7,1393,CLASSIC:7/172@199,1022283-29647-ob5bpq-1022283
Hyderabad,telangana,Cinepolis,"Cinepolis Sudha Cinemas, Rajpal Nagar, Hyderabad",3870,500065,AUDI 4,2D,2026-10-02T04:40,Available,122,112,10,1800,NORMAL:0/25@180; EXECUTIVE:10/97@180,3870-5505-ob5bpq-3870
Hyderabad,telangana,Cinepolis,"Cinepolis Sudha Cinemas, Rajpal Nagar, Hyderabad",3870,500065,AUDI 2,2D,2026-10-02T08:40,Available,220,204,16,2880,NORMAL:0/40@180; EXECUTIVE:16/180@180,3870-5501-ob5bpq-3870
Hyderabad,telangana,Cinepolis,"Cinepolis Sudha Cinemas, Rajpal Nagar, Hyderabad",3870,500065,AUDI 2,2D,2026-10-02T14:50,Available,220,210,10,1800,NORMAL:0/40@180; EXECUTIVE:10/180@180,3870-5503-ob5bpq-3870
Hyderabad,telangana,miraj,"Miraj Cinemas : Shalini Shivani, Kothapet",183,500036,SCREEN 2,2D,2026-10-02T08:30,Available,454,453,1,300,EXECUTIVE:0/426@200; GOLD:1/28@300,183-72967-ob5bpq-183
Hyderabad,telangana,Cinepolis,"Cinepolis Mantra Mall, Upparpally, Hyderabad",1977,500030,AUDI03,2D,2026-10-02T17:25,Available,162,152,10,2000,NORMAL:10/154@200; VIP:0/8@300,1977-7794-ob5bpq-1977
Hyderabad,telangana,Cinepolis,"Cinepolis DSL Virtue Mall, Uppal, Hyderabad",9123,500013,AUDI04,2D,2026-10-02T14:55,Available,159,145,14,3500,NORMAL:0/23@250; EXECUTIVE:14/126@250; VIP:0/10@350,9123-9000-ob5bpq-9123
Hyderabad,telangana,Cinepolis,"Cinepolis CCPL Mall, Malkajgiri, Hyderabad",126,500047,AUDI 2,2D,2026-10-02T11:10,Available,141,129,12,3000,EXECUTIVE:0/22@200; PREMIUM:12/119@250,126-6955-ob5bpq-126
Hyderabad,telangana,miraj,"Miraj Cinemas : A2A Central Mall, Balanagar",9338,500037,SCREEN 1,2D,2026-10-02T17:20,Available,143,143,0,0,EXECUTIVE:0/143@200,9338-45277-ob5bpq-9338
Hyderabad,telangana,PVR,"PVR Superplex Inorbit, LUXE PXL 4DX, Cyberabad",1022263,500081,SCREEN 10,2D,2026-10-02T10:55,Available,42,19,23,12650,ROYAL ROWS:23/42@550,1022263-33815-ob5bpq-1022263
Hyderabad,telangana,PVR,"PVR ICON Hitech, Madhapur, Hyderabad",1022280,500081,AUDI 03,2D,2026-10-02T09:40,Available,126,108,18,3582,CLASSIC:18/126@199,1022280-27354-ob5bpq-1022280
Hyderabad,telangana,MovieMax,"MovieMax AMR ECIL, Secunderabad, Hyderabad",52274,500040,SCREEN7,2D,2026-10-02T08:00,Available,182,143,39,10166,CLASSIC:0/36@200; PRIME:35/134@250; RECLINER:4/12@354,52274-61527-ob5bpq-52274
Hyderabad,telangana,PVR,"PVR Preston, Gachibowli, Hyderabad",1022285,500081,AUDI 01,2D,2026-10-02T09:10,Available,181,134,47,9353,CLASSIC:47/181@199,1022285-19919-ob5bpq-1022285
Hyderabad,telangana,Cinepolis,"Cinepolis TNR North City, Suchitra, Hyderabad",1039952,500055,AUDI01,2D,2026-10-02T11:30,Available,164,139,25,7350,EXECUTIVE:14/139@250; VIP:11/25@350,1039952-14506-ob5bpq-1039952
Hyderabad,telangana,Cinepolis,"Cinepolis TNR North City, Suchitra, Hyderabad",1039952,500055,AUDI01,2D,2026-10-02T14:30,Available,164,149,15,4150,EXECUTIVE:11/139@250; VIP:4/25@350,1039952-14508-ob5bpq-1039952
Hyderabad,telangana,miraj,"Miraj Cinemas : Anand Mall and Movies ,Narsingi",1099532,500075,SCREEN2,2D,2026-10-02T11:40,Available,168,163,5,1000,EXECUTIVE:0/157@200; SOFA:5/11@200,1099532-8072-ob5bpq-1099532
Hyderabad,telangana,PVR,"INOX Prism Mall, Gachibowli, Hyderabad",1030419,500032,SCREEN 1,2D,2026-10-02T10:20,Available,225,201,24,6276,CLASSIC:14/210@199; RECLINER:10/15@349,1030419-17530-ob5bpq-1030419
Hyderabad,telangana,PVR,"PVR Nexus Mall (Formerly Forum Sujana) Kukatpally, Hyderabad",1022267,500072,AUDI 04,2D,2026-10-02T11:00,Available,144,99,45,10350,CLASSIC:36/135@199; RECLINER:9/9@354,1022267-46602-ob5bpq-1022267
Hyderabad,telangana,Movietime,"Platinum Movietime Cinemas, Gachibowli (SLN Terminus), Hyderabad",1040670,500032,SCREEN 5,2D,2026-10-02T09:15,Available,34,24,10,3500,RECLINER:10/34@350,1040670-80078-ob5bpq-1040670
Hyderabad,telangana,Cinepolis,"Cinepolis Lulu Mall (Formerly Manjeera), Hyderabad",124,500082,AUDI 01,2D,2026-10-02T08:25,Available,253,220,33,7807,NORMAL:25/225@199; VIP:8/28@354,124-7502-ob5bpq-124
Hyderabad,telangana,miraj,"Miraj Cinemas : Cinetown, Miyapur",24951,500049,SCREEN 2,2D,2026-10-02T11:10,Available,702,695,7,1225,EXECUTIVEP:0/336@175; EXECUTIVE:7/344@175; GOLD:0/22@235,24951-26994-ob5bpq-24951
Hyderabad,telangana,PVR,"INOX GSM Mall, Madinaguda, Hyderabad",1020780,500049,SCREEN 4,2D,2026-10-02T11:05,Available,152,141,11,3246,EXECUTIVE:4/141@199; ROYAL:7/11@350,1020780-87390-ob5bpq-1020780
Hyderabad,telangana,miraj,"Miraj Cinemas : Geeta, Chandanagar",10249,500050,SCREEN 4,2D,2026-10-02T14:20,Available,101,96,5,1000,EXECUTIVE:5/101@200,10249-39108-ob5bpq-10249
Chennai,tamil-nadu,PVR,"INOX Phoenix Market City (formerly Jazz Cinemas), Velachery, Chennai",1020779,600042,SCREEN 8,2D,2026-10-02T17:20,Available,224,176,48,9719.52,BUDGET:0/34@59.43; ELITE:48/190@202.49,1020779-66881-ob5bpq-1020779
Chennai,tamil-nadu,PVR,"PVR Palazzo, The Nexus Vijaya Mall, Chennai",1022274,600026,AUDI 6,2D,2026-10-02T16:20,Available,228,211,17,3299.27,BUDGET:1/27@59.43; ELITE:16/201@202.49,1022274-39014-ob5bpq-1022274
Chennai,tamil-nadu,PVR,"PVR VR Mall, Anna Nagar, Chennai",1022304,600040,AUDI 10,2D,2026-10-02T17:00,Available,196,151,45,9112.050000000001,CLASSIC:0/32@59.43; PRIME:45/164@202.49,1022304-45902-ob5bpq-1022304
Chennai,tamil-nadu,PVR,"PVR Ampa Skywalk Mall, Aminjikarai, Chennai",1022258,600029,AUDI 06,2D,2026-10-02T10:10,Almost Full,214,20,194,35277.380000000005,CLASSIC:28/32@59.43; PRIME:166/182@202.49,1022258-32768-ob5bpq-1022258
Chennai,tamil-nadu,PVR,"INOX The Marina Mall OMR, Egatoor, Chennai",1020778,603103,SCREEN 6,2D,2026-10-02T16:40,Available,153,129,24,2570.8,EXECUTIVE:16/26@59.43; CLUB:8/127@202.49,1020778-91118-ob5bpq-1020778
Chennai,tamil-nadu,PVR,"INOX Chennai Citi Centre, Mylapore, Chennai",1020774,600004,SCREEN 2,2D,2026-10-02T13:25,Available,184,135,49,9922.01,EXECUTIVE:0/25@59.43; CLUB:49/159@202.49,1020774-80811-ob5bpq-1020774
Chennai,tamil-nadu,PVR,"HDFC Millennia PVR Escape-Express Avenue Mall, Chennai",1022257,600014,AUDI 7 CARVE,2D,2026-10-02T10:15,Almost Full,105,0,105,19687.79,BUDGET:11/11@59.43; ELITE:94/94@202.49,1022257-34639-ob5bpq-1022257
Chennai,tamil-nadu,MovieMax,"MovieMax PR Mall, Wall Tax Road, Chennai",1102281,600001,SCREEN 1,2D,2026-10-02T07:30,Available,223,201,22,3167.24,BUDGET:9/23@59.43; EXECUTIVE:13/200@202.49,1102281-2408-ob5bpq-1102281
Kolkata,west-bengal,Cinepolis,"Cinepolis Acropolis Mall, Rajdanga Road, Kolkata",148,839200,AUDI04,2D,2026-10-02T03:35,Available,252,244,8,1600,NORMAL:0/21@170; EXECUTIVE:4/88@190; PREMIUM:4/143@210,148-6715-ob5bpq-148
Kolkata,west-bengal,Cinepolis,"Cinepolis Acropolis Mall, Rajdanga Road, Kolkata",148,839200,AUDI04,2D,2026-10-02T15:25,Available,252,242,10,3120,NORMAL:0/21@280; EXECUTIVE:4/88@300; PREMIUM:6/143@320,148-6682-ob5bpq-148
Kolkata,west-bengal,PVR,"INOX Quest Mall, Ballygunge, Kolkata",1020727,700017,SCREEN 3,2D,2026-10-02T08:40,Available,264,243,21,10980,EXECUTIVE:0/30@350; CLUB:0/105@370; ROYAL:11/114@380; ROYAL RECLINER:10/15@680,1020727-144597-ob5bpq-1020727
Kolkata,west-bengal,PVR,"INOX Quest Mall, Ballygunge, Kolkata",1020727,700017,SCREEN 1,2D,2026-10-02T14:30,Available,166,166,0,0,EXECUTIVE:0/24@410; CLUB:0/48@430; ROYAL:0/86@440; ROYAL RECLINER:0/8@720,1020727-144658-ob5bpq-1020727
Kolkata,west-bengal,PVR,"INOX Forum Mall, Elgin Road, Kolkata",1020721,700020,SCREEN 1,2D,2026-10-02T04:35,Available,169,165,4,796,CLASSIC ROWS:0/36@199; PRIME PLUS ROWS:4/26@199; PRIME ROWS:0/107@199,1020721-96168-ob5bpq-1020721
Kolkata,west-bengal,PVR,"INOX Forum Mall, Elgin Road, Kolkata",1020721,700020,SCREEN 2,2D,2026-10-02T12:30,Available,153,137,16,6000,CLASSIC ROWS:0/28@149; PRIME ROWS:12/100@370; PRIME PLUS ROWS:4/25@390,1020721-96177-ob5bpq-1020721
Kolkata,west-bengal,PVR,"INOX South City Mall, South City Mall, Kolkata",1020717,700068,SCREEN 2,2D,2026-10-02T03:30,Available,190,185,5,745,PREMIER:0/34@149; SILVER:5/156@149,1020717-150618-ob5bpq-1020717
Kolkata,west-bengal,PVR,"INOX South City Mall, South City Mall, Kolkata",1020717,700068,SCREEN 2,2D,2026-10-02T08:40,Available,190,166,24,9120,PREMIER:0/34@360; SILVER:24/156@380,1020717-150620-ob5bpq-1020717
Kolkata,west-bengal,PVR,"INOX South City Mall, South City Mall, Kolkata",1020717,700068,SCREEN 1,2D,2026-10-02T15:00,Available,199,191,8,4020,PREMIER:0/32@410; SILVER:6/151@430; ROYAL RECLINER:2/16@720,1020717-150616-ob5bpq-1020717
Kolkata,west-bengal,Cinepolis,"Cinepolis Lake Mall, Rashbehari, Kolkata",1041,700026,AUDI 3,2D,2026-10-02T03:35,Available,108,99,9,1830,NORMAL:2/11@180; EXECUTIVE:0/33@190; PREMIUM:7/64@210,1041-7350-ob5bpq-1041
Kolkata,west-bengal,Cinepolis,"Cinepolis Lake Mall, Rashbehari, Kolkata",1041,700026,AUDI 3,2D,2026-10-02T14:40,Available,108,98,10,3100,NORMAL:0/11@280; EXECUTIVE:5/33@300; PREMIUM:5/64@320,1041-7353-ob5bpq-1041
Kolkata,west-bengal,Cinepolis,"Cinepolis Lake Mall, Rashbehari, Kolkata",1041,700026,AUDI 3,2D,2026-10-02T17:45,Available,108,103,5,1600,NORMAL:0/11@280; EXECUTIVE:0/33@300; PREMIUM:5/64@320,1041-7397-ob5bpq-1041
Kolkata,west-bengal,PVR,"INOX Hind, Ganesh Chandra Avenue, Kolkata",1020716,700013,SCREEN 1,2D,2026-10-02T09:50,Available,325,299,26,6610,EXECUTIVE:0/37@220; PREMIUM:5/107@230; SILVER:21/181@260,1020716-41729-ob5bpq-1020716
Kolkata,west-bengal,PVR,"INOX Metropolis Mall, Hiland Park, Kolkata",1020713,700094,SCREEN 1,2D,2026-10-02T03:45,Available,193,190,3,519,PREMIER:1/29@99; SILVER:2/146@210; ROYAL:0/18@350,1020713-100486-ob5bpq-1020713
Kolkata,west-bengal,PVR,"INOX Metropolis Mall, Hiland Park, Kolkata",1020713,700094,SCREEN 1,2D,2026-10-02T14:55,Available,193,190,3,1170,PREMIER:0/29@99; SILVER:2/146@310; ROYAL:1/18@550,1020713-100490-ob5bpq-1020713
Kolkata,west-bengal,PVR,"INOX Metro, Jawaharlal Nehru Road, Kolkata",1020733,700013,SCREEN 2,2D,2026-10-02T12:20,Available,176,168,8,1174,EXECUTIVE:6/38@99; CLUB:0/63@270; ROYAL:2/75@290,1020733-19845-ob5bpq-1020733
Kolkata,west-bengal,PVR,"INOX Swabhumi, Maulana Azad Sarani, Kolkata",1020722,700054,SCREEN 4,2D,2026-10-02T09:25,Available,175,143,32,10037,CLASSIC ROWS:3/33@99; PRIME ROWS:16/118@300; PRIME PLUS ROWS:13/24@380,1020722-94013-ob5bpq-1020722
Kolkata,west-bengal,PVR,"INOX Swabhumi, Maulana Azad Sarani, Kolkata",1020722,700054,SCREEN 4,2D,2026-10-02T15:10,Available,166,162,4,396,CLASSIC ROWS:4/33@99; PRIME ROWS:0/109@300; PRIME PLUS ROWS:0/24@320,1020722-94015-ob5bpq-1020722
Kolkata,west-bengal,PVR,"PVR Manisquare, Mani Square Mall, Kolkata",1020736,700054,SCREEN 2,2D,2026-10-02T15:00,Available,147,136,11,5970,CLASSIC:0/45@280; PRIME:4/81@320; RECLINER:7/21@670,1020736-22765-ob5bpq-1020736
Kolkata,west-bengal,miraj,"Miraj Cinemas : Downtown Mall, Salt Lake",1024333,700091,SCREEN 4,2D,2026-10-02T04:00,Available,166,164,2,340,SILVER:0/42@150; EXECUTIVE:0/63@170; GOLD:2/61@170,1024333-19116-ob5bpq-1024333
Kolkata,west-bengal,miraj,"Miraj Cinemas : Downtown Mall, Salt Lake",1024333,700091,SCREEN 4,2D,2026-10-02T12:40,Available,166,164,2,520,SILVER:0/42@220; EXECUTIVE:0/63@240; GOLD:2/61@260,1024333-19118-ob5bpq-1024333
Kolkata,west-bengal,PVR,"PVR Avani River Side Mall, Howrah, Kolkata",1022262,711102,AUDI 01,2D,2026-10-02T04:30,Available,194,179,15,2639,CLASSIC ROWS:0/28@99; PRIME PLUS ROWS:9/68@149; EXTRA LEGROOM ROWS:0/17@149; PRIME ROWS:2/70@149; PRIME PLUS SOFA ROWS:4/11@250,1022262-20822-ob5bpq-1022262
Kolkata,west-bengal,PVR,"PVR Avani River Side Mall, Howrah, Kolkata",1022262,711102,AUDI 01,2D,2026-10-02T12:15,Available,211,185,26,8190,CLASSIC ROWS:0/28@99; PRIME ROWS:2/70@260; PRIME PLUS ROWS:17/85@270; EXTRA LEGROOM ROWS:0/17@280; PRIME PLUS SOFA ROWS:7/11@440,1022262-20825-ob5bpq-1022262
Kolkata,west-bengal,PVR,"INOX City Centre, Saltlake, kolkata",1020719,700064,SCREEN 1,2D,2026-10-02T03:45,Available,225,223,2,298,CLASSIC ROWS:0/49@99; PRIME PLUS ROWS:0/48@149; PRIME ROWS:2/128@149,1020719-113202-ob5bpq-1020719
Kolkata,west-bengal,PVR,"INOX City Centre, Saltlake, kolkata",1020719,700064,SCREEN 1,2D,2026-10-02T12:05,Available,225,207,18,5818,CLASSIC ROWS:2/49@99; PRIME ROWS:10/128@340; PRIME PLUS ROWS:6/48@370,1020719-113205-ob5bpq-1020719
Howrah,west-bengal,SVF Cinemas,"SVF Cinemas : Platina Mall, Howrah",1102203,711101,SCREEN 2,2D,2026-10-02T06:40,Available,148,136,12,3750,GOLD:0/14@100; PLATINUM:0/42@230; DIAMOND:7/84@250; ROYAL:5/8@400,1102203-11969-ob5bpq-1102203
Howrah,west-bengal,SVF Cinemas,"SVF Cinemas : Platina Mall, Howrah",1102203,711101,SCREEN 2,2D,2026-10-02T09:10,Available,148,132,16,4750,GOLD:3/14@100; PLATINUM:0/42@230; DIAMOND:5/84@250; ROYAL:8/8@400,1102203-11970-ob5bpq-1102203
Howrah,west-bengal,SVF Cinemas,"SVF Cinemas : Platina Mall, Howrah",1102203,711101,SCREEN 2,2D,2026-10-02T11:50,Available,148,138,10,3250,GOLD:0/14@100; PLATINUM:0/42@230; DIAMOND:5/84@250; ROYAL:5/8@400,1102203-11978-ob5bpq-1102203
Howrah,west-bengal,SVF Cinemas,"SVF Cinemas : Platina Mall, Howrah",1102203,711101,SCREEN 2,2D,2026-10-02T17:00,Available,148,136,12,3750,GOLD:0/14@100; PLATINUM:0/42@230; DIAMOND:7/84@250; ROYAL:5/8@400,1102203-11972-ob5bpq-1102203
Howrah,west-bengal,miraj,"Miraj Cinemas : Aurbindo Mall, Howrah",3621,711106,SCREEN 1,2D,2026-10-02T07:00,Available,257,250,7,1540,PREMIUM:7/136@220; DELUXE:0/121@220,3621-28919-ob5bpq-3621
Kolkata,west-bengal,SVF Cinemas,Nazrultirtha Cinema : Kolkata,1102200,700156,SCREEN 2,2D,2026-10-02T10:25,Available,96,91,5,900,SILVER:0/13@180; GOLD:5/83@180,1102200-8111-ob5bpq-1102200
Kolkata,west-bengal,SVF Cinemas,Nazrultirtha Cinema : Kolkata,1102200,700156,SCREEN 2,2D,2026-10-02T13:00,Available,96,85,11,1980,SILVER:0/13@180; GOLD:11/83@180,1102200-8112-ob5bpq-1102200
Kolkata,west-bengal,SVF Cinemas,"SVF Cinemas : Wood Square Mall, Narendrapur",1102209,700103,SCREEN 1,2D,2026-10-02T07:15,Available,132,126,6,2100,GOLD:0/7@200; PLATINUM:0/48@220; DIAMOND:0/68@220; ROYAL:6/9@350,1102209-42642-ob5bpq-1102209
Kolkata,west-bengal,SVF Cinemas,"SVF Cinemas : Wood Square Mall, Narendrapur",1102209,700103,SCREEN 1,2D,2026-10-02T12:50,Available,132,122,10,3240,GOLD:0/7@200; PLATINUM:0/48@220; DIAMOND:2/68@220; ROYAL:8/9@350,1102209-42646-ob5bpq-1102209
Kolkata,west-bengal,SVF Cinemas,"SVF Cinemas : Wood Square Mall, Narendrapur",1102209,700103,SCREEN 3,2D,2026-10-02T17:10,Available,62,56,6,2100,ROYAL LOUNGER:0/42@300; ROYAL RECLINER:6/20@350,1102209-42652-ob5bpq-1102209
Kolkata,west-bengal,PVR,"PVR Diamond Plaza, Jassore Road, Kolkata",1020735,700055,AUDI 05,2D,2026-10-02T04:55,Available,103,99,4,1200,CLASSIC ROWS:0/13@220; PRIME ROWS:0/20@240; PRIME PLUS ROWS:0/40@250; PRIME PLUS SOFA ROWS:4/18@300; RECLINER ROWS:0/12@420,1020735-27173-ob5bpq-1020735
Kolkata,west-bengal,PVR,"PVR Diamond Plaza, Jassore Road, Kolkata",1020735,700055,AUDI 03,2D,2026-10-02T06:30,Available,180,167,13,4930,CLASSIC ROWS:0/36@300; PRIME ROWS:0/66@320; PRIME PLUS ROWS:5/44@330; PRIME PLUS SOFA ROWS:8/20@410; RECLINER ROWS:0/14@570,1020735-27162-ob5bpq-1020735
Kolkata,west-bengal,PVR,"PVR Diamond Plaza, Jassore Road, Kolkata",1020735,700055,AUDI 03,2D,2026-10-02T12:20,Available,202,163,39,14300,CLASSIC ROWS:0/36@300; PRIME ROWS:22/88@320; PRIME PLUS ROWS:2/44@330; PRIME PLUS SOFA ROWS:15/20@440; RECLINER ROWS:0/14@570,1020735-27164-ob5bpq-1020735
Kolkata,west-bengal,miraj,"Miraj Cinemas : The Terminus, New Town",12939,700156,SCREEN 4,2D,2026-10-02T03:45,Available,191,188,3,480,SPECIAL:0/59@160; EXECUTIVE:3/85@160; RECLINER:0/47@300,12939-50276-ob5bpq-12939
Kolkata,west-bengal,miraj,"Miraj Cinemas : The Terminus, New Town",12939,700156,SCREEN 4,2D,2026-10-02T12:05,Available,191,186,5,2450,SPECIAL:0/59@260; EXECUTIVE:0/85@260; RECLINER:5/47@490,12939-50272-ob5bpq-12939
Kolkata,west-bengal,miraj,"Miraj Cinemas : The Terminus, New Town",12939,700156,SCREEN 1,2D,2026-10-02T18:00,Available,156,156,0,0,SPECIAL:0/56@260; EXECUTIVE:0/78@260; RECLINER:0/22@490,12939-50262-ob5bpq-12939
Howrah,west-bengal,PVR,"INOX Forum Rangoli Mall, Belur, Howrah",1029337,711202,SCREEN 1,2D,2026-10-02T03:20,Available,227,214,13,1937,CLASSIC ROWS:0/46@149; PRIME PLUS ROWS:4/56@149; PICTURE PERFECT:9/26@149; PRIME ROWS:0/99@149,1029337-61419-ob5bpq-1029337
Howrah,west-bengal,PVR,"INOX Forum Rangoli Mall, Belur, Howrah",1029337,711202,SCREEN 1,2D,2026-10-02T09:00,Available,227,157,70,18650,CLASSIC ROWS:10/46@99; PRIME ROWS:16/99@270; PICTURE PERFECT:15/26@290; PRIME PLUS ROWS:29/56@310,1029337-61421-ob5bpq-1029337
Howrah,west-bengal,PVR,"INOX Forum Rangoli Mall, Belur, Howrah",1029337,711202,SCREEN 2,2D,2026-10-02T12:30,Available,225,212,13,3940,CLASSIC ROWS:0/46@99; PICTURE PERFECT:7/28@300; PRIME ROWS:2/96@300; PRIME PLUS ROWS:4/55@310,1029337-61428-ob5bpq-1029337
Howrah,west-bengal,PVR,"INOX Forum Rangoli Mall, Belur, Howrah",1029337,711202,SCREEN 2,2D,2026-10-02T18:10,Available,225,225,0,0,CLASSIC ROWS:0/46@99; PICTURE PERFECT:0/28@300; PRIME ROWS:0/96@300; PRIME PLUS ROWS:0/55@310,1029337-61430-ob5bpq-1029337
Kolkata,west-bengal,PVR,"INOX City Centre II, Rajarhat, Kolkata",1020724,700157,SCREEN 2,2D,2026-10-02T03:35,Available,273,271,2,298,CLASSIC ROWS:0/28@149; PRIME PLUS ROWS:2/45@149; PICTURE PERFECT:0/30@149; PRIME ROWS:0/170@149,1020724-98178-ob5bpq-1020724
Kolkata,west-bengal,PVR,"INOX City Centre II, Rajarhat, Kolkata",1020724,700157,SCREEN 3,2D,2026-10-02T06:10,Available,273,245,28,7120,CLASSIC ROWS:0/28@190; PRIME ROWS:9/170@210; PRIME PLUS ROWS:4/45@220; PICTURE PERFECT:15/30@290,1020724-98185-ob5bpq-1020724
Kolkata,west-bengal,PVR,"INOX City Centre II, Rajarhat, Kolkata",1020724,700157,SCREEN 3,2D,2026-10-02T12:10,Available,273,267,6,1840,CLASSIC ROWS:0/28@280; PICTURE PERFECT:2/30@300; PRIME ROWS:0/170@300; PRIME PLUS ROWS:4/45@310,1020724-98187-ob5bpq-1020724
Kolkata,west-bengal,Rathindra Multiplex,"Rathindra Multiplex, Kolkata",1101366,700110,SCREEN 3,2D,2026-10-02T04:15,Available,109,109,0,0,EXECUTIVE:0/46@200; RECLINER:0/63@250,1101366-5122-ob5bpq-1101366
Kolkata,west-bengal,Rathindra Multiplex,"Rathindra Multiplex, Kolkata",1101366,700110,SCREEN 1,2D,2026-10-02T11:10,Available,98,98,0,0,EXECUTIVE:0/74@200; CLUB (FOR 2 ADMITS):0/24@450,1101366-5119-ob5bpq-1101366
Kolkata,west-bengal,Rathindra Multiplex,"Rathindra Multiplex, Kolkata",1101366,700110,SCREEN 1,2D,2026-10-02T16:15,Available,103,103,0,0,EXECUTIVE:0/79@200; CLUB (FOR 2 ADMITS):0/24@450,1101366-5121-ob5bpq-1101366
Kolkata,west-bengal,PVR,"INOX Star Mall, Madhyamgram, Kolkata",1020732,700129,SCREEN 1,2D,2026-10-02T03:40,Available,178,174,4,800,CLASSIC ROWS:0/30@180; PRIME ROWS:4/105@200; PRIME PLUS ROWS:0/43@220,1020732-53066-ob5bpq-1020732
Kolkata,west-bengal,PVR,"INOX Star Mall, Madhyamgram, Kolkata",1020732,700129,SCREEN 1,2D,2026-10-02T06:30,Available,178,168,10,2640,CLASSIC ROWS:0/30@240; PRIME ROWS:8/105@260; PRIME PLUS ROWS:2/43@280,1020732-53067-ob5bpq-1020732
Kolkata,west-bengal,PVR,"INOX Star Mall, Madhyamgram, Kolkata",1020732,700129,SCREEN 2,2D,2026-10-02T14:50,Available,182,179,3,780,CLASSIC ROWS:0/32@240; PRIME ROWS:3/107@260; PRIME PLUS ROWS:0/43@280,1020732-53076-ob5bpq-1020732
Hooghly,west-bengal,Rabindra Mancha,"Rabindra Mancha, Jagadhatritala Road, Hooghly",49444,712124,SCREEN 1,2D,2026-10-02T07:30,Available,500,500,0,0,FIRST CLASS:0/300@70; BALCONY CLASS:0/200@90,49444-35117__1790926200__524__2074048-ob5bpq-49444
Hooghly,west-bengal,Rabindra Mancha,"Rabindra Mancha, Jagadhatritala Road, Hooghly",49444,712124,SCREEN 1,2D,2026-10-02T10:30,Available,500,500,0,0,FIRST CLASS:0/300@70; BALCONY CLASS:0/200@90,49444-35117__1790937000__524__2074049-ob5bpq-49444
Hooghly,west-bengal,Rabindra Mancha,"Rabindra Mancha, Jagadhatritala Road, Hooghly",49444,712124,SCREEN 1,2D,2026-10-02T13:00,Available,500,500,0,0,FIRST CLASS:0/300@70; BALCONY CLASS:0/200@90,49444-35117__1790946000__524__2074050-ob5bpq-49444
Pune,maharashtra,City Pride Multiplex,"City Pride Multiplex, Nyati Plaza, Kharadi (Pune)",1102429,411014,SCREEN4,2D,2026-10-02T04:45,Available,170,170,0,0,ROYAL SILVER:0/24@180; ROYAL GOLD:0/146@200,1102429-17391-ob5bpq-1102429
Pune,maharashtra,City Pride Multiplex,"City Pride Multiplex, Nyati Plaza, Kharadi (Pune)",1102429,411014,SCREEN1,2D,2026-10-02T10:00,Available,126,124,2,600,ROYAL SILVER:0/24@270; ROYAL GOLD:2/92@300; ROYAL RECLINER:0/10@600,1102429-17313-ob5bpq-1102429
Pune,maharashtra,City Pride Multiplex,"City Pride Multiplex, Nyati Plaza, Kharadi (Pune)",1102429,411014,SCREEN5,2D,2026-10-02T17:00,Available,178,178,0,0,ROYAL SILVER:0/24@300; ROYAL GOLD:0/154@330,1102429-17330-ob5bpq-1102429
Pune,maharashtra,PVR,"INOX Bund Garden, Bund Garden Road, Pune",1019930,411001,SCREEN 1,2D,2026-10-02T14:00,Available,231,227,4,1040,CLASSIC ROWS:0/56@240; PRIME ROWS:4/116@260; PRIME PLUS ROWS:0/59@280,1019930-141889-ob5bpq-1019930
Pune,maharashtra,PVR,"PVR ICON Pavillion Mall, Shivajinagar, Pune",1019924,411016,AUDI 03,2D,2026-10-02T09:45,Available,232,217,15,7330,CLASSIC ROWS:0/40@270; PRIME ROWS:4/120@310; PRIME PLUS ROWS:5/59@330; RECLINER ROWS:6/13@740,1019924-36460-ob5bpq-1019924
Pune,maharashtra,PVR,"PVR Kumar Pacific Mall, Swar Gate, Pune",1019925,411002,AUDI 02,2D,2026-10-02T04:05,Available,184,172,12,2088,CLASSIC ROWS:0/24@149; PRIME PLUS ROWS:10/60@149; EXTRA LEGROOM ROWS:0/15@149; PRIME ROWS:0/75@149; RECLINER ROWS:2/10@299,1019925-22134-ob5bpq-1019925
Pune,maharashtra,PVR,"PVR Kumar Pacific Mall, Swar Gate, Pune",1019925,411002,AUDI 02,2D,2026-10-02T12:35,Available,184,184,0,0,CLASSIC ROWS:0/24@250; PRIME ROWS:0/75@270; PRIME PLUS ROWS:0/60@290; EXTRA LEGROOM ROWS:0/15@320; RECLINER ROWS:0/10@470,1019925-22137-ob5bpq-1019925
Pune,maharashtra,PVR,"PVR Directors Cut KOPA, KOPA Mall, Pune",1027604,411001,AUDI 05,2D,2026-10-02T12:20,Available,54,51,3,1950,RECLINER:0/27@600; RECLINER PRIME:3/27@650,1027604-36061-ob5bpq-1027604
Pune,maharashtra,Rajhans Cinemas,"Rajhans Cinemas 93 Avenue Mall, Fatima Nagar, Pune",24973,411022,SCRREN3,2D,2026-10-02T06:15,Available,172,160,12,3600,MARVEL:0/24@230; ROYAL:0/48@250; EXECUTIVE:8/84@250; RECLINER:4/16@400,24973-45676-ob5bpq-24973
Pune,maharashtra,Rajhans Cinemas,"Rajhans Cinemas 93 Avenue Mall, Fatima Nagar, Pune",24973,411022,SCRREN3,2D,2026-10-02T12:20,Available,172,159,13,4590,MARVEL:0/24@250; ROYAL:0/48@270; EXECUTIVE:7/84@270; RECLINER:6/16@450,24973-45697-ob5bpq-24973
Pune,maharashtra,MovieMax,"MovieMax Gold, Mariplex Mall, Kalyani Nagar, Pune",1027599,411006,SCREEN3,2D,2026-10-02T15:30,Available,315,315,0,0,MAX PRIME:0/98@190; MAX PREMIER:0/195@210; RECLINER:0/22@450,1027599-15199-ob5bpq-1027599
Pune,maharashtra,Cinepolis,"Cinepolis Nexus Westend, Aundh, Pune",127,411007,AUDI06,2D,2026-10-02T04:15,Available,128,120,8,1840,NORMAL:0/12@170; EXECUTIVE:0/39@210; PREMIUM:8/77@230,127-16539-ob5bpq-127
Pune,maharashtra,Cinepolis,"Cinepolis Nexus Westend, Aundh, Pune",127,411007,AUDI06,2D,2026-10-02T16:50,Available,128,116,12,3600,NORMAL:0/12@240; EXECUTIVE:0/39@280; PREMIUM:12/77@300,127-16541-ob5bpq-127
Pune,maharashtra,PVR,"PVR Phoenix Market City, Nagar Road, Pune",1022265,411014,AUDI 05,2D,2026-10-02T04:35,Available,216,202,14,3120,CLASSIC ROWS:0/36@149; CLASSIC PLUS ROWS:0/36@190; PRIME ROWS:8/107@210; PRIME PLUS ROWS:6/21@240; RECLINER ROWS:0/16@380,1022265-46387-ob5bpq-1022265
Pune,maharashtra,PVR,"PVR Phoenix Market City, Nagar Road, Pune",1022265,411014,AUDI 05,2D,2026-10-02T10:35,Available,216,190,26,8960,CLASSIC ROWS:0/36@149; CLASSIC PLUS ROWS:0/36@270; PRIME ROWS:18/107@290; PRIME PLUS ROWS:2/21@340; RECLINER ROWS:6/16@510,1022265-46389-ob5bpq-1022265
Pune,maharashtra,Cinepolis,"Cinepolis Seasons Mall, Hadapsar, Pune",153,411028,AUDI 10,2D,2026-10-02T03:30,Available,165,155,10,2100,NORMAL:0/15@190; EXECUTIVE:0/47@190; PREMIUM:10/103@210,153-26067-ob5bpq-153
Pune,maharashtra,Cinepolis,"Cinepolis Seasons Mall, Hadapsar, Pune",153,411028,AUDI 10,2D,2026-10-02T06:25,Available,165,143,22,5500,NORMAL:0/15@230; EXECUTIVE:0/47@230; PREMIUM:22/103@250,153-26068-ob5bpq-153
Pune,maharashtra,Cinepolis,"Cinepolis Seasons Mall, Hadapsar, Pune",153,411028,AUDI 10,2D,2026-10-02T09:15,Available,165,152,13,3250,NORMAL:0/15@230; EXECUTIVE:0/47@230; PREMIUM:13/103@250,153-26069-ob5bpq-153
Pune,maharashtra,Cinepolis,"Cinepolis Seasons Mall, Hadapsar, Pune",153,411028,AUDI 10,2D,2026-10-02T12:10,Available,165,143,22,6340,NORMAL:0/15@270; EXECUTIVE:2/47@270; PREMIUM:20/103@290,153-26070-ob5bpq-153
Pune,maharashtra,Cinepolis,"Cinepolis Seasons Mall, Hadapsar, Pune",153,411028,AUDI 10,2D,2026-10-02T15:05,Available,165,158,7,2170,NORMAL:0/15@290; EXECUTIVE:0/47@290; PREMIUM:7/103@310,153-26071-ob5bpq-153
Pune,maharashtra,Cinepolis,"Cinepolis Seasons Mall, Hadapsar, Pune",153,411028,AUDI 10,2D,2026-10-02T18:00,Available,165,158,7,2170,NORMAL:0/15@290; EXECUTIVE:0/47@290; PREMIUM:7/103@310,153-26072-ob5bpq-153
Pune,maharashtra,PVR,"INOX Royal Heritage Mall, NIBM Ext., Pune",1019929,411060,SCREEN 2,2D,2026-10-02T08:50,Available,93,91,2,520,CLASSIC ROWS:0/26@99; PRIME ROWS:0/36@240; PRIME PLUS ROWS:2/19@260; RECLINER ROWS:0/12@410,1019929-98554-ob5bpq-1019929
Pune,maharashtra,PVR,"INOX Royal Heritage Mall, NIBM Ext., Pune",1019929,411060,SCREEN 2,2D,2026-10-02T14:05,Available,93,90,3,297,CLASSIC ROWS:3/26@99; PRIME ROWS:0/36@270; PRIME PLUS ROWS:0/19@290; RECLINER ROWS:0/12@540,1019929-98556-ob5bpq-1019929
Pune,maharashtra,MovieMax,"MovieMax Amanora, Town Centre, Pune (Now Renovated)",1025280,411028,SCREEN 6,2D,2026-10-02T07:00,Available,211,174,37,9450,EXECUTIVE:0/42@190; CLUB:30/157@210; RECLINER:7/12@450,1025280-43432-ob5bpq-1025280
Pune,maharashtra,MovieMax,"MovieMax Amanora, Town Centre, Pune (Now Renovated)",1025280,411028,SCREEN 6,2D,2026-10-02T13:00,Available,211,186,25,6750,EXECUTIVE:0/42@250; CLUB:25/157@270; RECLINER:0/12@600,1025280-43433-ob5bpq-1025280
Pune,maharashtra,PVR,"INOX Megaplex, Phoenix Mall of the Millennium, Wakad, Pune",1023543,411057,AUDI 14,2D,2026-10-02T03:35,Available,156,143,13,2587,CLASSIC ROWS:0/22@199; CLASSIC PLUS ROWS:0/22@199; PRIME ROWS:13/112@199,1023543-73736-ob5bpq-1023543
Pune,maharashtra,PVR,"INOX Megaplex, Phoenix Mall of the Millennium, Wakad, Pune",1023543,411057,AUDI 14,2D,2026-10-02T08:55,Available,156,106,50,15340,CLASSIC ROWS:0/22@240; CLASSIC PLUS ROWS:4/22@270; PRIME ROWS:46/112@310,1023543-73682-ob5bpq-1023543
Pune,maharashtra,PVR,"INOX Megaplex, Phoenix Mall of the Millennium, Wakad, Pune",1023543,411057,AUDI 14,2D,2026-10-02T12:05,Available,156,143,13,4640,CLASSIC ROWS:0/22@310; CLASSIC PLUS ROWS:2/22@340; PRIME ROWS:11/112@360,1023543-73683-ob5bpq-1023543
Pune,maharashtra,PVR,"INOX Megaplex, Phoenix Mall of the Millennium, Wakad, Pune",1023543,411057,AUDI 14,2D,2026-10-02T15:15,Available,156,148,8,2880,CLASSIC ROWS:0/22@310; CLASSIC PLUS ROWS:0/22@340; PRIME ROWS:8/112@360,1023543-73684-ob5bpq-1023543
Pune,maharashtra,PVR,"INOX Megaplex, Phoenix Mall of the Millennium, Wakad, Pune",1023543,411057,AUDI 14,2D,2026-10-02T18:25,Available,156,152,4,1440,CLASSIC ROWS:0/22@310; CLASSIC PLUS ROWS:0/22@340; PRIME ROWS:4/112@360,1023543-73685-ob5bpq-1023543
Pune,maharashtra,PVR,"INOX Elpro City Square, Chinchwad, Pune",1019931,411033,SCREEN 4,2D,2026-10-02T03:20,Available,190,175,15,2235,CLASSIC ROWS:0/34@149; PRIME PLUS ROWS:11/54@149; EXTRA LEGROOM ROWS:4/17@149; PRIME ROWS:0/85@149,1019931-59438-ob5bpq-1019931
Pune,maharashtra,PVR,"INOX Elpro City Square, Chinchwad, Pune",1019931,411033,SCREEN 4,2D,2026-10-02T15:15,Available,190,188,2,720,CLASSIC ROWS:0/34@130; PRIME ROWS:0/85@320; PRIME PLUS ROWS:2/54@360; EXTRA LEGROOM ROWS:0/17@380,1019931-59442-ob5bpq-1019931
Pune,maharashtra,miraj,"Miraj Cinemas : Spine City Mall, Pune",1017287,412105,SCREEN 4,2D,2026-10-02T03:45,Available,220,216,4,600,SILVER:0/48@150; GOLD:4/145@150; PLATINUM RECLINER:0/27@250,1017287-26610-ob5bpq-1017287
Pune,maharashtra,miraj,"Miraj Cinemas : Spine City Mall, Pune",1017287,412105,SCREEN 4,2D,2026-10-02T09:30,Available,220,209,11,2090,SILVER:0/48@170; GOLD:11/145@190; PLATINUM RECLINER:0/27@290,1017287-26612-ob5bpq-1017287
Pune,maharashtra,miraj,"Miraj Cinemas : Spine City Mall, Pune",1017287,412105,SCREEN 1,2D,2026-10-02T12:00,Available,179,179,0,0,SILVER:0/48@170; GOLD:0/113@190; CLUB SOFA:0/18@240,1017287-26608-ob5bpq-1017287
Pune,maharashtra,miraj,"Miraj Cinemas : Spine City Mall, Pune",1017287,412105,SCREEN 4,2D,2026-10-02T15:30,Available,220,220,0,0,SILVER:0/48@200; GOLD:0/145@220; PLATINUM RECLINER:0/27@290,1017287-26614-ob5bpq-1017287
Pune,maharashtra,PVR,"PVR Grand Highstreet Mall, Hinjawadi, Pune",1019928,411057,AUDI 02,2D,2026-10-02T06:20,Available,160,102,58,11557,CLASSIC ROWS:3/24@99; PRIME ROWS:9/48@160; PRIME PLUS ROWS:42/64@210; EXTRA LEGROOM ROWS:2/16@210; RECLINER ROWS:2/8@290,1019928-47683-ob5bpq-1019928
Pune,maharashtra,PVR,"PVR Grand Highstreet Mall, Hinjawadi, Pune",1019928,411057,AUDI 02,2D,2026-10-02T15:05,Available,148,141,7,2568,CLASSIC ROWS:2/24@99; PRIME ROWS:0/48@270; PRIME PLUS ROWS:2/52@300; EXTRA LEGROOM ROWS:0/16@320; RECLINER ROWS:3/8@590,1019928-47686-ob5bpq-1019928
Pune,maharashtra,PVR,"INOX Jai Ganesh Vision Mall, Akurdi, Pune",1019927,411035,SCREEN 3,2D,2026-10-02T01:30,Available,475,475,0,0,CLASSIC PLUS ROWS:0/184@149; PRIME ROWS:0/211@149; CLASSIC ROWS:0/55@149; EXTRA LEGROOM ROWS:0/25@149,1019927-78566-ob5bpq-1019927
Pune,maharashtra,PVR,"INOX Jai Ganesh Vision Mall, Akurdi, Pune",1019927,411035,SCREEN 2,2D,2026-10-02T12:35,Available,137,124,13,2033,CLASSIC ROWS:7/26@99; CLASSIC PLUS ROWS:0/64@190; PRIME ROWS:2/32@210; EXTRA LEGROOM ROWS:4/15@230,1019927-78536-ob5bpq-1019927
Ahmedabad,gujarat,City Gold,"City Gold, Ashram Road",1102111,380009,SCREEN 3,2D,2026-10-02T03:30,Available,261,261,0,0,EXECUTIVE:0/261@150,1102111-237356-ob5bpq-1102111
Ahmedabad,gujarat,City Gold,"City Gold, Ashram Road",1102111,380009,SCREEN 3,2D,2026-10-02T10:30,Available,261,261,0,0,EXECUTIVE:0/261@200,1102111-237374-ob5bpq-1102111
Ahmedabad,gujarat,City Gold,"City Gold, Ashram Road",1102111,380009,SCREEN 3,2D,2026-10-02T16:45,Available,100,100,0,0,EXECUTIVE:0/100@250,1102111-237380-ob5bpq-1102111
Ahmedabad,gujarat,miraj,"Miraj Cinemas : City Pulse, Ahmedabad",171,380001,SCREEN 7,2D,2026-10-02T05:00,Available,56,56,0,0,GOLD:0/56@140,171-150584-ob5bpq-171
Ahmedabad,gujarat,miraj,"Miraj Cinemas : City Pulse, Ahmedabad",171,380001,SCREEN 7,2D,2026-10-02T08:00,Available,56,56,0,0,GOLD:0/56@160,171-150585-ob5bpq-171
Ahmedabad,gujarat,miraj,"Miraj Cinemas : City Pulse, Ahmedabad",171,380001,SCREEN 7,2D,2026-10-02T11:00,Available,56,56,0,0,GOLD:0/56@180,171-150586-ob5bpq-171
Ahmedabad,gujarat,miraj,"Miraj Cinemas : City Pulse, Ahmedabad",171,380001,SCREEN 7,2D,2026-10-02T14:00,Available,56,56,0,0,GOLD:0/56@200,171-150587-ob5bpq-171
Ahmedabad,gujarat,miraj,"Miraj Cinemas : City Pulse, Ahmedabad",171,380001,SCREEN 7,2D,2026-10-02T17:00,Available,56,56,0,0,GOLD:0/56@220,171-150588-ob5bpq-171
Ahmedabad,gujarat,PVR,"PVR Arved Transcube, Vijay Nagar, Ahmedabad",1020682,382480,AUDI 07,2D,2026-10-02T03:50,Available,116,113,3,420,CLASSIC ROWS:0/30@105; PRIME ROWS:0/76@105; EXTRA LEGROOM ROWS:3/10@140,1020682-38170-ob5bpq-1020682
Ahmedabad,gujarat,PVR,"PVR Arved Transcube, Vijay Nagar, Ahmedabad",1020682,382480,AUDI 07,2D,2026-10-02T09:05,Available,137,113,24,3840,CLASSIC ROWS:0/30@130; PRIME ROWS:24/97@160; EXTRA LEGROOM ROWS:0/10@190,1020682-38172-ob5bpq-1020682
Ahmedabad,gujarat,PVR,"PVR Arved Transcube, Vijay Nagar, Ahmedabad",1020682,382480,AUDI 07,2D,2026-10-02T17:40,Available,116,116,0,0,CLASSIC ROWS:0/30@180; PRIME ROWS:0/76@210; EXTRA LEGROOM ROWS:0/10@240,1020682-38175-ob5bpq-1020682
Ahmedabad,gujarat,Cinepolis,"Cinepolis Nexus One, Ahmedabad",125,380015,AUDI 3,2D,2026-10-02T03:30,Available,145,128,17,4080,EXECUTIVE:0/37@200; EXECUTIVE XL:0/15@240; PREMIUM:17/93@240,125-9978-ob5bpq-125
Ahmedabad,gujarat,Cinepolis,"Cinepolis Nexus One, Ahmedabad",125,380015,AUDI 3,2D,2026-10-02T14:10,Available,145,139,6,1920,EXECUTIVE:0/37@300; PREMIUM:6/93@320; EXECUTIVE XL:0/15@340,125-10009-ob5bpq-125
Ahmedabad,gujarat,City Gold,"City Gold, Satellite",1102115,380015,SCREEN 4,2D,2026-10-02T08:00,Available,123,123,0,0,EXECUTIVE:0/123@200,1102115-285741-ob5bpq-1102115
Ahmedabad,gujarat,City Gold,"City Gold, Satellite",1102115,380015,SCREEN 1,2D,2026-10-02T13:00,Available,100,100,0,0,EXECUTIVE:0/100@250,1102115-285733-ob5bpq-1102115
Ahmedabad,gujarat,Apple Cinema,"Apple Cinema, Bapunagar, Ahmedabad",1102449,380024,SCREEN 2,2D,2026-10-02T06:45,Available,300,300,0,0,SILVER:0/100@160; LOUNGER:0/100@170; PLATINUM:0/100@180,1102449-64280-ob5bpq-1102449
Ahmedabad,gujarat,Apple Cinema,"Apple Cinema, Bapunagar, Ahmedabad",1102449,380024,SCREEN 2,2D,2026-10-02T17:30,Available,107,107,0,0,SILVER:0/65@240; PLATINUM:0/32@250; LOUNGER:0/10@250,1102449-64308-ob5bpq-1102449
Ahmedabad,gujarat,City Gold,"City Gold, Jivraj Park",1102117,380007,AUDI 5,2D,2026-10-02T04:30,Available,84,84,0,0,EXECUTIVE:0/84@140,1102117-39469-ob5bpq-1102117
Ahmedabad,gujarat,City Gold,"City Gold, Jivraj Park",1102117,380007,AUDI 4,2D,2026-10-02T06:15,Available,89,89,0,0,EXECUTIVE:0/89@140,1102117-39466-ob5bpq-1102117
Ahmedabad,gujarat,City Gold,"City Gold, Jivraj Park",1102117,380007,AUDI 4,2D,2026-10-02T11:30,Available,100,100,0,0,EXECUTIVE:0/100@140,1102117-39467-ob5bpq-1102117
Ahmedabad,gujarat,City Gold,"City Gold, Jivraj Park",1102117,380007,AUDI 4,2D,2026-10-02T16:45,Available,100,100,0,0,EXECUTIVE:0/100@140,1102117-39468-ob5bpq-1102117
Ahmedabad,gujarat,PVR,"PVR Palladium Mall, Thaltej, Ahmedabad",1032362,380054,SCREEN 1,2D,2026-10-02T04:15,Available,47,45,2,1300,EXECUTIVE RECLI ROWS:0/14@630; ROYAL RECLINER ROWS:2/33@650,1032362-39903-ob5bpq-1032362
Ahmedabad,gujarat,PVR,"PVR Palladium Mall, Thaltej, Ahmedabad",1032362,380054,SCREEN 1,2D,2026-10-02T09:35,Available,47,37,10,7300,EXECUTIVE RECLI ROWS:0/14@710; ROYAL RECLINER ROWS:10/33@730,1032362-39905-ob5bpq-1032362
Ahmedabad,gujarat,PVR,"PVR Palladium Mall, Thaltej, Ahmedabad",1032362,380054,SCREEN 8,2D,2026-10-02T14:55,Available,65,58,7,3640,CLASSIC ROWS:0/18@290; PRIME ROWS:0/18@310; PRIME PLUS ROWS:3/21@360; RECLINER ROWS:4/8@640,1032362-39924-ob5bpq-1032362
Ahmedabad,gujarat,PVR,"PVR Palladium Mall, Thaltej, Ahmedabad",1032362,380054,SCREEN 8,2D,2026-10-02T17:50,Available,65,65,0,0,CLASSIC ROWS:0/18@310; PRIME ROWS:0/18@330; PRIME PLUS ROWS:0/21@380; RECLINER ROWS:0/8@610,1032362-39925-ob5bpq-1032362
Ahmedabad,gujarat,PVR,"PVR Acropolis, Acropolis Mall, Ahmedabad",1022291,380059,AUDI 03,2D,2026-10-02T03:25,Available,161,153,8,3140,CLASSIC ROWS:0/39@150; PRIME ROWS:0/65@170; PRIME PLUS ROWS:2/34@220; EXTRA LEGROOM ROWS:0/15@250; RECLINER ROWS:6/8@450,1022291-34711-ob5bpq-1022291
Ahmedabad,gujarat,PVR,"PVR Acropolis, Acropolis Mall, Ahmedabad",1022291,380059,AUDI 03,2D,2026-10-02T15:00,Available,161,161,0,0,CLASSIC ROWS:0/39@260; PRIME ROWS:0/65@280; PRIME PLUS ROWS:0/34@330; EXTRA LEGROOM ROWS:0/15@360; RECLINER ROWS:0/8@530,1022291-34715-ob5bpq-1022291
Ahmedabad,gujarat,City Gold,"City Gold, Motera",1102112,380005,SCREEN 1,2D,2026-10-02T10:45,Available,364,364,0,0,AUDI 1:0/364@130,1102112-891561-ob5bpq-1102112
Ahmedabad,gujarat,New Fangled Miniplex,"Newfangled Miniplex (Twin Seat), Mondeal Retail Park, Ahmedabad",28429,380015,SCREEN 2,2D,2026-10-02T09:45,Available,22,22,0,0,V COUPLE SEAT:0/11@650; P COUPLE SEAT:0/11@650,28429-283470-ob5bpq-28429
Ahmedabad,gujarat,miraj,"Miraj Cinemas : Cinepride, Krishna Nagar",170,382346,SCREEN 4,2D,2026-10-02T03:30,Available,123,123,0,0,PLATINUM:0/98@149; GOLD:0/25@149,170-113925-ob5bpq-170
Ahmedabad,gujarat,miraj,"Miraj Cinemas : Cinepride, Krishna Nagar",170,382346,SCREEN 2,2D,2026-10-02T08:30,Available,125,125,0,0,GOLD:0/27@149; PLATINUM:0/98@149,170-113923-ob5bpq-170
Ahmedabad,gujarat,miraj,"Miraj Cinemas : Cinepride, Krishna Nagar",170,382346,SCREEN 2,2D,2026-10-02T14:00,Available,125,123,2,298,GOLD:0/27@149; PLATINUM:2/98@149,170-113924-ob5bpq-170
Ahmedabad,gujarat,Revolution Video,"Revolution Multiplex, CTM, Ahmedabad",1037,380026,SCREEN 3,2D,2026-10-02T07:10,Available,98,98,0,0,GOLDEN:0/40@160; PLATINUM:0/26@180; LOUNGER:0/8@200; ROYAL SOFA:0/24@250,1037-229445-ob5bpq-1037
Ahmedabad,gujarat,Revolution Video,"Revolution Multiplex, CTM, Ahmedabad",1037,380026,SCREEN 3,2D,2026-10-02T10:10,Available,98,98,0,0,GOLDEN:0/40@160; PLATINUM:0/26@180; LOUNGER:0/8@200; ROYAL SOFA:0/24@250,1037-229467-ob5bpq-1037
Ahmedabad,gujarat,Revolution Video,"Revolution Multiplex, CTM, Ahmedabad",1037,380026,SCREEN 4,2D,2026-10-02T13:15,Available,125,125,0,0,GOLDEN:0/50@160; PLATINUM:0/50@180; LOUNGER:0/9@200; SOFA CLASS:0/16@250,1037-229480-ob5bpq-1037
Ahmedabad,gujarat,Revolution Video,"Revolution Multiplex, CTM, Ahmedabad",1037,380026,SCREEN 2,2D,2026-10-02T16:05,Available,75,75,0,0,GOLDEN:0/28@160; PLATINUM:0/20@180; LOUNGER:0/10@200; ROYAL SOFA:0/17@250,1037-229410-ob5bpq-1037
Ahmedabad,gujarat,Wide Angle Multiplex,"Wide Angle Multiplex, Satellite Crossing, Ahmedabad",1024793,380015,SCREEN 3,2D,2026-10-02T04:00,Available,20,20,0,0,SILVER:0/10@150; GOLD:0/10@150,1024793-225463-ob5bpq-1024793
Ahmedabad,gujarat,Wide Angle Multiplex,"Wide Angle Multiplex, Satellite Crossing, Ahmedabad",1024793,380015,SCREEN 3,2D,2026-10-02T17:00,Available,20,20,0,0,SILVER:0/10@250; GOLD:0/10@250,1024793-225496-ob5bpq-1024793
Ahmedabad,gujarat,Apple Cinema,"Apple Multiplex, Gota, Ahmedabad",1058869,382481,SCREEN 4,2D,2026-10-02T05:30,Available,300,300,0,0,PLATINUM:0/100@180; SLIDER SOFA:0/100@180; LOUNGER:0/100@180,1058869-92861-ob5bpq-1058869
Ahmedabad,gujarat,Apple Cinema,"Apple Multiplex, Gota, Ahmedabad",1058869,382481,SCREEN 4,2D,2026-10-02T11:15,Available,300,300,0,0,PLATINUM:0/100@180; SLIDER SOFA:0/100@180; LOUNGER:0/100@180,1058869-92875-ob5bpq-1058869
Ahmedabad,gujarat,Apple Cinema,"Apple Multiplex, Gota, Ahmedabad",1058869,382481,SCREEN 4,2D,2026-10-02T17:00,Available,300,300,0,0,SLIDER SOFA:0/100@200; PLATINUM:0/100@230; LOUNGER:0/100@230,1058869-92889-ob5bpq-1058869
Ahmedabad,gujarat,New Fangled Miniplex,"Newfangled Miniplex (Twin Seat), Motera, Ahmedabad",28430,380005,SCREEN 4,2D,2026-10-02T09:45,Available,11,11,0,0,COUPLE SEAT:0/11@550,28430-247172-ob5bpq-28430
Ahmedabad,gujarat,PVR,"PVR Motera, 4D Square Mall, Ahmedabad",1020683,380005,AUDI 01,2D,2026-10-02T11:50,Available,251,251,0,0,CLASSIC ROWS:0/54@160; PRIME ROWS:0/140@190; EXTRA LEGROOM ROWS:0/14@210; PICTURE PERFECT:0/20@210; RECLINER ROWS:0/23@380,1020683-21605-ob5bpq-1020683
Ahmedabad,gujarat,Sanelite Cinema,"Sanelite Cinemas (Banana Smartplex), SBR, Thaltej",1102485,380059,SCREEN 3,2D,2026-10-02T06:30,Available,24,24,0,0,COUPLE SOFA (1ADMIT):0/16@200; COUPLE LOUNGER (2ADMITS):0/8@400,1102485-62285-ob5bpq-1102485
Ahmedabad,gujarat,Sanelite Cinema,"Sanelite Cinemas (Banana Smartplex), SBR, Thaltej",1102485,380059,SCREEN 3,2D,2026-10-02T14:45,Available,200,200,0,0,COUPLE SOFA (1ADMIT):0/100@250; COUPLE LOUNGER (2ADMITS):0/100@500,1102485-62306-ob5bpq-1102485
Ahmedabad,gujarat,Devi,"Devi Multiplex, Naroda, Ahmedabad",900,382330,SCREEN 2,2D,2026-10-02T08:30,Available,140,140,0,0,PLATINUM:0/42@150; GOLD:0/98@150,900-116765-ob5bpq-900
Ahmedabad,gujarat,Devi,"Devi Multiplex, Naroda, Ahmedabad",900,382330,SCREEN 2,2D,2026-10-02T14:00,Available,140,140,0,0,PLATINUM:0/42@150; GOLD:0/98@150,900-116768-ob5bpq-900
Ahmedabad,gujarat,Devi,"Devi Multiplex, Naroda, Ahmedabad",900,382330,SCREEN 1,2D,2026-10-02T15:30,Available,152,152,0,0,PLATINUM:0/40@150; GOLD:0/112@150,900-116759-ob5bpq-900
Ahmedabad,gujarat,Cinepolis,"Cinepolis Kankubag, Ahmedabad",1016640,382418,AUDI 3,2D,2026-10-02T03:30,Available,192,187,5,950,NORMAL:0/12@150; EXECUTIVE:0/42@170; PREMIUM:5/100@190; PREMIUM PLUS:0/14@210; PREMIUM XL:0/14@230; RECLINER:0/10@380,1016640-8220-ob5bpq-1016640
Ahmedabad,gujarat,Cinepolis,"Cinepolis Kankubag, Ahmedabad",1016640,382418,AUDI 3,2D,2026-10-02T09:10,Available,192,178,14,2940,NORMAL:0/12@160; EXECUTIVE:0/42@180; PREMIUM:9/100@200; PREMIUM PLUS:3/14@220; PREMIUM XL:2/14@240; RECLINER:0/10@400,1016640-8222-ob5bpq-1016640
Ahmedabad,gujarat,Cinepolis,"Cinepolis Kankubag, Ahmedabad",1016640,382418,AUDI 3,2D,2026-10-02T15:00,Available,192,187,5,1400,NORMAL:0/12@210; EXECUTIVE:0/42@260; PREMIUM:5/100@280; PREMIUM PLUS:0/14@300; PREMIUM XL:0/14@320; RECLINER:0/10@560,1016640-8224-ob5bpq-1016640
Ahmedabad,gujarat,Sanelite Cinema,"Sanelite Cinemas, Science City",1102495,380060,SCREEN 1,2D,2026-10-02T07:30,Available,100,100,0,0,MILLER:0/100@200,1102495-103981-ob5bpq-1102495
Ahmedabad,gujarat,Rajhans Cinemas,"Rajhans Cinemas, Nikol, Ahmedabad",1050995,382350,SCREEN 3,2D,2026-10-02T04:45,Available,251,218,33,4950,MARVEL:0/26@105; ROYAL:0/73@130; EXECUTIVE:21/140@150; BOX:12/12@150,1050995-62087-ob5bpq-1050995
Ahmedabad,gujarat,Rajhans Cinemas,"Rajhans Cinemas, Nikol, Ahmedabad",1050995,382350,SCREEN 3,2D,2026-10-02T13:30,Available,251,218,33,6600,MARVEL:0/26@160; ROYAL:0/73@190; EXECUTIVE:21/140@200; BOX:12/12@200,1050995-62090-ob5bpq-1050995
Ahmedabad,gujarat,Rajhans Cinemas,"Rajhans Cinema, Vastral, Ahmedabad",17669,382418,SCREEN 3,2D,2026-10-02T05:15,Available,232,218,14,2960,MARVEL:0/38@105; ROYAL:0/49@130; EXECUTIVE:8/125@130; RECLINER:6/20@320,17669-59992-ob5bpq-17669
Ahmedabad,gujarat,Rajhans Cinemas,"Rajhans Cinema, Vastral, Ahmedabad",17669,382418,SCREEN 4,2D,2026-10-02T07:45,Available,193,173,20,4620,MARVEL:0/32@160; ROYAL:0/40@170; EXECUTIVE:14/104@180; RECLINER:6/17@350,17669-59998-ob5bpq-17669
Ahmedabad,gujarat,Rajhans Cinemas,"Rajhans Cinema, Vastral, Ahmedabad",17669,382418,SCREEN 3,2D,2026-10-02T11:45,Available,232,220,12,3480,MARVEL:0/38@170; ROYAL:0/49@190; EXECUTIVE:6/125@200; RECLINER:6/20@380,17669-59994-ob5bpq-17669
Ahmedabad,gujarat,Rajhans Cinemas,"Rajhans Cinema, Vastral, Ahmedabad",17669,382418,SCREEN 3,2D,2026-10-02T14:30,Available,232,220,12,3480,MARVEL:0/38@140; ROYAL:0/49@160; EXECUTIVE:6/125@180; RECLINER:6/20@400,17669-59995-ob5bpq-17669
Ahmedabad,gujarat,Rajhans Cinemas,"Rajhans Cinema, Vastral, Ahmedabad",17669,382418,SCREEN 3,2D,2026-10-02T17:15,Available,232,220,12,3480,MARVEL:0/38@140; ROYAL:0/49@160; EXECUTIVE:6/125@180; RECLINER:6/20@400,17669-59996-ob5bpq-17669
Ahmedabad,gujarat,PVR,"PVR Satyamev Emporio Odhav, Satyamev Emporio Mall, Ahmedabad",1022293,382430,AUDI 01,2D,2026-10-02T07:45,Available,128,128,0,0,CLASSIC ROWS:0/39@149; EXTRA LEGROOM ROWS:0/16@149; PRIME ROWS:0/58@149; RECLINER ROWS:0/15@299,1022293-26324-ob5bpq-1022293
Ahmedabad,gujarat,NY ,"Devgn CineX (Formerly NY) : Chandkheda, Ahmedabad",61478,382424,AUDI 3,2D,2026-10-02T12:55,Available,198,197,1,400,CLASSIC:0/34@180; PRIME:0/126@220; COMFORTS:0/26@300; RECLINER:1/12@400,61478-32871-ob5bpq-61478
Ahmedabad,gujarat,City Gold,"City Gold, Bopal",1102113,380058,SCREEN 2,2D,2026-10-02T11:30,Available,100,100,0,0,EXECUTIVE:0/100@200,1102113-110901-ob5bpq-1102113
Ahmedabad,gujarat,Mangoplus Cinema,"Mango Plus Cinemas, Nikol, Ahmedabad",1004161,382350,SCREEN 4,2D,2026-10-02T06:30,Available,166,166,0,0,SOFA:0/116@180; RECLINER:0/50@300,1004161-174771-ob5bpq-1004161
Ahmedabad,gujarat,Mangoplus Cinema,"Mango Plus Cinemas, Nikol, Ahmedabad",1004161,382350,SCREEN 3,2D,2026-10-02T14:30,Available,166,166,0,0,SOFA:0/150@250; RECLINER:0/16@350,1004161-174768-ob5bpq-1004161
Ahmedabad,gujarat,Sanelite Cinema,"Sanelite Cinemas, South Bopal",1102489,380058,SCREEN 3,2D,2026-10-02T06:30,Available,200,200,0,0,COUPLE SOFA (1ADMIT):0/100@200; COUPLE SEATS (2ADMIT):0/100@400,1102489-4597-ob5bpq-1102489
Ahmedabad,gujarat,Sanelite Cinema,"Sanelite Cinemas, South Bopal",1102489,380058,SCREEN 3,2D,2026-10-02T14:45,Available,200,200,0,0,COUPLE SOFA (1ADMIT):0/100@250; COUPLE SEATS (2ADMIT):0/100@500,1102489-4618-ob5bpq-1102489
Ahmedabad,gujarat,Rajhans Cinemas,"Rajhans Cinemas The CBD Mall, Zundal Circle, Ahmedabad",1031255,382421,SCREEN2,2D,2026-10-02T05:00,Available,192,176,16,2080,MARVEL:0/18@105; ROYAL:0/36@130; EXECUTIVE:16/126@130; RECLINER:0/12@300,1031255-28622-ob5bpq-1031255
Ahmedabad,gujarat,Rajhans Cinemas,"Rajhans Cinemas The CBD Mall, Zundal Circle, Ahmedabad",1031255,382421,SCREEN6,2D,2026-10-02T06:15,Available,192,163,29,4110,MARVEL:0/18@105; ROYAL:0/36@130; EXECUTIVE:27/126@130; RECLINER:2/12@300,1031255-28632-ob5bpq-1031255
Ahmedabad,gujarat,Rajhans Cinemas,"Rajhans Cinemas The CBD Mall, Zundal Circle, Ahmedabad",1031255,382421,SCREEN2,2D,2026-10-02T07:45,Available,192,168,24,3840,MARVEL:0/18@130; ROYAL:0/36@150; EXECUTIVE:24/126@160; RECLINER:0/12@330,1031255-28623-ob5bpq-1031255
Ahmedabad,gujarat,Rajhans Cinemas,"Rajhans Cinemas The CBD Mall, Zundal Circle, Ahmedabad",1031255,382421,SCREEN6,2D,2026-10-02T09:00,Available,192,166,26,4840,MARVEL:0/18@130; ROYAL:0/36@150; EXECUTIVE:22/126@160; RECLINER:4/12@330,1031255-28633-ob5bpq-1031255
Ahmedabad,gujarat,Rajhans Cinemas,"Rajhans Cinemas The CBD Mall, Zundal Circle, Ahmedabad",1031255,382421,SCREEN2,2D,2026-10-02T10:30,Available,192,176,16,2880,MARVEL:0/18@150; ROYAL:0/36@170; EXECUTIVE:16/126@180; RECLINER:0/12@350,1031255-28624-ob5bpq-1031255
Ahmedabad,gujarat,Rajhans Cinemas,"Rajhans Cinemas The CBD Mall, Zundal Circle, Ahmedabad",1031255,382421,SCREEN2,2D,2026-10-02T13:15,Available,192,174,18,3780,MARVEL:0/18@170; ROYAL:0/36@200; EXECUTIVE:18/126@210; RECLINER:0/12@380,1031255-28625-ob5bpq-1031255
Ahmedabad,gujarat,Rajhans Cinemas,"Rajhans Cinemas The CBD Mall, Zundal Circle, Ahmedabad",1031255,382421,SCREEN7,2D,2026-10-02T16:15,Available,163,148,15,3450,MARVEL:0/15@190; ROYAL:0/30@220; EXECUTIVE:15/105@230; RECLINER:0/13@400,1031255-28641-ob5bpq-1031255
Ahmedabad,gujarat,miraj,"Miraj Cinemas : Vitthal Plaza, New Naroda",2612,382330,SCREEN 3,2D,2026-10-02T15:00,Available,124,124,0,0,EXECUTIVE:0/114@149; PLATINUM:0/10@249,2612-45038-ob5bpq-2612
Ahmedabad,gujarat,miraj,"Miraj Cinemas : Shalin Square, Hathijan",1028845,382445,SCREEN 1,2D,2026-10-02T03:40,Available,88,88,0,0,LOUNGER:0/9@150; PLATINUM:0/66@150; CLUB SOFA:0/13@200,1028845-15187-ob5bpq-1028845
Ahmedabad,gujarat,miraj,"Miraj Cinemas : Shalin Square, Hathijan",1028845,382445,SCREEN 1,2D,2026-10-02T17:30,Available,88,88,0,0,PLATINUM:0/66@180; LOUNGER:0/9@200; CLUB SOFA:0/13@200,1028845-15192-ob5bpq-1028845
Sanand,gujarat,miraj,"Miraj Cinemas : Vardhman Square, Sanand",1027645,382110,SCREEN 1,2D,2026-10-02T12:15,Available,125,122,3,600,LOUNGER:0/11@200; SOFA:3/96@200; RECLINER:0/18@400,1027645-14044-ob5bpq-1027645
Jaipur,rajasthan,Cinepolis,"Cinepolis Jewel of India, Jaipur",1039934,302018,AUDI 5,2D,2026-10-02T08:00,Available,208,202,6,1860,NORMAL:0/17@230; EXECUTIVE:0/57@270; PREMIUM:0/57@290; PREMIUM PLUS:6/44@310; PREMIUM XL:0/19@330; RECLINER:0/14@540,1039934-11815-ob5bpq-1039934
Jaipur,rajasthan,Cinepolis,"Cinepolis Jewel of India, Jaipur",1039934,302018,AUDI 1,2D,2026-10-02T13:45,Available,217,205,12,4770,NORMAL:0/17@250; EXECUTIVE:0/38@290; PREMIUM:0/57@310; PREMIUM PLUS:6/69@330; PREMIUM XL:3/23@350; RECLINER:3/13@580,1039934-11812-ob5bpq-1039934
Jaipur,rajasthan,Cinepolis,"Cinepolis Jewel of India, Jaipur",1039934,302018,AUDI 5,2D,2026-10-02T18:25,Available,208,202,6,1980,NORMAL:0/17@250; EXECUTIVE:0/57@290; PREMIUM:0/57@310; PREMIUM PLUS:6/44@330; PREMIUM XL:0/19@350; RECLINER:0/14@580,1039934-11818-ob5bpq-1039934
Jaipur,rajasthan,PVR,"INOX GT Central Mall, Malviya Nagar, Jaipur",1024436,302017,SCREEN 3,2D,2026-10-02T03:30,Available,36,36,0,0,PRIME ROWS:0/36@210,1024436-89079-ob5bpq-1024436
Jaipur,rajasthan,PVR,"INOX GT Central Mall, Malviya Nagar, Jaipur",1024436,302017,SCREEN 7,2D,2026-10-02T06:45,Filling Fast,64,23,41,10990,PRIME ROWS:4/18@250; PRIME PLUS ROWS:37/46@270,1024436-89005-ob5bpq-1024436
Jaipur,rajasthan,PVR,"INOX GT Central Mall, Malviya Nagar, Jaipur",1024436,302017,SCREEN 3,2D,2026-10-02T17:15,Available,36,36,0,0,PRIME ROWS:0/36@270,1024436-89027-ob5bpq-1024436
Jaipur,rajasthan,Cinepolis,"Cinepolis World Trade Park, Malviya Nagar, Jaipur",116,302001,AUDI 4,2D,2026-10-02T03:30,Available,191,183,8,1840,NORMAL:0/23@170; EXECUTIVE:0/69@210; PREMIUM:8/99@230,116-8373-ob5bpq-116
Jaipur,rajasthan,Cinepolis,"Cinepolis World Trade Park, Malviya Nagar, Jaipur",116,302001,AUDI 3,2D,2026-10-02T10:00,Available,232,221,11,4440,NORMAL:0/19@230; EXECUTIVE:0/80@270; PREMIUM:6/92@290; PREMIUM XL:0/20@330; RECLINER:5/21@540,116-8370-ob5bpq-116
Jaipur,rajasthan,PVR,"INOX Pink Square Mall, Raja Park, Jaipur",1024430,302004,SCREEN 3,2D,2026-10-02T06:40,Available,191,176,15,4000,CLASSIC ROWS:0/43@220; PRIME ROWS:11/88@240; PRIME PLUS ROWS:2/34@260; EXTRA LEGROOM ROWS:0/14@260; RECLINER ROWS:2/12@420,1024430-93654-ob5bpq-1024430
Jaipur,rajasthan,PVR,"INOX Pink Square Mall, Raja Park, Jaipur",1024430,302004,SCREEN 2,2D,2026-10-02T14:35,Available,206,206,0,0,CLASSIC ROWS:0/43@240; PRIME ROWS:0/106@260; PRIME PLUS ROWS:0/33@280; EXTRA LEGROOM ROWS:0/18@280; RECLINER ROWS:0/6@450,1024430-93651-ob5bpq-1024430
Jaipur,rajasthan,miraj,"Miraj Cinemas : Entertainment Paradise, Jaipur",9149,302017,SCREEN 3,2D,2026-10-02T14:50,Available,470,441,29,13350,SILVER:0/54@230; GOLD:0/324@250; CLUB SOFA:13/76@350; PLATINUM RECLINER:16/16@550,9149-34183-ob5bpq-9149
Jaipur,rajasthan,PVR,"INOX JTM Mall, Malviya Nagar, Jaipur",1024433,302017,SCREEN 2,2D,2026-10-02T12:35,Available,108,101,7,2290,CLASSIC ROWS:0/14@210; PRIME ROWS:3/56@230; PRIME PLUS ROWS:0/14@250; EXTRA LEGROOM ROWS:0/14@250; RECLINER ROWS:4/10@400,1024433-30128-ob5bpq-1024433
Jaipur,rajasthan,PVR,"INOX Sunny Trade Center, Mansarovar, Jaipur",1024431,302020,SCREEN 2,2D,2026-10-02T03:30,Available,199,182,17,3283,CLASSIC ROWS:0/30@149; PRIME PLUS ROWS:5/38@149; EXTRA LEGROOM ROWS:0/18@149; PRIME ROWS:7/102@149; RECLINER ROWS:5/11@299,1024431-69165-ob5bpq-1024431
Jaipur,rajasthan,PVR,"INOX Sunny Trade Center, Mansarovar, Jaipur",1024431,302020,SCREEN 2,2D,2026-10-02T09:35,Available,199,179,20,6040,CLASSIC ROWS:0/30@220; PRIME ROWS:7/102@240; PRIME PLUS ROWS:8/38@270; EXTRA LEGROOM ROWS:0/18@270; RECLINER ROWS:5/11@440,1024431-69160-ob5bpq-1024431
Jaipur,rajasthan,PVR,"INOX Sunny Trade Center, Mansarovar, Jaipur",1024431,302020,SCREEN 1,2D,2026-10-02T18:00,Available,195,184,11,4100,CLASSIC ROWS:0/30@230; PRIME ROWS:0/96@250; PRIME PLUS ROWS:5/38@280; EXTRA LEGROOM ROWS:0/18@280; RECLINER ROWS:6/13@450,1024431-69157-ob5bpq-1024431
Jaipur,rajasthan,PVR,"INOX Elements Mall, Ajmer Road, Jaipur",1024435,302021,SCREEN 3,2D,2026-10-02T12:25,Available,114,114,0,0,CLASSIC ROWS:0/13@220; PRIME ROWS:0/67@240; PRIME PLUS ROWS:0/34@270,1024435-69650-ob5bpq-1024435
Jaipur,rajasthan,Gold,"Gold Cinema, City Plaza, Bani Park (Newly Opened)",1102181,302016,SCREEN 3,2D,2026-10-02T06:30,Available,175,175,0,0,GOLD:0/165@200; RECLINER:0/10@500,1102181-7175-ob5bpq-1102181
Jaipur,rajasthan,Gold,"Gold Cinema, City Plaza, Bani Park (Newly Opened)",1102181,302016,SCREEN 1,2D,2026-10-02T12:45,Available,195,195,0,0,GOLD:0/195@200,1102181-7166-ob5bpq-1102181
Jaipur,rajasthan,Cinepolis,"Cinepolis Triton Mega Mall, Jhotwara Road, Jaipur",142,302012,SCREEN 04,2D,2026-10-02T03:35,Available,164,156,8,1760,NORMAL:0/16@170; EXECUTIVE:0/51@190; PREMIUM:8/84@220; EXECUTIVE XL:0/13@240,142-7595-ob5bpq-142
Jaipur,rajasthan,Cinepolis,"Cinepolis Triton Mega Mall, Jhotwara Road, Jaipur",142,302012,SCREEN 04,2D,2026-10-02T08:45,Available,164,155,9,2160,NORMAL:0/16@200; EXECUTIVE:0/51@220; PREMIUM:9/84@240; EXECUTIVE XL:0/13@260,142-7596-ob5bpq-142
Jaipur,rajasthan,Cinepolis,"Cinepolis Triton Mega Mall, Jhotwara Road, Jaipur",142,302012,SCREEN 04,2D,2026-10-02T15:10,Available,164,158,6,1560,NORMAL:0/16@220; EXECUTIVE:0/51@240; PREMIUM:6/84@260; EXECUTIVE XL:0/13@280,142-7598-ob5bpq-142
Jaipur,rajasthan,PVR,"PVR Mall of Jaipur, Vaishali Nagar, Jaipur",1024434,302021,AUDI 02,2D,2026-10-02T03:30,Available,107,86,21,4579,CLASSIC ROWS:0/24@199; PRIME PLUS ROWS:0/16@199; PRIME ROWS:19/56@199; RECLINER ROWS:2/11@399,1024434-41407-ob5bpq-1024434
Jaipur,rajasthan,PVR,"PVR Mall of Jaipur, Vaishali Nagar, Jaipur",1024434,302021,AUDI 06,2D,2026-10-02T10:30,Available,97,75,22,7170,CLASSIC ROWS:0/20@280; PRIME ROWS:3/43@300; PRIME PLUS ROWS:19/26@330; RECLINER ROWS:0/8@650,1024434-41414-ob5bpq-1024434
Jaipur,rajasthan,PVR,"PVR Mall of Jaipur, Vaishali Nagar, Jaipur",1024434,302021,AUDI 02,2D,2026-10-02T12:45,Available,107,99,8,4920,CLASSIC ROWS:0/24@280; PRIME ROWS:0/56@300; PRIME PLUS ROWS:2/16@330; RECLINER ROWS:6/11@710,1024434-41410-ob5bpq-1024434
Jaipur,rajasthan,PVR,"PVR Mall of Jaipur, Vaishali Nagar, Jaipur",1024434,302021,AUDI 06,2D,2026-10-02T16:30,Available,84,82,2,660,CLASSIC ROWS:0/20@280; PRIME ROWS:0/43@300; PRIME PLUS ROWS:2/13@330; RECLINER ROWS:0/8@650,1024434-41416-ob5bpq-1024434
Jaipur,rajasthan,DD Cinema,"DD Cinemas, Viva City Mall, Jaipur",1038300,302022,SCREEN 3,2D,2026-10-02T07:00,Available,200,200,0,0,GOLD:0/100@210; DIAMOND:0/100@230,1038300-23433-ob5bpq-1038300
Jaipur,rajasthan,DD Cinema,"DD Cinemas, Viva City Mall, Jaipur",1038300,302022,SCREEN 2,2D,2026-10-02T12:15,Available,189,189,0,0,GOLD:0/90@220; DIAMOND:0/83@240; RECLINER:0/16@330,1038300-23424-ob5bpq-1038300
Lucknow,uttar-pradesh,PVR,"PVR Sahara Ganj Mall, Hazratganj, Lucknow",1023487,226001,AUDI 02,2D,2026-10-02T07:15,Available,183,156,27,5600,CLASSIC:25/171@200; RECLINER:2/12@300,1023487-21084-ob5bpq-1023487
Lucknow,uttar-pradesh,PVR,"PVR Sahara Ganj Mall, Hazratganj, Lucknow",1023487,226001,AUDI 02,2D,2026-10-02T14:05,Available,183,183,0,0,CLASSIC:0/171@200; RECLINER:0/12@300,1023487-21086-ob5bpq-1023487
Lucknow,uttar-pradesh,PVR,"INOX Umrao Mall, Mahanagar, Lucknow",1023480,226006,SCREEN 1,2D,2026-10-02T12:10,Available,201,174,27,5091,EXECUTIVE:9/34@99; CLUB:6/127@200; ROYAL:7/28@200; ROYAL RECLINER:5/12@320,1023480-35513-ob5bpq-1023480
Lucknow,uttar-pradesh,PVR,"INOX Umrao Mall, Mahanagar, Lucknow",1023480,226006,SCREEN 1,2D,2026-10-02T18:00,Available,201,201,0,0,EXECUTIVE:0/34@129; CLUB:0/127@200; ROYAL:0/28@200; ROYAL RECLINER:0/12@300,1023480-35546-ob5bpq-1023480
Lucknow,uttar-pradesh,Cinepolis,"Fun Cinema Fun Republic Mall, Gomti Nagar, Lucknow",144,226016,AUDI03,2D,2026-10-02T05:30,Available,217,198,19,3230,NORMAL:0/80@170; EXECUTIVE:19/137@170,144-5479-ob5bpq-144
Lucknow,uttar-pradesh,Cinepolis,"Fun Cinema Fun Republic Mall, Gomti Nagar, Lucknow",144,226016,AUDI03,2D,2026-10-02T08:10,Available,217,181,36,7920,NORMAL:0/80@220; EXECUTIVE:36/137@220,144-5480-ob5bpq-144
Lucknow,uttar-pradesh,Cinepolis,"Fun Cinema Fun Republic Mall, Gomti Nagar, Lucknow",144,226016,AUDI03,2D,2026-10-02T14:15,Available,217,205,12,2640,NORMAL:0/80@220; EXECUTIVE:12/137@220,144-5482-ob5bpq-144
Lucknow,uttar-pradesh,MovieMax,"MovieMax Shalimar Gateway, Lucknow",1001169,226005,SCREEN6,2D,2026-10-02T06:10,Available,187,179,8,1200,CLUB:0/26@150; PRIME:4/91@150; EXECUTIVE:4/60@150; MAX RECLINER:0/10@250,1001169-48490-ob5bpq-1001169
Lucknow,uttar-pradesh,MovieMax,"MovieMax Shalimar Gateway, Lucknow",1001169,226005,SCREEN6,2D,2026-10-02T12:00,Available,187,172,15,3100,CLUB:0/26@180; PRIME:0/91@180; EXECUTIVE:13/60@180; MAX RECLINER:2/10@380,1001169-48492-ob5bpq-1001169
Lucknow,uttar-pradesh,MovieMax,"MovieMax Shalimar Gateway, Lucknow",1001169,226005,SCREEN6,2D,2026-10-02T18:00,Available,187,187,0,0,CLUB:0/26@180; PRIME:0/91@180; EXECUTIVE:0/60@180; MAX RECLINER:0/10@380,1001169-48494-ob5bpq-1001169
Lucknow,uttar-pradesh,DD Cinema,"Antas DD Cinemas, Gomti Nagar, Lucknow",1023968,226010,SCREEN 1,2D,2026-10-02T07:10,Available,162,162,0,0,DIAMOND:0/147@200; RECLINER:0/15@300,1023968-56271-ob5bpq-1023968
Lucknow,uttar-pradesh,DD Cinema,"Antas DD Cinemas, Gomti Nagar, Lucknow",1023968,226010,SCREEN 1,2D,2026-10-02T13:00,Available,200,200,0,0,DIAMOND:0/100@250; RECLINER:0/100@350,1023968-56277-ob5bpq-1023968
Lucknow,uttar-pradesh,Wave,"Wave Cinemas, Lucknow",1041121,226010,WAVE 0.3,2D,2026-10-02T06:30,Available,208,198,10,2000,CLASSIC:2/128@200; PREMIUM:8/80@200,1041121-161735-ob5bpq-1041121
Lucknow,uttar-pradesh,Wave,"Wave Cinemas, Lucknow",1041121,226010,WAVE 0.3,2D,2026-10-02T12:00,Available,208,206,2,400,CLASSIC:0/128@200; PREMIUM:2/80@200,1041121-161737-ob5bpq-1041121
Lucknow,uttar-pradesh,Wave,"Wave Cinemas, Lucknow",1041121,226010,WAVE 0.3,2D,2026-10-02T17:30,Available,208,208,0,0,CLASSIC:0/128@200; PREMIUM:0/80@200,1041121-161739-ob5bpq-1041121
Lucknow,uttar-pradesh,Cinepolis,"Cinepolis One Awadh Center Mall, Gomti Nagar, Lucknow",1042,226010,SCREEN 7,2D,2026-10-02T05:05,Available,180,149,31,4650,NORMAL:0/14@150; EXECUTIVE:0/45@150; PREMIUM:31/102@150; VIP:0/19@450,1042-9209-ob5bpq-1042
Lucknow,uttar-pradesh,Cinepolis,"Cinepolis One Awadh Center Mall, Gomti Nagar, Lucknow",1042,226010,SCREEN 7,2D,2026-10-02T07:45,Available,180,138,42,12600,NORMAL:0/14@220; EXECUTIVE:0/45@220; PREMIUM:30/102@220; VIP:12/19@500,1042-9210-ob5bpq-1042
Lucknow,uttar-pradesh,Cinepolis,"Cinepolis One Awadh Center Mall, Gomti Nagar, Lucknow",1042,226010,SCREEN 7,2D,2026-10-02T10:45,Available,180,168,12,3200,NORMAL:0/14@220; EXECUTIVE:0/45@220; PREMIUM:10/102@220; VIP:2/19@500,1042-9211-ob5bpq-1042
Lucknow,uttar-pradesh,Cinepolis,"Cinepolis One Awadh Center Mall, Gomti Nagar, Lucknow",1042,226010,SCREEN 7,2D,2026-10-02T17:05,Available,180,174,6,1320,NORMAL:0/14@220; EXECUTIVE:0/45@220; PREMIUM:6/102@220; VIP:0/19@500,1042-9213-ob5bpq-1042
Lucknow,uttar-pradesh,PVR,"PVR Phoenix United Mall, Alambagh, Lucknow",1023574,226005,AUDI 01,2D,2026-10-02T07:45,Available,242,189,53,12000,CLASSIC:28/208@200; PRIME:18/24@200; RECLINER:7/10@400,1023574-27538-ob5bpq-1023574
Lucknow,uttar-pradesh,PVR,"PVR Phoenix United Mall, Alambagh, Lucknow",1023574,226005,AUDI 01,2D,2026-10-02T13:50,Available,211,201,10,2800,CLASSIC:0/182@200; PRIME:6/21@200; RECLINER:4/8@400,1023574-27540-ob5bpq-1023574
Lucknow,uttar-pradesh,PVR,"INOX Megaplex Emerald, Ashiyana, Lucknow",1023485,226012,SCREEN 8,2D,2026-10-02T03:30,Available,193,188,5,750,CLUB:0/84@150; EXECUTIVE:0/28@150; ROYAL:5/71@150; ROYAL RECLINER:0/10@250,1023485-73269-ob5bpq-1023485
Lucknow,uttar-pradesh,PVR,"INOX Megaplex Emerald, Ashiyana, Lucknow",1023485,226012,SCREEN 5,2D,2026-10-02T05:55,Available,144,71,73,15120,EXECUTIVE:5/28@150; CLUB:17/56@180; ROYAL:45/51@210; ROYAL RECLINER:6/9@310,1023485-73264-ob5bpq-1023485
Lucknow,uttar-pradesh,PVR,"INOX Megaplex Emerald, Ashiyana, Lucknow",1023485,226012,SCREEN 5,2D,2026-10-02T08:50,Available,144,82,62,14830,CLUB:16/56@200; EXECUTIVE:5/28@200; ROYAL:33/51@230; ROYAL RECLINER:8/9@380,1023485-73265-ob5bpq-1023485
Lucknow,uttar-pradesh,PVR,"INOX Megaplex Emerald, Ashiyana, Lucknow",1023485,226012,SCREEN 5,2D,2026-10-02T15:30,Available,122,117,5,1000,CLUB:0/56@200; EXECUTIVE:0/23@200; ROYAL:5/34@200; ROYAL RECLINER:0/9@300,1023485-73267-ob5bpq-1023485
Lucknow,uttar-pradesh,PVR,"INOX Megaplex Emerald, Ashiyana, Lucknow",1023485,226012,SCREEN 5,2D,2026-10-02T18:25,Available,122,122,0,0,CLUB:0/56@200; EXECUTIVE:0/23@200; ROYAL:0/34@200; ROYAL RECLINER:0/9@300,1023485-73268-ob5bpq-1023485
Lucknow,uttar-pradesh,PVR,"INOX Megaplex Phoenix Palassio Mall, Amar Saheed Path, Lucknow",1023482,226010,SCREEN 2,2D,2026-10-02T03:45,Available,213,209,4,640,CLUB:0/93@160; EXECUTIVE:0/32@160; ROYAL:4/72@160; ROYAL RECLINER:0/16@300,1023482-99253-ob5bpq-1023482
Lucknow,uttar-pradesh,PVR,"INOX Megaplex Phoenix Palassio Mall, Amar Saheed Path, Lucknow",1023482,226010,SCREEN 2,2D,2026-10-02T06:40,Available,213,196,17,4250,CLUB:0/93@250; EXECUTIVE:0/32@250; ROYAL:17/72@250; ROYAL RECLINER:0/16@450,1023482-99254-ob5bpq-1023482
Lucknow,uttar-pradesh,PVR,"INOX Megaplex Phoenix Palassio Mall, Amar Saheed Path, Lucknow",1023482,226010,SCREEN 2,2D,2026-10-02T09:35,Available,213,186,27,7550,CLUB:0/93@250; EXECUTIVE:0/32@250; ROYAL:23/72@250; ROYAL RECLINER:4/16@450,1023482-99255-ob5bpq-1023482
Lucknow,uttar-pradesh,PVR,"INOX Megaplex Phoenix Palassio Mall, Amar Saheed Path, Lucknow",1023482,226010,SCREEN 2,2D,2026-10-02T12:30,Available,213,205,8,4000,CLUB:0/93@250; EXECUTIVE:0/32@250; ROYAL:0/72@250; ROYAL RECLINER:8/16@500,1023482-99256-ob5bpq-1023482
Lucknow,uttar-pradesh,PVR,"INOX Megaplex Phoenix Palassio Mall, Amar Saheed Path, Lucknow",1023482,226010,SCREEN 1,2D,2026-10-02T16:25,Available,70,70,0,0,CLUB:0/24@250; EXECUTIVE:0/16@250; ROYAL:0/30@250,1023482-99252-ob5bpq-1023482
Lucknow,uttar-pradesh,PVR,"INOX Megaplex Phoenix Palassio Mall, Amar Saheed Path, Lucknow",1023482,226010,SCREEN 2,2D,2026-10-02T18:00,Available,213,213,0,0,CLUB:0/93@250; EXECUTIVE:0/32@250; ROYAL:0/72@250; ROYAL RECLINER:0/16@450,1023482-99258-ob5bpq-1023482
Lucknow,uttar-pradesh,PVR,"PVR SUPERPLEX Lulu, Lulu Mall, Lucknow",1024415,226030,AUDI 08,2D,2026-10-02T03:50,Available,186,178,8,1640,CLASSIC:0/30@180; CLASSIC PLUS:2/105@180; PRIME:4/42@180; RECLINER:2/9@280,1024415-53958-ob5bpq-1024415
Lucknow,uttar-pradesh,PVR,"PVR SUPERPLEX Lulu, Lulu Mall, Lucknow",1024415,226030,AUDI 08,2D,2026-10-02T06:45,Available,186,170,16,4800,CLASSIC:0/30@250; CLASSIC PLUS:0/105@250; PRIME:12/42@250; RECLINER:4/9@450,1024415-53959-ob5bpq-1024415
Lucknow,uttar-pradesh,PVR,"PVR SUPERPLEX Lulu, Lulu Mall, Lucknow",1024415,226030,AUDI 08,2D,2026-10-02T09:40,Available,200,156,44,12800,CLASSIC:0/30@250; CLASSIC PLUS:0/105@250; PRIME:35/56@250; RECLINER:9/9@450,1024415-53960-ob5bpq-1024415
Lucknow,uttar-pradesh,PVR,"PVR SUPERPLEX Lulu, Lulu Mall, Lucknow",1024415,226030,AUDI 08,2D,2026-10-02T12:35,Available,186,178,8,2400,CLASSIC:0/30@250; CLASSIC PLUS:0/105@250; PRIME:6/42@250; RECLINER:2/9@450,1024415-53961-ob5bpq-1024415
Lucknow,uttar-pradesh,PVR,"PVR SUPERPLEX Lulu, Lulu Mall, Lucknow",1024415,226030,AUDI 08,2D,2026-10-02T15:30,Available,186,182,4,1800,CLASSIC:0/30@250; CLASSIC PLUS:0/105@250; PRIME:0/42@250; RECLINER:4/9@450,1024415-53962-ob5bpq-1024415
Lucknow,uttar-pradesh,PVR,"PVR SUPERPLEX Lulu, Lulu Mall, Lucknow",1024415,226030,AUDI 08,2D,2026-10-02T18:25,Available,186,186,0,0,CLASSIC:0/30@250; CLASSIC PLUS:0/105@250; PRIME:0/42@250; RECLINER:0/9@450,1024415-53963-ob5bpq-1024415
Lucknow,uttar-pradesh,PVR,"INOX Lucknow Crown Mall, Faizabad Road, Lucknow",1023483,226028,SCREEN 1,2D,2026-10-02T03:30,Available,124,124,0,0,CLUB:0/52@150; EXECUTIVE:0/26@150; ROYAL:0/46@150,1023483-61300-ob5bpq-1023483
Lucknow,uttar-pradesh,PVR,"INOX Lucknow Crown Mall, Faizabad Road, Lucknow",1023483,226028,SCREEN 1,2D,2026-10-02T06:10,Available,139,93,46,9200,CLUB:7/52@200; EXECUTIVE:0/26@200; ROYAL:39/61@200,1023483-61249-ob5bpq-1023483
Lucknow,uttar-pradesh,PVR,"INOX Lucknow Crown Mall, Faizabad Road, Lucknow",1023483,226028,SCREEN 1,2D,2026-10-02T09:05,Available,124,107,17,3400,CLUB:11/52@200; EXECUTIVE:0/26@200; ROYAL:6/46@200,1023483-61250-ob5bpq-1023483
Lucknow,uttar-pradesh,PVR,"INOX Lucknow Crown Mall, Faizabad Road, Lucknow",1023483,226028,SCREEN 1,2D,2026-10-02T15:05,Available,124,122,2,400,CLUB:0/52@200; EXECUTIVE:0/26@200; ROYAL:2/46@200,1023483-61252-ob5bpq-1023483
Lucknow,uttar-pradesh,PVR,"INOX Lucknow Crown Mall, Faizabad Road, Lucknow",1023483,226028,SCREEN 1,2D,2026-10-02T18:00,Available,124,124,0,0,CLUB:0/52@200; EXECUTIVE:0/26@200; ROYAL:0/46@200,1023483-61253-ob5bpq-1023483
Chandigarh,chandigarh,Cinepolis,"Cinepolis TDI, Jagat Mall, Chandigarh",149,160017,SCREEN 3,2D,2026-10-02T12:20,Available,209,201,8,1920,NORMAL:0/70@220; EXECUTIVE:8/139@240,149-5082-ob5bpq-149
Chandigarh,chandigarh,PVR,"PVR Centra, Industrial Phase 1, Chandigarh",1025101,160002,AUDI 2,2D,2026-10-02T06:40,Available,204,194,10,2020,CLASSIC ROWS:0/28@150; CLASSIC PLUS ROWS:2/74@170; PRIME ROWS:3/72@190; PRIME PLUS ROWS:2/12@210; EXTRA LEGROOM ROWS:3/18@230,1025101-21149-ob5bpq-1025101
Chandigarh,chandigarh,PVR,"PVR Centra, Industrial Phase 1, Chandigarh",1025101,160002,AUDI 1,2D,2026-10-02T14:20,Available,278,278,0,0,CLASSIC ROWS:0/42@170; CLASSIC PLUS ROWS:0/105@190; PRIME ROWS:0/95@210; PRIME PLUS ROWS:0/13@230; EXTRA LEGROOM ROWS:0/23@250,1025101-21146-ob5bpq-1025101
Chandigarh,chandigarh,PVR,"PVR Elante Mall, Chandigarh",1025099,160002,AUDI 5,2D,2026-10-02T03:35,Available,151,136,15,3985,CLASSIC ROWS:0/45@199; EXTRA LEGROOM ROWS:8/18@199; PRIME ROWS:2/75@199; RECLINER ROWS:5/13@399,1025099-40993-ob5bpq-1025099
Chandigarh,chandigarh,PVR,"PVR Elante Mall, Chandigarh",1025099,160002,AUDI 5,2D,2026-10-02T09:20,Available,151,118,33,12530,CLASSIC ROWS:0/45@280; PRIME ROWS:23/75@310; EXTRA LEGROOM ROWS:5/18@330; RECLINER ROWS:5/13@750,1025099-40995-ob5bpq-1025099
Chandigarh,chandigarh,PVR,"PVR Elante Mall, Chandigarh",1025099,160002,AUDI 5,2D,2026-10-02T12:15,Available,151,143,8,6000,CLASSIC ROWS:0/45@280; PRIME ROWS:0/75@310; EXTRA LEGROOM ROWS:0/18@330; RECLINER ROWS:8/13@750,1025099-40996-ob5bpq-1025099
Chandigarh,chandigarh,PVR,"PVR Elante Mall, Chandigarh",1025099,160002,AUDI 5,2D,2026-10-02T18:00,Available,151,145,6,4190,CLASSIC ROWS:0/45@270; PRIME ROWS:1/75@290; EXTRA LEGROOM ROWS:0/18@310; RECLINER ROWS:5/13@780,1025099-40998-ob5bpq-1025099
Mohali,punjab,PVR,"PVR Mohali Walk, Sector 62, Mohali",1034377,160062,SCREEN 5,2D,2026-10-02T06:50,Available,125,114,11,2530,CLASSIC:0/26@190; CLASSIC PLUS:0/42@210; PRIME:11/45@230; RECLINER:0/12@430,1034377-28787-ob5bpq-1034377
Mohali,punjab,PVR,"PVR Mohali Walk, Sector 62, Mohali",1034377,160062,SCREEN 5,2D,2026-10-02T12:25,Available,125,121,4,880,CLASSIC:0/26@190; CLASSIC PLUS:2/42@210; PRIME:2/45@230; RECLINER:0/12@430,1034377-28789-ob5bpq-1034377
Mohali,punjab,PVR,"PVR Mohali Walk, Sector 62, Mohali",1034377,160062,SCREEN 5,2D,2026-10-02T18:00,Available,125,125,0,0,CLASSIC:0/26@200; CLASSIC PLUS:0/42@220; PRIME:0/45@240; RECLINER:0/12@440,1034377-28791-ob5bpq-1034377
Chandigarh,chandigarh,PVR,"PVR DLF City Center Mall, IT Park, Chandigarh",1025098,160101,AUDI 1,2D,2026-10-02T07:35,Available,198,192,6,1440,CLASSIC ROWS:0/36@200; CLASSIC PLUS ROWS:0/72@220; PRIME ROWS:6/66@240; EXTRA LEGROOM ROWS:0/12@260; RECLINER ROWS:0/12@550,1025098-14280-ob5bpq-1025098
Chandigarh,chandigarh,Cinepolis,"Fun Cinemas Republic Mall, MDC Sector 5, Chandigarh",136,160101,SCREEN 2,2D,2026-10-02T13:25,Available,232,222,10,1900,NORMAL:0/66@170; EXECUTIVE:10/166@190,136-6266-ob5bpq-136
Chandigarh,chandigarh,Cinepolis,"Fun Cinemas Republic Mall, MDC Sector 5, Chandigarh",136,160101,SCREEN 1,2D,2026-10-02T18:20,Available,212,202,10,1900,NORMAL:0/60@170; EXECUTIVE:10/152@190,136-6265-ob5bpq-136
Mohali,punjab,Cinepolis,"Cinepolis Bestech Square Mall, Sahibzada Ajit Singh Nagar, Mohali",3798,160062,AUDI 5,2D,2026-10-02T03:45,Available,131,125,6,1020,NORMAL:0/11@150; EXECUTIVE:0/33@150; PREMIUM:6/67@170; PREMIUM XL:0/11@210; RECLINER:0/9@380,3798-8403-ob5bpq-3798
Mohali,punjab,Cinepolis,"Cinepolis Bestech Square Mall, Sahibzada Ajit Singh Nagar, Mohali",3798,160062,AUDI 1,2D,2026-10-02T12:15,Available,152,142,10,2000,NORMAL:0/13@160; EXECUTIVE:0/39@180; PREMIUM:10/77@200; PREMIUM XL:0/13@240; RECLINER:0/10@450,3798-8395-ob5bpq-3798
Panchkula,haryana,Rajhans Cinemas,"Rajhans Cinemas, Beside Punjab National Bank, Panchkula",1050980,134109,SCREEN3,2D,2026-10-02T04:45,Available,200,182,18,2880,MARVEL:0/18@130; ROYAL:0/36@140; EXECUTIVE:18/146@160,1050980-50630-ob5bpq-1050980
Panchkula,haryana,Rajhans Cinemas,"Rajhans Cinemas, Beside Punjab National Bank, Panchkula",1050980,134109,SCREEN3,2D,2026-10-02T13:45,Available,200,178,22,4840,MARVEL:0/18@180; ROYAL:0/36@200; EXECUTIVE:22/146@220,1050980-50633-ob5bpq-1050980
Mohali,punjab,PVR,"PVR CP67 Mall, Sector 67, Mohali",1015096,160062,SCREEN 2,2D,2026-10-02T03:35,Available,116,116,0,0,CLASSIC:0/36@199; CLASSIC PLUS:0/46@199; PRIME:0/34@199,1015096-42773-ob5bpq-1015096
Mohali,punjab,PVR,"PVR CP67 Mall, Sector 67, Mohali",1015096,160062,SCREEN 2,2D,2026-10-02T08:50,Available,116,103,13,3820,CLASSIC:0/36@260; CLASSIC PLUS:4/46@280; PRIME:9/34@300,1015096-42775-ob5bpq-1015096
Mohali,punjab,PVR,"PVR CP67 Mall, Sector 67, Mohali",1015096,160062,SCREEN 2,2D,2026-10-02T14:50,Available,116,114,2,620,CLASSIC:0/36@270; CLASSIC PLUS:0/46@290; PRIME:2/34@310,1015096-42777-ob5bpq-1015096
Zirakpur,punjab,PVR,"PVR Cosmo Mall, Cosmo Mall, Zirakpur",1023486,140603,AUDI 01,2D,2026-10-02T05:35,Available,179,167,12,2707,CLASSIC ROWS:3/34@99; PRIME ROWS:4/116@220; EXTRA LEGROOM ROWS:2/17@240; RECLINER ROWS:3/12@350,1023486-20984-ob5bpq-1023486
Zirakpur,punjab,PVR,"PVR Cosmo Mall, Cosmo Mall, Zirakpur",1023486,140603,AUDI 01,2D,2026-10-02T11:35,Available,179,169,10,1692,CLASSIC ROWS:8/34@99; PRIME ROWS:0/116@240; EXTRA LEGROOM ROWS:0/17@260; RECLINER ROWS:2/12@450,1023486-20986-ob5bpq-1023486
Panchkula,haryana,PVR,"INOX NH 22 Mall, Amravati Enclave, Panchkula",1029976,134102,SCREEN 1,2D,2026-10-02T13:45,Available,226,226,0,0,EXECUTIVE:0/108@170; CLUB:0/112@190; ROYAL:0/6@340,1029976-67277-ob5bpq-1029976
Zirakpur,punjab,PVR,"INOX Dhillon Plaza, Chhatbir Road, Zirakpur",1024809,140603,SCREEN 4,2D,2026-10-02T04:25,Available,191,189,2,198,CLASSIC ROW:2/65@99; CLASSIC PLUS ROW:0/38@190; PRIME ROW:0/62@210; EXTRA LEGROOM ROWS:0/19@230; RECLINER ROW:0/7@350,1024809-59225-ob5bpq-1024809
Zirakpur,punjab,PVR,"INOX Dhillon Plaza, Chhatbir Road, Zirakpur",1024809,140603,SCREEN 4,2D,2026-10-02T10:40,Available,191,183,8,1356,CLASSIC ROW:4/65@99; CLASSIC PLUS ROW:0/38@220; PRIME ROW:4/62@240; EXTRA LEGROOM ROWS:0/19@260; RECLINER ROW:0/7@450,1024809-59227-ob5bpq-1024809
Indore,madhya-pradesh,Sapna Sangeeta,"Sapna Sangeeta Lumiere, Indore",1102523,452001,SCREEN 1,2D,2026-10-02T03:45,Available,217,217,0,0,GOLD:0/42@130; PLATINUM:0/56@130; ROYAL:0/119@130,1102523-1193-ob5bpq-1102523
Indore,madhya-pradesh,Sapna Sangeeta,"Sapna Sangeeta Lumiere, Indore",1102523,452001,SCREEN 1,2D,2026-10-02T08:45,Available,219,219,0,0,GOLD:0/42@170; PLATINUM:0/56@200; ROYAL:0/121@230,1102523-1195-ob5bpq-1102523
Indore,madhya-pradesh,Sapna Sangeeta,"Sapna Sangeeta Lumiere, Indore",1102523,452001,SCREEN 1,2D,2026-10-02T14:15,Available,219,219,0,0,GOLD:0/42@170; PLATINUM:0/56@200; ROYAL:0/121@230,1102523-1197-ob5bpq-1102523
Indore,madhya-pradesh,PVR,"INOX Nexus Indore Central, Regal Square, Indore",1024422,452001,SCREEN 2,2D,2026-10-02T03:35,Available,235,229,6,894,CLASSIC ROWS:0/39@149; PRIME PLUS ROWS:2/41@149; CLASSIC PLUS ROWS:0/65@149; PRIME ROWS:4/90@149,1024422-102957-ob5bpq-1024422
Indore,madhya-pradesh,PVR,"INOX Nexus Indore Central, Regal Square, Indore",1024422,452001,SCREEN 2,2D,2026-10-02T09:25,Available,235,231,4,920,CLASSIC ROWS:0/39@99; CLASSIC PLUS ROWS:0/65@220; PRIME ROWS:4/90@230; PRIME PLUS ROWS:0/41@240,1024422-102959-ob5bpq-1024422
Indore,madhya-pradesh,PVR,"INOX Nexus Indore Central, Regal Square, Indore",1024422,452001,SCREEN 1,2D,2026-10-02T11:45,Available,222,220,2,500,CLASSIC ROWS:0/42@99; CLASSIC PLUS ROWS:0/56@240; PRIME ROWS:2/86@250; PRIME PLUS ROWS:0/38@260,1024422-103017-ob5bpq-1024422
Indore,madhya-pradesh,PVR,"INOX Nexus Indore Central, Regal Square, Indore",1024422,452001,SCREEN 2,2D,2026-10-02T17:15,Available,235,235,0,0,CLASSIC ROWS:0/39@99; CLASSIC PLUS ROWS:0/65@260; PRIME ROWS:0/90@270; PRIME PLUS ROWS:0/41@280,1024422-102962-ob5bpq-1024422
Indore,madhya-pradesh,PVR,"PVR Treasure Island Mall, South Tukoganj, Indore",1024420,452001,AUDI 8,2D,2026-10-02T03:35,Available,83,83,0,0,CLASSIC ROWS:0/28@149; PRIME ROWS:0/55@149,1024420-46262-ob5bpq-1024420
Indore,madhya-pradesh,PVR,"PVR Treasure Island Mall, South Tukoganj, Indore",1024420,452001,AUDI 06,2D,2026-10-02T06:30,Available,157,153,4,1000,CLASSIC ROWS:0/48@220; PRIME ROWS:4/102@250; RECLINER ROWS:0/7@450,1024420-46229-ob5bpq-1024420
Indore,madhya-pradesh,PVR,"PVR Treasure Island Mall, South Tukoganj, Indore",1024420,452001,AUDI 7 PLAY HOUSE,2D,2026-10-02T09:05,Available,80,45,35,10550,CLASSIC ROWS:2/26@220; PRIME ROWS:27/46@270; RECLINER ROWS:6/8@470,1024420-46258-ob5bpq-1024420
Indore,madhya-pradesh,PVR,"PVR Treasure Island Mall, South Tukoganj, Indore",1024420,452001,AUDI 7 PLAY HOUSE,2D,2026-10-02T14:55,Available,62,62,0,0,CLASSIC ROWS:0/24@240; PRIME ROWS:0/33@270; RECLINER ROWS:0/5@450,1024420-46260-ob5bpq-1024420
Indore,madhya-pradesh,PVR,"PVR Treasure Island Mall, South Tukoganj, Indore",1024420,452001,AUDI 8,2D,2026-10-02T17:35,Available,83,83,0,0,CLASSIC ROWS:0/28@260; PRIME ROWS:0/55@290,1024420-46267-ob5bpq-1024420
Indore,madhya-pradesh,PVR,"INOX C-21 Mall, Sheetal Nagar, Indore",1024421,452010,SCREEN 1,2D,2026-10-02T03:30,Available,157,146,11,1800,CLASSIC ROWS:0/32@150; CLASSIC PLUS ROWS:9/60@160; EXTRA LEGROOM ROWS:0/8@180; PRIME ROWS:2/57@180,1024421-149303-ob5bpq-1024421
Indore,madhya-pradesh,PVR,"INOX C-21 Mall, Sheetal Nagar, Indore",1024421,452010,INSIGNIA 9,2D,2026-10-02T06:30,Available,44,44,0,0,EXECUTIVE RECLI ROWS:0/16@530; ROYAL RECLINER ROWS:0/28@560,1024421-149321-ob5bpq-1024421
Indore,madhya-pradesh,PVR,"INOX C-21 Mall, Sheetal Nagar, Indore",1024421,452010,SCREEN 1,2D,2026-10-02T11:50,Available,157,153,4,1080,CLASSIC ROWS:0/32@240; CLASSIC PLUS ROWS:0/60@250; EXTRA LEGROOM ROWS:0/8@270; PRIME ROWS:4/57@270,1024421-149245-ob5bpq-1024421
Indore,madhya-pradesh,PVR,"INOX C-21 Mall, Sheetal Nagar, Indore",1024421,452010,INSIGNIA 9,2D,2026-10-02T14:40,Available,44,44,0,0,EXECUTIVE RECLI ROWS:0/16@650; ROYAL RECLINER ROWS:0/28@680,1024421-149206-ob5bpq-1024421
Indore,madhya-pradesh,PVR,"INOX C-21 Mall, Sheetal Nagar, Indore",1024421,452010,SCREEN 1,2D,2026-10-02T17:40,Available,157,157,0,0,CLASSIC ROWS:0/32@260; CLASSIC PLUS ROWS:0/60@270; EXTRA LEGROOM ROWS:0/8@290; PRIME ROWS:0/57@290,1024421-149247-ob5bpq-1024421
Indore,madhya-pradesh,Rajhans Cinemas,"Rajhans Cinemas, Malhar Mega Mall, Indore",1023935,452010,SCREEN3,2D,2026-10-02T05:15,Available,279,245,34,5800,ROYAL:5/38@130; LOUNGER:0/15@150; EXECUTIVE:21/209@150; RECLINER:8/17@250,1023935-21543-ob5bpq-1023935
Indore,madhya-pradesh,Rajhans Cinemas,"Rajhans Cinemas, Malhar Mega Mall, Indore",1023935,452010,SCREEN1,2D,2026-10-02T11:45,Available,60,58,2,780,RECLINER:2/60@390,1023935-21540-ob5bpq-1023935
Indore,madhya-pradesh,Rajhans Cinemas,"Rajhans Cinemas, Malhar Mega Mall, Indore",1023935,452010,SCREEN3,2D,2026-10-02T14:30,Available,279,262,17,3830,ROYAL:0/38@170; LOUNGER:0/15@190; EXECUTIVE:11/209@190; RECLINER:6/17@290,1023935-21546-ob5bpq-1023935
Indore,madhya-pradesh,Cine Square,"Cine Square Cinemas, Tirupati Nagar, Indore",1102435,452006,SCREEN 1,2D,2026-10-02T07:15,Available,135,135,0,0,PREMIUM:0/26@170; ROYAL:0/104@190; LUXURY:0/5@240,1102435-18518-ob5bpq-1102435
Indore,madhya-pradesh,Mangal Multiplex,"Mangal Multiplex, Vijay Nagar, Indore",1015630,452010,SCREEN 3,2D,2026-10-02T07:00,Available,300,300,0,0,GOLD:0/100@130; SILVER:0/100@130; PLATINUM:0/100@160,1015630-33529-ob5bpq-1015630
Indore,madhya-pradesh,Mangal Multiplex,"Mangal Multiplex, Vijay Nagar, Indore",1015630,452010,SCREEN 3,2D,2026-10-02T12:00,Available,142,142,0,0,GOLD:0/104@130; SILVER:0/26@130; PLATINUM:0/12@160,1015630-33535-ob5bpq-1015630
Indore,madhya-pradesh,Mangal Multiplex,"Mangal Multiplex, Vijay Nagar, Indore",1015630,452010,SCREEN 3,2D,2026-10-02T17:00,Available,142,142,0,0,GOLD:0/104@150; SILVER:0/26@150; PLATINUM:0/12@180,1015630-33541-ob5bpq-1015630
Indore,madhya-pradesh,miraj,"Miraj Cinemas : Velocity III, Indore",7709,452010,SCREEN 3,2D,2026-10-02T12:45,Available,200,196,4,800,PLATINUM:0/30@92; SUPER PLATINUM:2/130@190; CLUB:2/40@210,7709-38185-ob5bpq-7709
Indore,madhya-pradesh,Drama Factory,"Drama Factory Cinema, Zodiac Mall, Indore",1053961,452016,SCREEN 3,2D,2026-10-02T04:00,Available,193,193,0,0,LOUNGER:0/10@150; PREMIUM:0/164@150; RECLINER:0/19@250,1053961-36041-ob5bpq-1053961
Indore,madhya-pradesh,Drama Factory,"Drama Factory Cinema, Zodiac Mall, Indore",1053961,452016,SCREEN 2,2D,2026-10-02T06:10,Available,71,71,0,0,RECLINER:0/71@250,1053961-36034-ob5bpq-1053961
Indore,madhya-pradesh,Drama Factory,"Drama Factory Cinema, Zodiac Mall, Indore",1053961,452016,SCREEN 2,2D,2026-10-02T11:15,Available,75,75,0,0,RECLINER:0/75@350,1053961-36036-ob5bpq-1053961
Indore,madhya-pradesh,Drama Factory,"Drama Factory Cinema, Zodiac Mall, Indore",1053961,452016,SCREEN 3,2D,2026-10-02T17:15,Available,193,193,0,0,LOUNGER:0/10@240; PREMIUM:0/164@240; RECLINER:0/19@450,1053961-36046-ob5bpq-1053961
Indore,madhya-pradesh,PVR,"INOX Phoenix Pride of India, Indore",1024424,452016,SCREEN 5,2D,2026-10-02T07:55,Available,173,158,15,3730,CLASSIC ROWS:0/22@99; CLASSIC PLUS ROWS:7/78@230; PRIME ROWS:4/58@250; EXTRA LEGROOM ROWS:4/15@280,1024424-58898-ob5bpq-1024424
Indore,madhya-pradesh,PVR,"INOX Phoenix Pride of India, Indore",1024424,452016,INSIGNIA 8,2D,2026-10-02T11:50,Available,40,40,0,0,EXEC RECLINER ROWS:0/18@530; ROYAL RECLINER ROWS:0/22@560,1024424-58916-ob5bpq-1024424
Indore,madhya-pradesh,PVR,"INOX Phoenix Pride of India, Indore",1024424,452016,SCREEN 5,2D,2026-10-02T14:05,Available,173,165,8,2100,CLASSIC ROWS:0/22@99; CLASSIC PLUS ROWS:3/78@250; PRIME ROWS:5/58@270; EXTRA LEGROOM ROWS:0/15@300,1024424-58900-ob5bpq-1024424
Indore,madhya-pradesh,PVR,"INOX Phoenix Pride of India, Indore",1024424,452016,SCREEN 6,2D,2026-10-02T17:05,Available,126,126,0,0,CLASSIC ROWS:0/16@99; CLASSIC PLUS ROWS:0/60@270; PRIME ROWS:0/50@290,1024424-58907-ob5bpq-1024424
Indore,madhya-pradesh,Kalyan Cinemas,"Kalyan Cinemas, Rajendra Nagar, Indore",1056569,452001,SCREEN 2,2D,2026-10-02T04:00,Available,222,222,0,0,SILVER:0/42@130; GOLD:0/56@150; PLATINUM:0/124@150,1056569-21089-ob5bpq-1056569
Indore,madhya-pradesh,Kalyan Cinemas,"Kalyan Cinemas, Rajendra Nagar, Indore",1056569,452001,SCREEN 1,2D,2026-10-02T07:30,Available,223,223,0,0,SILVER:0/42@180; GOLD:0/56@200; PLATINUM:0/125@220,1056569-21082-ob5bpq-1056569
Indore,madhya-pradesh,Kalyan Cinemas,"Kalyan Cinemas, Rajendra Nagar, Indore",1056569,452001,SCREEN 5,2D,2026-10-02T10:15,Available,75,75,0,0,RECLINER:0/75@449,1056569-21098-ob5bpq-1056569
Indore,madhya-pradesh,Kalyan Cinemas,"Kalyan Cinemas, Rajendra Nagar, Indore",1056569,452001,SCREEN 2,2D,2026-10-02T12:00,Available,222,222,0,0,SILVER:0/42@200; GOLD:0/56@230; PLATINUM:0/124@250,1056569-21092-ob5bpq-1056569
Indore,madhya-pradesh,Kalyan Cinemas,"Kalyan Cinemas, Rajendra Nagar, Indore",1056569,452001,SCREEN 2,2D,2026-10-02T17:15,Available,222,222,0,0,SILVER:0/42@200; GOLD:0/56@230; PLATINUM:0/124@250,1056569-21094-ob5bpq-1056569
Indore,madhya-pradesh,Odeon Cinemas,"Odeon Cinemas, Rajendra Nagar, Indore",1092051,452012,SCREEN 2,2D,2026-10-02T07:45,Available,76,76,0,0,RECLINER:0/76@299,1092051-7781-ob5bpq-1092051
Indore,madhya-pradesh,Odeon Cinemas,"Odeon Cinemas, Rajendra Nagar, Indore",1092051,452012,SCREEN 1,2D,2026-10-02T14:10,Available,199,199,0,0,PL:0/70@220; DI:0/119@240; RECLINER:0/10@399,1092051-7755-ob5bpq-1092051
Indore,madhya-pradesh,Fundore Cinemas,"Fundore Cinemas, Rau, Indore",1014901,453331,AUDI 3,2D,2026-10-02T06:30,Almost Full,198,17,181,25490,CLUB:51/51@130; GOLD:51/68@140; SILVER:68/68@140; SOFA:11/11@200,1014901-35117__1790922600__306__2079537-ob5bpq-1014901
Indore,madhya-pradesh,Fundore Cinemas,"Fundore Cinemas, Rau, Indore",1014901,453331,AUDI 3,2D,2026-10-02T11:55,Almost Full,198,17,181,30630,CLUB:51/51@150; GOLD:51/68@170; SILVER:68/68@170; SOFA:11/11@250,1014901-35117__1790942100__306__2079541-ob5bpq-1014901
Indore,madhya-pradesh,Fortune,"Fortune Cinemas, Indore",1102452,453331,AUDI 2,2D,2026-10-02T12:30,Available,400,400,0,0,GOLD:0/100@130; PLATINUM:0/100@150; SKY BOX:0/100@220; VIP:0/100@300,1102452-138732-ob5bpq-1102452
Pithampur,madhya-pradesh,Ayou Cinemas,"Ayou Cinemas, Bardari Gram, Pithampur",9692,454775,SCREEN 2,2D,2026-10-02T06:00,Filling Fast,104,24,80,10400,GOLD:62/80@130; SILVER:18/24@130,9692-35117__1790920800__458__2079813-ob5bpq-9692
Pithampur,madhya-pradesh,Ayou Cinemas,"Ayou Cinemas, Bardari Gram, Pithampur",9692,454775,SCREEN 2,2D,2026-10-02T11:30,Filling Fast,104,24,80,12800,GOLD:62/80@160; SILVER:18/24@160,9692-35117__1790940600__458__2079819-ob5bpq-9692
Dewas,madhya-pradesh,Abhinav and Sanghvi,"Abhinav and Sanghvi Cineplex, Itawa, Dewas",1014703,455001,SCREEN 2,2D,2026-10-02T06:30,Available,210,210,0,0,SILVER:0/68@90; PLATINUM:0/142@120,1014703-43385-ob5bpq-1014703
Bhopal,madhya-pradesh,Cinepolis,"Cinepolis DB Mall, Maharana Pratap Nagar, Bhopal",132,462016,AUDI 4,2D,2026-10-02T03:30,Available,327,319,8,2000,NORMAL:0/17@190; EXECUTIVE:0/102@230; PREMIUM:8/188@250; EXECUTIVE XL:0/20@270,132-9886-ob5bpq-132
Bhopal,madhya-pradesh,Cinepolis,"Cinepolis DB Mall, Maharana Pratap Nagar, Bhopal",132,462016,AUDI 4,2D,2026-10-02T13:20,Available,327,318,9,2550,NORMAL:0/17@230; EXECUTIVE:3/102@270; PREMIUM:6/188@290; EXECUTIVE XL:0/20@310,132-9889-ob5bpq-132
Bhopal,madhya-pradesh,Cinepolis,"Cinepolis DB Mall, Maharana Pratap Nagar, Bhopal",132,462016,AUDI 4,2D,2026-10-02T16:25,Available,327,311,16,4640,NORMAL:0/17@230; EXECUTIVE:0/102@270; PREMIUM:16/188@290; EXECUTIVE XL:0/20@310,132-9890-ob5bpq-132
Bhopal,madhya-pradesh,Cinepolis,"Cinepolis Bansal Plaza, Bhopal",1049209,462023,AUDI05,2D,2026-10-02T03:30,Available,140,140,0,0,NORMAL:0/13@200; EXECUTIVE:0/45@240; PREMIUM:0/72@280; RECLINER:0/10@960,1049209-7860-ob5bpq-1049209
Bhopal,madhya-pradesh,Cinepolis,"Cinepolis Bansal Plaza, Bhopal",1049209,462023,AUDI01,2D,2026-10-02T08:25,Available,144,118,26,8220,NORMAL:0/11@200; EXECUTIVE:0/37@240; PREMIUM:5/45@300; PREMIUM PLUS:21/30@320; PREMIUM XL:0/10@340; RECLINER:0/11@1020,1049209-7851-ob5bpq-1049209
Bhopal,madhya-pradesh,Cinepolis,"Cinepolis Bansal Plaza, Bhopal",1049209,462023,AUDI05,2D,2026-10-02T18:15,Available,140,140,0,0,NORMAL:0/13@220; EXECUTIVE:0/45@260; PREMIUM:0/72@300; RECLINER:0/10@1020,1049209-7864-ob5bpq-1049209
Bhopal,madhya-pradesh,Cinepolis,"Cinepolis Aashima Mall, Bawadiya Kalan, Bhopal",117,462026,AUDI06,2D,2026-10-02T04:15,Available,215,202,13,2660,NORMAL:0/15@140; EXECUTIVE:0/45@180; PREMIUM:10/129@200; PREMIUM PLUS:3/26@220,117-11217-ob5bpq-117
Bhopal,madhya-pradesh,Cinepolis,"Cinepolis Aashima Mall, Bawadiya Kalan, Bhopal",117,462026,AUDI05,2D,2026-10-02T06:10,Available,126,104,22,4400,NORMAL:0/12@140; EXECUTIVE:0/36@180; PREMIUM:22/48@200; PREMIUM PLUS:0/22@220; PREMIUM XL:0/8@240,117-11213-ob5bpq-117
Bhopal,madhya-pradesh,Cinepolis,"Cinepolis Aashima Mall, Bawadiya Kalan, Bhopal",117,462026,AUDI06,2D,2026-10-02T10:05,Available,215,180,35,8360,NORMAL:0/15@180; EXECUTIVE:7/45@220; PREMIUM:23/129@240; PREMIUM PLUS:5/26@260,117-11219-ob5bpq-117
Bhopal,madhya-pradesh,Cinepolis,"Cinepolis Aashima Mall, Bawadiya Kalan, Bhopal",117,462026,AUDI06,2D,2026-10-02T13:10,Available,215,207,8,2040,NORMAL:0/15@190; EXECUTIVE:0/45@230; PREMIUM:6/129@250; PREMIUM PLUS:2/26@270,117-11226-ob5bpq-117
Bhopal,madhya-pradesh,miraj,"Miraj Cinemas : Alark Square, Bhopal",1042104,462030,SCREEN 1,2D,2026-10-02T07:45,Available,60,60,0,0,PLATINUM SOFA:0/36@350; LOUNGER:0/10@450; CLUB SOFA:0/14@550,1042104-6727-ob5bpq-1042104
Nagpur,maharashtra,MovieMax,"MovieMax: Eternity, Nagpur",27031,440012,SCREEN3,2D,2026-10-02T06:45,Available,257,232,25,5650,CLASSIC:11/32@190; PRIME:9/86@240; PRIME PLUS:5/124@280; RECLINER:0/15@500,27031-34380-ob5bpq-27031
Nagpur,maharashtra,MovieMax,"MovieMax: Eternity, Nagpur",27031,440012,SCREEN3,2D,2026-10-02T15:45,Available,257,257,0,0,CLASSIC:0/32@250; PRIME:0/86@300; PRIME PLUS:0/124@320; RECLINER:0/15@550,27031-34383-ob5bpq-27031
Nagpur,maharashtra,Cinepolis,"Cinepolis VR Nagpur Mall, Rambagh Road, Nagpur",24782,440003,AUDI 02,2D,2026-10-02T03:00,Available,101,92,9,2010,NORMAL:0/10@170; EXECUTIVE:0/26@190; PREMIUM:6/44@210; PREMIUM XL:3/13@250; RECLINER:0/8@525,24782-11676-ob5bpq-24782
Nagpur,maharashtra,Cinepolis,"Cinepolis VR Nagpur Mall, Rambagh Road, Nagpur",24782,440003,AUDI 04,2D,2026-10-02T06:15,Available,116,93,23,8550,NORMAL:0/8@270; EXECUTIVE:0/30@310; PREMIUM:18/56@330; PREMIUM XL:3/14@370; RECLINER:2/8@750,24782-11598-ob5bpq-24782
Nagpur,maharashtra,Cinepolis,"Cinepolis VR Nagpur Mall, Rambagh Road, Nagpur",24782,440003,AUDI 04,2D,2026-10-02T12:10,Available,117,99,18,6640,NORMAL:1/9@290; EXECUTIVE:0/30@330; PREMIUM:7/56@350; PREMIUM XL:10/14@390; RECLINER:0/8@750,24782-11606-ob5bpq-24782
Nagpur,maharashtra,PVR,"INOX Jaswant Tuli Mall, Kamptee Road, Nagpur",1029912,440017,SCREEN 3,2D,2026-10-02T15:10,Available,213,211,2,340,CLASSIC ROWS:2/35@170; PRIME ROWS:0/54@240; PRIME PLUS ROWS:0/124@270,1029912-97546-ob5bpq-1029912
Surat,gujarat,Mukta A2 Cinemas,"Mukta A2 Cinemas, Orbit Plaza by Pramukh, Surat",1102090,395010,SCREEN 2,2D,2026-10-02T08:15,Available,95,95,0,0,PREMIUM LOUNGER:0/10@150; PREMIUM SOFA:0/72@150; PREMIUM RECLINER:0/13@250,1102090-4199-ob5bpq-1102090
Surat,gujarat,Rajhans Cinemas,"Rajhans Cinemas Rajmahal AC Mall, Sitanagar, Surat",44983,395006,SCREEN3,2D,2026-10-02T04:30,Available,231,212,19,2470,MARVEL:0/19@130; ROYAL:0/38@130; EXECUTIVE:19/113@130; PLATINUM:0/61@150,44983-22449-ob5bpq-44983
Surat,gujarat,Rajhans Cinemas,"Rajhans Cinemas Rajmahal AC Mall, Sitanagar, Surat",44983,395006,SCREEN3,2D,2026-10-02T10:15,Available,231,212,19,3040,MARVEL:0/19@150; ROYAL:0/38@150; EXECUTIVE:19/113@160; PLATINUM:0/61@170,44983-22451-ob5bpq-44983
Surat,gujarat,Coconut Cinema,"Coconut Cinemas, Surat",1102360,395010,SCREEN 5,2D,2026-10-02T03:15,Available,100,100,0,0,EXECUTIVE:0/100@160,1102360-4760-ob5bpq-1102360
Surat,gujarat,Coconut Cinema,"Coconut Cinemas, Surat",1102360,395010,SCREEN 3,2D,2026-10-02T10:00,Available,300,300,0,0,EXECUTIVE:0/100@180; CLUB:0/100@200; ROYAL:0/100@220,1102360-4757-ob5bpq-1102360
Surat,gujarat,Coconut Cinema,"Coconut Cinemas, Surat",1102360,395010,SCREEN 1,2D,2026-10-02T14:05,Available,222,222,0,0,EXECUTIVE:0/32@200; CLUB:0/128@220; ROYAL:0/62@240,1102360-4745-ob5bpq-1102360
Surat,gujarat,Coconut Cinema,"Coconut Cinemas, Surat",1102360,395010,SCREEN 6,2D,2026-10-02T16:20,Available,300,300,0,0,EXECUTIVE:0/100@200; CLUB:0/100@220; ROYAL:0/100@240,1102360-4799-ob5bpq-1102360
Surat,gujarat,PVR,"INOX Raj Imperial, Varachha Road, Surat",1020709,395006,SCREEN 4,2D,2026-10-02T08:25,Available,64,64,0,0,GOLD:0/20@140; SILVER:0/10@140; GOLD PLUS:0/10@160; PLATINUM:0/20@190; IMPERIAL SOFA:0/4@300,1020709-116846-ob5bpq-1020709
Surat,gujarat,PVR,"INOX Raj Imperial, Varachha Road, Surat",1020709,395006,SCREEN 4,2D,2026-10-02T13:40,Available,64,64,0,0,GOLD:0/20@140; SILVER:0/10@140; GOLD PLUS:0/10@160; PLATINUM:0/20@190; IMPERIAL SOFA:0/4@300,1020709-116848-ob5bpq-1020709
Surat,gujarat,Rajhans Multiplex,"Rajhans Multiplex, AR Mall, Surat",1029105,394101,SCREEN 2,2D,2026-10-02T04:45,Available,180,180,0,0,EXECUTIVE:0/108@140; ROYAL SOFA:0/72@160,1029105-65171-ob5bpq-1029105
Surat,gujarat,Rajhans Multiplex,"Rajhans Multiplex, AR Mall, Surat",1029105,394101,SCREEN 2,2D,2026-10-02T07:40,Available,180,180,0,0,EXECUTIVE:0/108@150; ROYAL SOFA:0/72@200,1029105-65172-ob5bpq-1029105
Surat,gujarat,Rajhans Multiplex,"Rajhans Multiplex, AR Mall, Surat",1029105,394101,SCREEN 2,2D,2026-10-02T13:00,Available,180,180,0,0,EXECUTIVE:0/108@150; ROYAL SOFA:0/72@200,1029105-65174-ob5bpq-1029105
Surat,gujarat,Rajhans Multiplex,"Rajhans Multiplex, AR Mall, Surat",1029105,394101,SCREEN 2,2D,2026-10-02T15:30,Available,180,180,0,0,EXECUTIVE:0/108@170; ROYAL SOFA:0/72@250,1029105-66184-ob5bpq-1029105
Surat,gujarat,Friday Cinema,"The Friday Cinema, Mota Varachha, Surat",1036111,394101,SCREEN 2,2D,2026-10-02T11:15,Available,81,81,0,0,ROYAL PUSH BACK:0/62@150; LOUNGER:0/10@150; RECLINER:0/9@300,1036111-18629-ob5bpq-1036111
Surat,gujarat,Rajhans Multiplex,"Rajhans Multiplex, Gopi Talav, Surat",1037719,395002,SCREEN 3,2D,2026-10-02T09:15,Available,400,400,0,0,EXECUTIVE:0/100@150; SOFA:0/100@200; BOX 3 A:0/100@250; BOX 3 B:0/100@250,1037719-46914-ob5bpq-1037719
Surat,gujarat,PVR,"INOX Reliance Mega Mall, Udhna, Surat",1020705,395002,SCREEN 1,2D,2026-10-02T03:38,Filling Fast,125,42,83,13110,CLASSIC ROWS:0/16@99; PRIME ROWS:42/42@150; EXTRA LEGROOM ROWS:9/13@150; CLASSIC PLUS ROWS:26/42@150; RECLINER ROWS:6/12@260,1020705-43344-ob5bpq-1020705
Surat,gujarat,PVR,"INOX Reliance Mega Mall, Udhna, Surat",1020705,395002,SCREEN 1,2D,2026-10-02T12:35,Available,106,106,0,0,CLASSIC ROWS:0/16@200; EXTRA LEGROOM ROWS:0/13@220; CLASSIC PLUS ROWS:0/42@220; PRIME ROWS:0/29@240; RECLINER ROWS:0/6@410,1020705-43312-ob5bpq-1020705
Surat,gujarat,Justickets,"Pragati Cinemas, Mota Varachha, Surat",1101590,394107,TITAN 1,2D,2026-10-02T03:45,Available,108,108,0,0,SOFA:0/97@150; LOUNGER:0/11@150,1101590-f9d8b776-6a98-4c23-a361-a9c72d092bc0-ob5bpq-1101590
Surat,gujarat,Justickets,"Pragati Cinemas, Mota Varachha, Surat",1101590,394107,ROYAL 4,2D,2026-10-02T12:45,Available,44,44,0,0,COUPLE LOUNGER:0/44@400,1101590-5fe70465-a0cc-4024-b420-76329ab9622d-ob5bpq-1101590
Surat,gujarat,Cine Verse Vesu,"Cineverse Cinema, Katargam, Surat",37587,395004,CLASSIC,2D,2026-10-02T05:00,Available,200,200,0,0,SOFA:0/100@150; LOUNGER:0/100@150,37587-46678-ob5bpq-37587
Surat,gujarat,Cine Verse Vesu,"Cineverse Cinema, Katargam, Surat",37587,395004,CLASSIC,2D,2026-10-02T17:00,Available,200,200,0,0,SOFA:0/100@200; LOUNGER:0/100@200,37587-46690-ob5bpq-37587
Surat,gujarat,Rajhans Cinemas,"Rajhans Cinemas Flamingo, Katargam, Surat",1008406,395004,SCREEN02,2D,2026-10-02T03:45,Available,358,336,22,2860,MARVEL:0/44@105; EXECUTIVE:22/226@130; ROYAL:0/66@130; RECLINER:0/22@220,1008406-67072-ob5bpq-1008406
Surat,gujarat,Rajhans Cinemas,"Rajhans Cinemas Flamingo, Katargam, Surat",1008406,395004,SCREEN02,2D,2026-10-02T06:30,Available,358,336,22,3520,MARVEL:0/44@140; EXECUTIVE:22/226@160; ROYAL:0/66@160; RECLINER:0/22@250,1008406-67073-ob5bpq-1008406
Surat,gujarat,Rajhans Cinemas,"Rajhans Cinemas Flamingo, Katargam, Surat",1008406,395004,SCREEN10,2D,2026-10-02T07:30,Available,38,38,0,0,RECLINER:0/38@250,1008406-67096-ob5bpq-1008406
Surat,gujarat,Rajhans Cinemas,"Rajhans Cinemas Flamingo, Katargam, Surat",1008406,395004,SCREEN02,2D,2026-10-02T09:15,Available,358,334,24,3840,MARVEL:0/44@140; EXECUTIVE:24/226@160; ROYAL:0/66@160; RECLINER:0/22@250,1008406-67074-ob5bpq-1008406
Surat,gujarat,Rajhans Cinemas,"Rajhans Cinemas Flamingo, Katargam, Surat",1008406,395004,SCREEN02,2D,2026-10-02T12:00,Available,358,336,22,3960,MARVEL:0/44@160; EXECUTIVE:22/226@180; ROYAL:0/66@180; RECLINER:0/22@300,1008406-67075-ob5bpq-1008406
Surat,gujarat,Rajhans Cinemas,"Rajhans Cinemas Flamingo, Katargam, Surat",1008406,395004,SCREEN10,2D,2026-10-02T14:00,Available,38,38,0,0,RECLINER:0/38@340,1008406-67097-ob5bpq-1008406
Surat,gujarat,Rajhans Cinemas,"Rajhans Cinemas Flamingo, Katargam, Surat",1008406,395004,SCREEN02,2D,2026-10-02T17:30,Available,358,336,22,4400,MARVEL:0/44@180; EXECUTIVE:22/226@200; ROYAL:0/66@200; RECLINER:0/22@340,1008406-67077-ob5bpq-1008406
Surat,gujarat,miraj,"Miraj Cinemas : KSB Mall, Surat",59348,394221,SCREEN 4,2D,2026-10-02T04:45,Available,121,121,0,0,EXECUTIVE:0/49@130; GOLD:0/72@130,59348-33945-ob5bpq-59348
Surat,gujarat,miraj,"Miraj Cinemas : KSB Mall, Surat",59348,394221,SCREEN 4,2D,2026-10-02T07:45,Available,121,121,0,0,EXECUTIVE:0/49@150; GOLD:0/72@160,59348-33946-ob5bpq-59348
Surat,gujarat,miraj,"Miraj Cinemas : KSB Mall, Surat",59348,394221,SCREEN 4,2D,2026-10-02T10:45,Available,121,119,2,320,EXECUTIVE:0/49@160; GOLD:2/72@160,59348-33947-ob5bpq-59348
Surat,gujarat,miraj,"Miraj Cinemas : KSB Mall, Surat",59348,394221,SCREEN 4,2D,2026-10-02T13:45,Available,121,121,0,0,EXECUTIVE:0/49@170; GOLD:0/72@190,59348-33948-ob5bpq-59348
Surat,gujarat,miraj,"Miraj Cinemas : KSB Mall, Surat",59348,394221,SCREEN 4,2D,2026-10-02T16:45,Available,121,121,0,0,EXECUTIVE:0/49@170; GOLD:0/72@190,59348-33949-ob5bpq-59348
Surat,gujarat,Sanelite Cinema,"Sanelite Cinemas, Katargam, Surat",1102490,395004,SCREEN 1,2D,2026-10-02T04:45,Available,400,400,0,0,PREMIUM:0/100@99; CLASSIC:0/100@99; STANDARD:0/100@99; SOFA:0/100@150,1102490-32220-ob5bpq-1102490
Surat,gujarat,Sanelite Cinema,"Sanelite Cinemas, Katargam, Surat",1102490,395004,SCREEN 1,2D,2026-10-02T10:45,Available,400,400,0,0,PREMIUM:0/100@99; CLASSIC:0/100@99; STANDARD:0/100@99; SOFA:0/100@150,1102490-32234-ob5bpq-1102490
Surat,gujarat,Sanelite Cinema,"Sanelite Cinemas, Katargam, Surat",1102490,395004,SCREEN 1,2D,2026-10-02T16:30,Available,162,162,0,0,PREMIUM:0/45@99; CLASSIC:0/44@99; STANDARD:0/60@99; SOFA:0/13@150,1102490-32248-ob5bpq-1102490
Surat,gujarat,Cinepolis,"Cinepolis Imperial Square Mall, Adajan, Surat",118,395009,AUDI 4,2D,2026-10-02T03:10,Available,180,168,12,1680,NORMAL:0/16@140; EXECUTIVE:0/64@140; PREMIUM:12/100@140,118-9651-ob5bpq-118
Surat,gujarat,Cinepolis,"Cinepolis Imperial Square Mall, Adajan, Surat",118,395009,AUDI 1,2D,2026-10-02T12:15,Available,144,136,8,1520,NORMAL:0/11@170; EXECUTIVE:0/44@170; PREMIUM:8/89@190,118-9659-ob5bpq-118
Surat,gujarat,Rajhans Multiplex,"Rajhans Multiplex, Adajan, Surat",9166,395009,SCREEN 4,2D,2026-10-02T04:15,Available,100,100,0,0,BUSINESS:0/100@220,9166-121093-ob5bpq-9166
Surat,gujarat,Rajhans Multiplex,"Rajhans Multiplex, Adajan, Surat",9166,395009,SCREEN 3,2D,2026-10-02T06:15,Available,200,200,0,0,MARVEL:0/100@130; ROYAL:0/100@150,9166-121088-ob5bpq-9166
Surat,gujarat,Rajhans Multiplex,"Rajhans Multiplex, Adajan, Surat",9166,395009,SCREEN 4,2D,2026-10-02T09:15,Available,94,94,0,0,BUSINESS:0/94@270,9166-121094-ob5bpq-9166
Surat,gujarat,Roongta Cinemas,"Roongta Cinemas, Vesu, Surat",1102314,395007,SCREEN 1,2D,2026-10-02T09:00,Available,35,35,0,0,ROYAL RECLINER:0/35@300,1102314-13394-ob5bpq-1102314
Surat,gujarat,Roongta Cinemas,"Roongta Cinemas, Vesu, Surat",1102314,395007,SCREEN 4,2D,2026-10-02T17:15,Available,54,54,0,0,LOUNGER:0/8@200; COUPLE SOFA:0/46@220,1102314-13402-ob5bpq-1102314
Surat,gujarat,Rajhans Cinemas,"Rajhans Cinemas, Kamrej, Surat",1050994,394185,3,2D,2026-10-02T04:45,Available,218,198,20,3160,ROYAL:0/40@130; MARVEL:0/20@130; EXECUTIVE:12/116@150; PLATINUM:8/42@170,1050994-33018-ob5bpq-1050994
Surat,gujarat,Rajhans Cinemas,"Rajhans Cinemas, Kamrej, Surat",1050994,394185,3,2D,2026-10-02T13:30,Available,218,198,20,4760,MARVEL:0/20@190; ROYAL:0/40@210; EXECUTIVE:12/116@230; PLATINUM:8/42@250,1050994-33019-ob5bpq-1050994
Surat,gujarat,Loop Cineplex,"Loop Cinemas, Surat",1061574,395007,SCREEN 4,2D,2026-10-02T06:55,Available,188,188,0,0,COZY:0/65@170; COZY PLUS:0/94@190; LAZY LOUNGER:0/10@200; SUPER SOFA:0/19@200,1061574-24289-ob5bpq-1061574
Surat,gujarat,Loop Cineplex,"Loop Cinemas, Surat",1061574,395007,SCREEN 4,2D,2026-10-02T12:20,Available,186,186,0,0,COZY:0/65@170; COZY PLUS:0/94@190; LAZY LOUNGER:0/10@200; SUPER SOFA:0/17@200,1061574-24291-ob5bpq-1061574
Surat,gujarat,Loop Cineplex,"Loop Cinemas, Surat",1061574,395007,SCREEN 4,2D,2026-10-02T17:35,Available,188,188,0,0,COZY:0/65@170; COZY PLUS:0/94@190; LAZY LOUNGER:0/10@200; SUPER SOFA:0/19@200,1061574-24293-ob5bpq-1061574
Surat,gujarat,Rajhans Cinemas,"Rajhans Cinemas MTC Mall, Velanja, Surat",57161,394150,SCREEN3,2D,2026-10-02T05:00,Available,231,213,18,2700,MARVEL:0/36@130; ROYAL:0/54@150; EXECUTIVE:18/88@150; PLATINUM:0/53@170,57161-23779-ob5bpq-57161
Surat,gujarat,Rajhans Cinemas,"Rajhans Cinemas MTC Mall, Velanja, Surat",57161,394150,SCREEN4,2D,2026-10-02T07:30,Available,328,307,21,3990,MARVEL:0/42@150; ROYAL:0/84@170; EXECUTIVE:21/148@190; PLATINUM:0/54@210,57161-23785-ob5bpq-57161
Surat,gujarat,Rajhans Cinemas,"Rajhans Cinemas MTC Mall, Velanja, Surat",57161,394150,SCREEN3,2D,2026-10-02T11:00,Available,231,213,18,3780,MARVEL:0/36@170; ROYAL:0/54@190; EXECUTIVE:18/88@210; PLATINUM:0/53@230,57161-23781-ob5bpq-57161
Surat,gujarat,Rajhans Cinemas,"Rajhans Cinemas MTC Mall, Velanja, Surat",57161,394150,SCREEN4,2D,2026-10-02T13:15,Available,328,307,21,4830,MARVEL:0/42@190; ROYAL:0/84@210; EXECUTIVE:21/148@230; PLATINUM:0/54@240,57161-23787-ob5bpq-57161
Surat,gujarat,Rajhans Cinemas,"Rajhans Cinemas MTC Mall, Velanja, Surat",57161,394150,SCREEN3,2D,2026-10-02T17:00,Available,231,213,18,4140,MARVEL:0/36@190; ROYAL:0/54@210; EXECUTIVE:18/88@230; PLATINUM:0/53@240,57161-23783-ob5bpq-57161
Surat,gujarat,Cine Verse Vesu,"Cineverse Cinema, Vesu, Surat",24949,395007,RETRO,2D,2026-10-02T05:30,Available,46,46,0,0,SOFA:0/46@150,24949-97462-ob5bpq-24949
Surat,gujarat,Cine Verse Vesu,"Cineverse Cinema, Vesu, Surat",24949,395007,RETRO,2D,2026-10-02T11:30,Available,46,46,0,0,SOFA:0/46@180,24949-97468-ob5bpq-24949
Surat,gujarat,Rajhans Cinemas,"Rajhans Cinemas, Aagam Viviana Mall Vesu, Surat",1050981,365006,SCREEN 3,2D,2026-10-02T05:15,Available,169,145,24,3610,MARVEL:0/28@105; ROYAL:0/42@105; EXECUTIVE:17/85@130; RECLINER:7/14@200,1050981-34208-ob5bpq-1050981
Surat,gujarat,Rajhans Cinemas,"Rajhans Cinemas, Aagam Viviana Mall Vesu, Surat",1050981,365006,SCREEN 3,2D,2026-10-02T10:45,Available,169,145,24,4820,MARVEL:0/28@140; ROYAL:0/42@160; EXECUTIVE:17/85@160; RECLINER:7/14@300,1050981-34209-ob5bpq-1050981
Surat,gujarat,PVR,"PVR Rahul Raj Mall, Dumas Road, Surat",1020704,395007,AUDI 04,2D,2026-10-02T03:45,Available,154,152,2,440,CLASSIC:0/30@105; CLASSIC PLUS:0/30@130; PRIME:0/76@130; RECLINER:2/18@220,1020704-46067-ob5bpq-1020704
Surat,gujarat,PVR,"PVR Rahul Raj Mall, Dumas Road, Surat",1020704,395007,AUDI 04,2D,2026-10-02T06:40,Available,154,154,0,0,CLASSIC:0/30@140; CLASSIC PLUS:0/30@160; PRIME:0/76@160; RECLINER:0/18@250,1020704-46068-ob5bpq-1020704
Surat,gujarat,PVR,"PVR Rahul Raj Mall, Dumas Road, Surat",1020704,395007,AUDI 04,2D,2026-10-02T12:20,Available,154,154,0,0,CLASSIC:0/30@160; CLASSIC PLUS:0/30@180; PRIME:0/76@180; RECLINER:0/18@300,1020704-46070-ob5bpq-1020704
Surat,gujarat,PVR,"PVR Rahul Raj Mall, Dumas Road, Surat",1020704,395007,AUDI 04,2D,2026-10-02T18:00,Available,154,154,0,0,CLASSIC:0/30@180; CLASSIC PLUS:0/30@200; PRIME:0/76@200; RECLINER:0/18@340,1020704-46072-ob5bpq-1020704
Surat,gujarat,Valentine Multiplex,"Valentine Multiplex, Pipload, Surat",2994,395007,SCREEN 2,2D,2026-10-02T06:35,Available,241,222,19,2850,ROYAL:0/105@130; EXECUTIVE:19/136@150,2994-60329-ob5bpq-2994
Surat,gujarat,Rajhans Cinemas,"Rajhans Cinemas, Precia, Surat",1040576,395007,SCREEN08,2D,2026-10-02T03:30,Available,157,138,19,3630,MARVEL:0/22@150; ROYAL:0/22@170; EXECUTIVE:15/101@170; RECLINER:4/12@270,1040576-52505-ob5bpq-1040576
Surat,gujarat,Rajhans Cinemas,"Rajhans Cinemas, Precia, Surat",1040576,395007,SCREEN06,2D,2026-10-02T05:15,Available,353,319,34,6780,MARVEL:0/36@150; ROYAL:0/54@170; EXECUTIVE:24/242@170; RECLINER:10/21@270,1040576-52499-ob5bpq-1040576
Surat,gujarat,Rajhans Cinemas,"Rajhans Cinemas, Precia, Surat",1040576,395007,SCREEN08,2D,2026-10-02T06:10,Available,157,138,19,4280,MARVEL:0/22@180; ROYAL:0/22@200; EXECUTIVE:15/101@200; RECLINER:4/12@320,1040576-52506-ob5bpq-1040576
Surat,gujarat,Rajhans Cinemas,"Rajhans Cinemas, Precia, Surat",1040576,395007,SCREEN06,2D,2026-10-02T08:00,Available,353,313,40,8960,MARVEL:0/36@180; ROYAL:0/54@200; EXECUTIVE:32/242@200; RECLINER:8/21@320,1040576-52500-ob5bpq-1040576
Surat,gujarat,Rajhans Cinemas,"Rajhans Cinemas, Precia, Surat",1040576,395007,SCREEN06,2D,2026-10-02T10:45,Available,353,321,32,8800,MARVEL:0/36@200; ROYAL:0/54@220; EXECUTIVE:24/242@220; RECLINER:8/21@440,1040576-52544-ob5bpq-1040576
Surat,gujarat,Rajhans Cinemas,"Rajhans Cinemas, Precia, Surat",1040576,395007,SCREEN08,2D,2026-10-02T11:50,Available,157,138,19,5060,MARVEL:0/22@200; ROYAL:0/22@220; EXECUTIVE:15/101@220; RECLINER:4/12@440,1040576-52658-ob5bpq-1040576
Surat,gujarat,Rajhans Cinemas,"Rajhans Cinemas, Precia, Surat",1040576,395007,SCREEN06,2D,2026-10-02T13:30,Available,353,323,30,8360,MARVEL:0/36@200; ROYAL:0/54@220; EXECUTIVE:22/242@220; RECLINER:8/21@440,1040576-52545-ob5bpq-1040576
Surat,gujarat,Rajhans Cinemas,"Rajhans Cinemas, Precia, Surat",1040576,395007,SCREEN09,2D,2026-10-02T13:50,Available,56,46,10,6500,SUITE BED:10/56@650,1040576-52436-ob5bpq-1040576
Surat,gujarat,Rajhans Cinemas,"Rajhans Cinemas, Precia, Surat",1040576,395007,SCREEN06,2D,2026-10-02T16:15,Available,353,309,44,12320,MARVEL:0/36@220; ROYAL:0/54@240; EXECUTIVE:36/242@240; RECLINER:8/21@460,1040576-52503-ob5bpq-1040576
Surat,gujarat,Rajhans Cinemas,"Rajhans Cinemas, Precia, Surat",1040576,395007,SCREEN08,2D,2026-10-02T17:45,Available,157,138,19,5440,MARVEL:0/22@220; ROYAL:0/22@240; EXECUTIVE:15/101@240; RECLINER:4/12@460,1040576-52543-ob5bpq-1040576
Surat,gujarat,PVR,"INOX VR Surat, Dumas Road, Surat",1020707,395007,SCREEN 3,2D,2026-10-02T06:25,Available,214,210,4,600,CLASSIC ROWS:0/34@130; CLASSIC PLUS ROWS:0/85@150; PRIME ROWS:4/77@150; RECLINER ROWS:0/18@250,1020707-194754-ob5bpq-1020707
Surat,gujarat,PVR,"INOX VR Surat, Dumas Road, Surat",1020707,395007,SCREEN 4,2D,2026-10-02T14:30,Available,194,194,0,0,CLASSIC ROWS:0/34@200; CLASSIC PLUS ROWS:0/85@220; PRIME ROWS:0/57@220; RECLINER ROWS:0/18@440,1020707-194763-ob5bpq-1020707
Surat,gujarat,PVR,"INOX VR Surat, Dumas Road, Surat",1020707,395007,SCREEN 4,2D,2026-10-02T17:25,Available,194,194,0,0,CLASSIC ROWS:0/34@200; CLASSIC PLUS ROWS:0/85@220; PRIME ROWS:0/57@220; RECLINER ROWS:0/18@440,1020707-194764-ob5bpq-1020707
Surat,gujarat,CityPlus,"City Plus Multiplex, Dumas Road, Surat",2416,395007,SCREEN3,2D,2026-10-02T04:15,Available,30,30,0,0,GOLD STAR:0/10@80; GOLD:0/10@100; EXECUTIVE:0/10@300,2416-140645-ob5bpq-2416
Surat,gujarat,CityPlus,"City Plus Multiplex, Dumas Road, Surat",2416,395007,SCREEN3,2D,2026-10-02T09:45,Available,30,30,0,0,GOLD STAR:0/10@130; GOLD:0/10@150; EXECUTIVE:0/10@300,2416-140649-ob5bpq-2416
Surat,gujarat,CityPlus,"City Plus Multiplex, Dumas Road, Surat",2416,395007,SCREEN1,2D,2026-10-02T11:45,Available,30,30,0,0,GOLD STAR:0/10@180; GOLD:0/10@200; EXECUTIVE:0/10@400,2416-140572-ob5bpq-2416
Bardoli,gujarat,Rajhans Cinemas,"Rajhans Cinemas, Prestige North, Bardoli",1054919,394601,SCREEN2,2D,2026-10-02T07:45,Available,252,238,14,2380,ROYAL:0/42@150; LOUNGER:4/11@170; EXECUTIVE:10/180@170; RECLINER:0/19@300,1054919-7766-ob5bpq-1054919
Bardoli,gujarat,Rajhans Cinemas,"Rajhans Cinemas, Prestige North, Bardoli",1054919,394601,SCREEN2,2D,2026-10-02T13:30,Available,252,242,10,2100,ROYAL:0/42@190; LOUNGER:0/11@210; EXECUTIVE:10/180@210; RECLINER:0/19@350,1054919-7767-ob5bpq-1054919
Bardoli,gujarat,Cine Verse Vesu,"Cineverse Cinema, Bardoli",1041425,394601,VINTAGE,2D,2026-10-02T04:00,Available,223,223,0,0,SOFA:0/182@150; LOUNGER:0/20@150; RECLINER:0/21@310,1041425-42212-ob5bpq-1041425
Bardoli,gujarat,Cine Verse Vesu,"Cineverse Cinema, Bardoli",1041425,394601,VINTAGE,2D,2026-10-02T16:00,Available,300,300,0,0,SOFA:0/100@200; LOUNGER:0/100@200; RECLINER:0/100@390,1041425-42224-ob5bpq-1041425
Navsari,gujarat,Rajhans Cinemas,"Rajhans Cinemas, Gandevi Road, Navsari",1050982,396445,SCREEN 3,2D,2026-10-02T04:15,Available,283,258,25,3930,MARVEL:0/32@130; ROYAL:0/96@150; EXECUTIVE:16/96@150; PLATINUM:9/59@170,1050982-64424-ob5bpq-1050982
Navsari,gujarat,Rajhans Cinemas,"Rajhans Cinemas, Gandevi Road, Navsari",1050982,396445,SCREEN 3,2D,2026-10-02T13:30,Available,283,253,30,6990,MARVEL:0/32@190; ROYAL:0/96@210; EXECUTIVE:21/96@230; PLATINUM:9/59@240,1050982-64421-ob5bpq-1050982
Vadodara,gujarat,Infinity 7 Seas,"Infinity 7 Seas Cinema, Vadodara",1102387,390008,SCREEN 1,2D,2026-10-02T06:30,Available,213,213,0,0,LOUNGER:0/9@130; GOLD:0/54@150; SILVER:0/136@150; RECLINER:0/14@250,1102387-21846-ob5bpq-1102387
Vadodara,gujarat,Infinity 7 Seas,"Infinity 7 Seas Cinema, Vadodara",1102387,390008,SCREEN 1,2D,2026-10-02T14:30,Available,400,400,0,0,LOUNGER:0/100@160; GOLD:0/100@180; SILVER:0/100@180; RECLINER:0/100@300,1102387-21855-ob5bpq-1102387
Vadodara,gujarat,PVR,"PVR TransCube, Vadodara",1094349,390005,AUDI 06,2D,2026-10-02T03:55,Available,130,125,5,495,CLASSIC ROWS:0/42@99; PRIME ROWS:5/80@99; RECLINER ROWS:0/8@199,1094349-15024-ob5bpq-1094349
Vadodara,gujarat,PVR,"PVR TransCube, Vadodara",1094349,390005,AUDI 02,2D,2026-10-02T08:45,Available,168,168,0,0,CLASSIC ROWS:0/42@230; PRIME ROWS:0/118@230; RECLINER ROWS:0/8@390,1094349-15020-ob5bpq-1094349
Vadodara,gujarat,PVR,"PVR TransCube, Vadodara",1094349,390005,AUDI 06,2D,2026-10-02T14:35,Available,130,130,0,0,CLASSIC ROWS:0/42@240; PRIME ROWS:0/80@240; RECLINER ROWS:0/8@400,1094349-15028-ob5bpq-1094349
Vadodara,gujarat,Cinepolis,"Cinepolis Inorbit Mall, Gorwa, Vadodara",154,390023,AUDI 3,2D,2026-10-02T10:25,Available,174,135,39,7800,NORMAL:0/12@200; EXECUTIVE:0/48@200; PREMIUM:39/114@200,154-11157-ob5bpq-154
Vadodara,gujarat,Cinepolis,"Cinepolis Inorbit Mall, Gorwa, Vadodara",154,390023,AUDI 3,2D,2026-10-02T16:35,Available,174,160,14,3080,NORMAL:0/12@200; EXECUTIVE:0/48@220; PREMIUM:14/114@220,154-11159-ob5bpq-154
Vadodara,gujarat,Movietime,"MovieTime S Square Mall, Ellora Park, Vadodara",1040399,390023,AUDI NO 2,2D,2026-10-02T08:45,Available,176,170,6,1560,PREMIUM:0/120@130; EXECUTIVE:0/45@130; RECLINER:6/11@260,1040399-39361-ob5bpq-1040399
Vadodara,gujarat,Movietime,"MovieTime S Square Mall, Ellora Park, Vadodara",1040399,390023,AUDI NO 2,2D,2026-10-02T17:15,Available,176,176,0,0,PREMIUM:0/120@150; EXECUTIVE:0/45@150; RECLINER:0/11@300,1040399-39363-ob5bpq-1040399
Vadodara,gujarat,PVR,"INOX Race Course Circle, Ellora Park, Vadodara",1019936,390007,SCREEN 2,2D,2026-10-02T15:05,Available,199,199,0,0,CLASSIC ROWS:0/65@160; PRIME ROWS:0/69@180; PRIME PLUS ROWS:0/65@200,1019936-100374-ob5bpq-1019936
Vadodara,gujarat,Cinemarc,"Cinemarc Akota, Galleria Mall, Vadodara",6072,390020,SCREEN 4,2D,2026-10-02T03:30,Available,124,124,0,0,PREMIER:0/12@100; SILVER:0/87@100; SOFA:0/25@110,6072-68529-ob5bpq-6072
Vadodara,gujarat,Cinemarc,"Cinemarc Akota, Galleria Mall, Vadodara",6072,390020,SCREEN 4,2D,2026-10-02T12:05,Available,124,124,0,0,PREMIER:0/12@110; SILVER:0/87@130; SOFA:0/25@150,6072-68526-ob5bpq-6072
Vadodara,gujarat,Bansal Movieplex,"Bansal Movieplex, Gotri, Vadodara",29891,390021,SCREEN 3,2D,2026-10-02T03:45,Available,159,142,17,1700,PLATINIUM:17/126@100; GOLD:0/17@100; SILVER:0/3@100; PUSH BACK SOFA:0/13@150,29891-36847-ob5bpq-29891
Vadodara,gujarat,Bansal Movieplex,"Bansal Movieplex, Gotri, Vadodara",29891,390021,SCREEN 3,2D,2026-10-02T06:20,Available,159,120,39,5070,PLATINIUM:39/126@130; GOLD:0/17@130; SILVER:0/3@130; PUSH BACK SOFA:0/13@250,29891-36848-ob5bpq-29891
Vadodara,gujarat,Bansal Movieplex,"Bansal Movieplex, Gotri, Vadodara",29891,390021,SCREEN 3,2D,2026-10-02T09:00,Available,159,142,17,2550,PLATINIUM:17/126@150; GOLD:0/17@150; SILVER:0/3@150; PUSH BACK SOFA:0/13@250,29891-36849-ob5bpq-29891
Vadodara,gujarat,Bansal Movieplex,"Bansal Movieplex, Gotri, Vadodara",29891,390021,SCREEN 3,2D,2026-10-02T14:30,Available,159,142,17,2890,SILVER:0/3@130; GOLD:0/17@150; PLATINIUM:17/126@170; PUSH BACK SOFA:0/13@250,29891-36851-ob5bpq-29891
Vadodara,gujarat,Bansal Movieplex,"Bansal Movieplex, Gotri, Vadodara",29891,390021,SCREEN 3,2D,2026-10-02T17:10,Available,159,142,17,2890,SILVER:0/3@130; GOLD:0/17@150; PLATINIUM:17/126@170; PUSH BACK SOFA:0/13@250,29891-36852-ob5bpq-29891
Vadodara,gujarat,PVR,"PVR Nilamber Triumph Mall, Saiyed Vasna, Vadodara",1019940,390007,AUDI 02,2D,2026-10-02T03:35,Available,114,114,0,0,CLASSIC ROWS:0/22@149; PRIME ROWS:0/74@149; EXTRA LEGROOM ROWS:0/11@179; RECLINER ROWS:0/7@299,1019940-29134-ob5bpq-1019940
Vadodara,gujarat,Cinemarc,"Cinemarc Vihar, Pratapnagar Road, Vadodara",6071,390004,SCREEN 2,2D,2026-10-02T07:00,Available,265,265,0,0,PREMIER:0/30@100; SILVER:0/108@110; EXECUTIVE:0/108@110; SOFA:0/19@130,6071-53271-ob5bpq-6071
Vadodara,gujarat,Cinemarc,"Cinemarc VIP, Khodiyar Nagar Char Rasta, Vadodara",6073,390022,SCREEN 4,2D,2026-10-02T03:30,Available,139,137,2,240,PREMIUM:0/13@100; SILVER:0/87@100; SOFA:0/20@100; PUSH BACK SOFA:2/19@120,6073-86672-ob5bpq-6073
Vadodara,gujarat,Cinemarc,"Cinemarc VIP, Khodiyar Nagar Char Rasta, Vadodara",6073,390022,SCREEN 4,2D,2026-10-02T12:05,Available,139,137,2,280,PREMIUM:0/13@110; SILVER:0/87@130; SOFA:2/20@140; PUSH BACK SOFA:0/19@170,6073-86675-ob5bpq-6073
Vadodara,gujarat,Bansal Movieplex,"Bansal Movieplex, SWC Mall, Vadodara",1102503,390012,SCREEN 3,2D,2026-10-02T03:40,Available,164,162,2,300,SILVER:0/27@100; PLATINUM:0/45@100; GOLD:0/83@100; DIAMOND:2/9@150,1102503-550-ob5bpq-1102503
Vadodara,gujarat,Bansal Movieplex,"Bansal Movieplex, SWC Mall, Vadodara",1102503,390012,SCREEN 3,2D,2026-10-02T06:10,Available,164,162,2,200,SILVER:0/27@100; PLATINUM:0/45@100; GOLD:2/83@100; DIAMOND:0/9@150,1102503-552-ob5bpq-1102503
Vadodara,gujarat,Bansal Movieplex,"Bansal Movieplex, SWC Mall, Vadodara",1102503,390012,SCREEN 3,2D,2026-10-02T08:50,Available,164,164,0,0,SILVER:0/27@130; PLATINUM:0/45@130; GOLD:0/83@130; DIAMOND:0/9@180,1102503-551-ob5bpq-1102503
Vadodara,gujarat,Bansal Movieplex,"Bansal Movieplex, SWC Mall, Vadodara",1102503,390012,SCREEN 3,2D,2026-10-02T14:15,Available,164,164,0,0,SILVER:0/27@130; PLATINUM:0/45@150; GOLD:0/83@150; DIAMOND:0/9@200,1102503-553-ob5bpq-1102503
Vadodara,gujarat,Bansal Movieplex,"Bansal Movieplex, SWC Mall, Vadodara",1102503,390012,SCREEN 3,2D,2026-10-02T17:00,Available,164,164,0,0,SILVER:0/27@130; PLATINUM:0/45@150; GOLD:0/83@150; DIAMOND:0/9@200,1102503-554-ob5bpq-1102503
Vadodara,gujarat,PVR,"PVR EVA Mall, Manjalpur, Vadodara",1019943,390011,AUDI 02,2D,2026-10-02T11:55,Available,175,173,2,460,CLASSIC ROWS:0/48@190; PRIME ROWS:0/48@200; PRIME PLUS ROWS:0/63@210; EXTRA LEGROOM ROWS:2/16@230,1019943-28017-ob5bpq-1019943
Vadodara,gujarat,Cinemera,"Cinemera Multiplex, Vrundavan Mall, Vadodara",3198,320019,SCREEN 1,2D,2026-10-02T07:00,Available,183,183,0,0,EXECUTIVE:0/15@100; GOLD:0/51@100; PLATINUM:0/94@100; SILVER:0/18@100; RECLINER:0/5@130,3198-203354-ob5bpq-3198
Vadodara,gujarat,Cinemera,"Cinemera Multiplex, Vrundavan Mall, Vadodara",3198,320019,SCREEN 1,2D,2026-10-02T09:45,Available,182,182,0,0,EXECUTIVE:0/9@100; GOLD:0/51@100; PLATINUM:0/96@100; SILVER:0/18@100; RECLINER:0/8@150,3198-203355-ob5bpq-3198
Vadodara,gujarat,Bansal Movieplex,"Bansal Movieplex, Tarsali, Vadodara",24985,390009,AUDI 4,2D,2026-10-02T03:40,Available,127,115,12,1560,PLATINUM:12/59@130; GOLD:0/57@130; SILVER:0/0@130; PUSH BACK SOFA:0/11@250,24985-40114-ob5bpq-24985
Vadodara,gujarat,Bansal Movieplex,"Bansal Movieplex, Tarsali, Vadodara",24985,390009,AUDI 4,2D,2026-10-02T06:15,Available,127,115,12,1800,PLATINUM:12/59@150; GOLD:0/57@150; SILVER:0/0@150; PUSH BACK SOFA:0/11@250,24985-40115-ob5bpq-24985
Vadodara,gujarat,Bansal Movieplex,"Bansal Movieplex, Tarsali, Vadodara",24985,390009,AUDI 4,2D,2026-10-02T08:45,Available,127,115,12,1800,PLATINUM:12/59@150; GOLD:0/57@150; SILVER:0/0@150; PUSH BACK SOFA:0/11@250,24985-40116-ob5bpq-24985
Vadodara,gujarat,Bansal Movieplex,"Bansal Movieplex, Tarsali, Vadodara",24985,390009,AUDI 4,2D,2026-10-02T13:55,Available,127,115,12,1800,PLATINUM:12/59@150; GOLD:0/57@150; SILVER:0/0@150; PUSH BACK SOFA:0/11@250,24985-40118-ob5bpq-24985
Vadodara,gujarat,Bansal Movieplex,"Bansal Movieplex, Tarsali, Vadodara",24985,390009,AUDI 4,2D,2026-10-02T16:30,Available,127,115,12,1920,SILVER:0/0@140; GOLD:0/57@150; PLATINUM:12/59@160; PUSH BACK SOFA:0/11@300,24985-40119-ob5bpq-24985
Vadodara,gujarat,PVR,"INOX Taksh Galaxy Mall, Madhavpura, Vadodara",1019942,390019,SCREEN 1,2D,2026-10-02T14:40,Available,136,136,0,0,CLASSIC ROWS:0/20@220; CLASSIC PLUS ROWS:0/60@230; PRIME ROWS:0/43@240; EXTRA LEGROOM ROWS:0/13@270,1019942-65338-ob5bpq-1019942
Anand,gujarat,Justickets,"Rajshivalay Cinemas, Lotiya Bhagol, Anand",1041389,388001,SCREEN 2,2D,2026-10-02T11:00,Available,333,333,0,0,GOLD:0/131@120; SILVER:0/51@120; PLATINUM:0/151@140,1041389-29ece7e0-710c-459e-8578-253453f4f8f7-ob5bpq-1041389
Anand,gujarat,PVR,"PVR Maruti Solaris, Maruti Solaris Mall, Anand",1019923,388345,AUDI 03,2D,2026-10-02T08:05,Available,156,152,4,640,CLASSIC ROWS:0/22@99; CLASSIC PLUS ROWS:0/22@150; PRIME PLUS ROWS:0/27@160; EXTRA LEGROOM ROWS:4/15@160; PRIME ROWS:0/70@160,1019923-21586-ob5bpq-1019923
Anand,gujarat,Diya,"Shaan Cinema, AV Fortune Mall, Anand",10241,388120,SCREEN 5,2D,2026-10-02T03:45,Available,152,152,0,0,PLATINUM:0/66@100; GOLD:0/45@100; SOFA:0/28@200; RECLINER:0/13@350,10241-166394-ob5bpq-10241
Anand,gujarat,Diya,"Shaan Cinema, AV Fortune Mall, Anand",10241,388120,SCREEN 5,2D,2026-10-02T06:45,Available,152,152,0,0,GOLD:0/45@100; PLATINUM:0/66@130; SOFA:0/28@250; RECLINER:0/13@350,10241-166401-ob5bpq-10241
Anand,gujarat,Diya,"Shaan Cinema, AV Fortune Mall, Anand",10241,388120,SCREEN 5,2D,2026-10-02T09:45,Available,152,152,0,0,GOLD:0/45@100; PLATINUM:0/66@160; SOFA:0/28@250; RECLINER:0/13@400,10241-166408-ob5bpq-10241
Anand,gujarat,Diya,"Shaan Cinema, AV Fortune Mall, Anand",10241,388120,SCREEN 5,2D,2026-10-02T12:45,Available,152,152,0,0,GOLD:0/45@100; PLATINUM:0/66@160; SOFA:0/28@250; RECLINER:0/13@400,10241-166411-ob5bpq-10241
Anand,gujarat,Diya,"Shaan Cinema, AV Fortune Mall, Anand",10241,388120,SCREEN 5,2D,2026-10-02T15:45,Available,152,152,0,0,GOLD:0/45@100; PLATINUM:0/66@160; SOFA:0/28@250; RECLINER:0/13@400,10241-166414-ob5bpq-10241
Rajkot,gujarat,PVR,"INOX R World, Kasturba Road, Rajkot",1030076,360001,SCREEN 1,2D,2026-10-02T04:15,Available,162,148,14,2086,CLASSIC ROWS:0/30@149; PRIME PLUS ROWS:4/60@149; PRIME ROWS:10/72@149,1030076-61066-ob5bpq-1030076
Rajkot,gujarat,Cinepolis,"Cinepolis Vandana, Gondal Road, Rajkot",1018904,360004,AUDI 2,2D,2026-10-02T09:10,Available,211,200,11,2640,NORMAL:0/16@200; EXECUTIVE:0/64@220; PREMIUM:11/65@240; EXECUTIVE XL:0/13@260; PREMIUM PLUS:0/39@260; PREMIUM XL:0/14@280,1018904-6649-ob5bpq-1018904
Rajkot,gujarat,Cinepolis,"Cinepolis Vandana, Gondal Road, Rajkot",1018904,360004,AUDI 2,2D,2026-10-02T18:25,Available,211,206,5,1200,NORMAL:0/16@200; EXECUTIVE:0/64@220; PREMIUM:5/65@240; EXECUTIVE XL:0/13@260; PREMIUM PLUS:0/39@260; PREMIUM XL:0/14@280,1018904-6651-ob5bpq-1018904
Rajkot,gujarat,Cosmoplex multiplex,"Cosmoplex multiplex Bombay Supermall 2, Kuvadava Road, Rajkot",1003563,360003,PLANET PURPLE,2D,2026-10-02T07:30,Available,30,30,0,0,CREW:0/10@170; CAPTAIN:0/10@210; CLUB:0/10@350,1003563-55076-ob5bpq-1003563
Rajkot,gujarat,Movietime,"Movie Time Crystal Mall, Kalawad Road, Rajkot",1040088,360001,SCREEN2,2D,2026-10-02T17:25,Available,274,244,30,10000,GOLD:20/256@250; RECLINER:10/18@500,1040088-23248-ob5bpq-1040088
Rajkot,gujarat,CosmoPlex,"Cosmoplex Multiplex, Kalawad Road, Rajkot",2021,360001,PLANET GREEN,2D,2026-10-02T04:50,Available,10,10,0,0,CREW:0/10@150,2021-181895-ob5bpq-2021
Rajkot,gujarat,CosmoPlex,"Cosmoplex Multiplex, Kalawad Road, Rajkot",2021,360001,PLANET RED,2D,2026-10-02T06:45,Available,30,30,0,0,CREW:0/10@170; CAPTAIN:0/10@210; CLUB:0/10@350,2021-181889-ob5bpq-2021
Rajkot,gujarat,CosmoPlex,"Cosmoplex Multiplex, Kalawad Road, Rajkot",2021,360001,PLANET PURPLE,2D,2026-10-02T13:40,Available,10,10,0,0,CREW:0/10@220,2021-181919-ob5bpq-2021
Rajkot,gujarat,Goldwings Cinemas,"Goldwings Cinemas, Rajkot",1102388,360005,SCREEN 3,2D,2026-10-02T15:20,Available,400,400,0,0,LOUNGER:0/100@200; SILVER:0/100@260; GOLD:0/100@280; RECLINER:0/100@500,1102388-2515-ob5bpq-1102388
Kanpur,uttar-pradesh,PVR,"PVR Deep, Saket Nagar, Kanpur",1023488,208014,AUDI 03,2D,2026-10-02T12:10,Available,185,167,18,4500,CLASSIC:0/116@220; PRIME:18/69@250,1023488-15234-ob5bpq-1023488
Kanpur,uttar-pradesh,Movietime,"Movietime Cinemas, Ratan Elegance Mall, Kanpur",1040668,208012,SCREEN 2,2D,2026-10-02T12:00,Available,176,167,9,1350,SILVER:0/36@99; GOLD:0/75@130; PLATINUM:9/50@150; EXTRA LEGSPACE:0/15@170,1040668-20505-ob5bpq-1040668
Kanpur,uttar-pradesh,PVR,"PVR South X Mall, Kidwai Nagar, Kanpur",1023484,208003,SCREEN 2,2D,2026-10-02T13:30,Available,232,221,11,2750,CLASSIC:0/38@99; PRIME:11/181@250; RECLINER:0/13@380,1023484-16079-ob5bpq-1023484
Kanpur,uttar-pradesh,Rave Moti Cinema,"Rave Moti Cinemas, Naveen Nagar, Kanpur",1021087,208025,AUDI 1,2D,2026-10-02T05:15,Available,367,331,36,8400,PLATINUM:30/178@180; GOLD:0/120@180; SILVER:0/48@180; EBONY:6/21@500,1021087-19726-ob5bpq-1021087
Kanpur,uttar-pradesh,Rave Moti Cinema,"Rave Moti Cinemas, Naveen Nagar, Kanpur",1021087,208025,AUDI 1,2D,2026-10-02T13:45,Available,367,331,36,8700,PLATINUM:30/178@190; GOLD:0/120@190; SILVER:0/48@190; EBONY:6/21@500,1021087-19727-ob5bpq-1021087
Kanpur,uttar-pradesh,PVR,"INOX Z Square Mall, Bada Chauraha, Kanpur",1023481,208001,SCREEN 3,2D,2026-10-02T13:35,Available,253,233,20,5210,EXECUTIVE:0/32@230; CLUB:13/148@250; ROYAL:7/73@280,1023481-78195-ob5bpq-1023481
Kanpur,uttar-pradesh,miraj,"Miraj Cinemas : Gurudev Pammi, Kanpur",175,208024,PAMMI,2D,2026-10-02T06:25,Available,201,186,15,3300,FIRST CLASS:0/33@150; FAMILY:9/66@200; BALCONY:6/102@250,175-39438-ob5bpq-175
Patna,bihar,Cinepolis,"Cinepolis Gravity Mall, Patna",1054545,800020,SCREEN 03,2D,2026-10-02T03:35,Available,151,131,20,4840,NORMAL:0/14@140; EXECUTIVE:0/64@200; PREMIUM:9/36@220; EXECUTIVE XL:0/12@240; PREMIUM XL:11/18@260; RECLINER:0/7@480,1054545-6124-ob5bpq-1054545
Patna,bihar,Cinepolis,"Cinepolis Gravity Mall, Patna",1054545,800020,SCREEN 03,2D,2026-10-02T06:25,Available,151,145,6,1320,NORMAL:0/14@140; EXECUTIVE:0/64@200; PREMIUM:6/36@220; EXECUTIVE XL:0/12@240; PREMIUM XL:0/18@260; RECLINER:0/7@480,1054545-6159-ob5bpq-1054545
Patna,bihar,Cinepolis,"Cinepolis Gravity Mall, Patna",1054545,800020,SCREEN 03,2D,2026-10-02T09:10,Almost Full,151,10,141,42020,NORMAL:12/14@180; EXECUTIVE:61/64@260; PREMIUM:36/36@320; EXECUTIVE XL:12/12@340; PREMIUM XL:16/18@360; RECLINER:4/7@660,1054545-6126-ob5bpq-1054545
Patna,bihar,Cinepolis,"Cinepolis Gravity Mall, Patna",1054545,800020,SCREEN 03,2D,2026-10-02T15:15,Available,151,124,27,7410,NORMAL:0/14@160; EXECUTIVE:7/64@230; PREMIUM:20/36@290; EXECUTIVE XL:0/12@310; PREMIUM XL:0/18@330; RECLINER:0/7@580,1054545-6127-ob5bpq-1054545
Patna,bihar,Cinepolis,"Cinepolis Gravity Mall, Patna",1054545,800020,SCREEN 03,2D,2026-10-02T18:15,Available,151,143,8,2240,NORMAL:0/14@140; EXECUTIVE:0/64@220; EXECUTIVE XL:0/12@260; PREMIUM:8/36@280; PREMIUM XL:0/18@320; RECLINER:0/7@540,1054545-6128-ob5bpq-1054545
Patna,bihar,PVR,"INOX Ashok, KP Mall, Patna",1023473,800001,SCREEN 3,2D,2026-10-02T03:25,Available,180,167,13,1937,CLASSIC ROWS:0/24@149; PRIME PLUS ROWS:2/40@149; PRIME ROWS:11/116@149,1023473-18373-ob5bpq-1023473
Patna,bihar,PVR,"INOX Ashok, KP Mall, Patna",1023473,800001,SCREEN 3,2D,2026-10-02T06:15,Filling Fast,192,69,123,31388,CLASSIC ROWS:2/24@149; PRIME ROWS:79/116@250; PRIME PLUS ROWS:42/52@270,1023473-18374-ob5bpq-1023473
Patna,bihar,PVR,"INOX Ashok, KP Mall, Patna",1023473,800001,SCREEN 1,2D,2026-10-02T09:30,Filling Fast,188,49,139,40657,CLASSIC ROWS:13/24@149; PRIME ROWS:80/112@300; PRIME PLUS ROWS:46/52@320,1023473-18369-ob5bpq-1023473
Patna,bihar,PVR,"INOX Ashok, KP Mall, Patna",1023473,800001,SCREEN 1,2D,2026-10-02T15:20,Available,176,176,0,0,CLASSIC ROWS:0/24@149; PRIME ROWS:0/112@260; PRIME PLUS ROWS:0/40@280,1023473-18371-ob5bpq-1023473
Patna,bihar,PVR,"INOX Ashok, KP Mall, Patna",1023473,800001,SCREEN 1,2D,2026-10-02T18:15,Available,176,176,0,0,CLASSIC ROWS:0/24@149; PRIME ROWS:0/112@260; PRIME PLUS ROWS:0/40@280,1023473-18372-ob5bpq-1023473
Patna,bihar,PVR,"INOX City Centre Mall, Lodipur, Patna",1029980,800001,SCREEN 3,2D,2026-10-02T03:35,Available,184,162,22,6190,CLASSIC ROWS:0/28@220; PRIME ROWS:15/92@240; PRIME PLUS ROWS:2/36@270; PRIME PLUS SOFA ROWS:3/14@350; RECLINER ROWS:2/14@500,1029980-21705-ob5bpq-1029980
Patna,bihar,PVR,"INOX City Centre Mall, Lodipur, Patna",1029980,800001,SCREEN 3,2D,2026-10-02T08:50,Filling Fast,202,72,130,55870,CLASSIC ROWS:0/28@320; PRIME ROWS:59/92@380; PRIME PLUS ROWS:48/54@410; PRIME PLUS SOFA ROWS:13/14@490; RECLINER ROWS:10/14@740,1029980-21707-ob5bpq-1029980
Patna,bihar,PVR,"INOX City Centre Mall, Lodipur, Patna",1029980,800001,SCREEN 3,2D,2026-10-02T11:45,Available,202,105,97,39920,CLASSIC ROWS:0/28@320; PRIME ROWS:32/92@360; PRIME PLUS ROWS:51/54@410; PRIME PLUS SOFA ROWS:11/14@490; RECLINER ROWS:3/14@700,1029980-21708-ob5bpq-1029980
Patna,bihar,PVR,"INOX City Centre Mall, Lodipur, Patna",1029980,800001,SCREEN 3,2D,2026-10-02T14:40,Available,202,152,50,21130,CLASSIC ROWS:0/28@320; PRIME ROWS:17/92@340; PRIME PLUS ROWS:20/54@350; PRIME PLUS SOFA ROWS:3/14@450; RECLINER ROWS:10/14@700,1029980-21709-ob5bpq-1029980
Patna,bihar,PVR,"INOX City Centre Mall, Lodipur, Patna",1029980,800001,SCREEN 3,2D,2026-10-02T17:35,Available,184,184,0,0,CLASSIC ROWS:0/28@320; PRIME ROWS:0/92@340; PRIME PLUS ROWS:0/36@350; PRIME PLUS SOFA ROWS:0/14@450; RECLINER ROWS:0/14@700,1029980-21710-ob5bpq-1029980
Patna,bihar,Cinepolis,"Cinepolis P&M Mall, Patliputra Colony, Patna",152,800013,SCREEN 1,2D,2026-10-02T03:30,Available,169,108,61,13480,NORMAL:2/8@130; EXECUTIVE:5/30@180; PREMIUM:52/121@220; RECLINER:2/10@440,152-6042-ob5bpq-152
Patna,bihar,Cinepolis,"Cinepolis P&M Mall, Patliputra Colony, Patna",152,800013,SCREEN 1,2D,2026-10-02T09:30,Almost Full,169,4,165,68840,NORMAL:8/8@250; EXECUTIVE:30/30@360; PREMIUM:121/121@420; RECLINER:6/10@870,152-6010-ob5bpq-152
Patna,bihar,Cinepolis,"Cinepolis P&M Mall, Patliputra Colony, Patna",152,800013,SCREEN 1,2D,2026-10-02T12:25,Filling Fast,169,66,103,34360,NORMAL:0/8@200; EXECUTIVE:11/30@280; PREMIUM:92/121@340; RECLINER:0/10@700,152-6034-ob5bpq-152
Patna,bihar,Cinepolis,"Cinepolis P&M Mall, Patliputra Colony, Patna",152,800013,SCREEN 2,2D,2026-10-02T16:40,Available,279,265,14,3920,NORMAL:0/13@150; EXECUTIVE:0/48@220; PREMIUM:14/204@280; RECLINER:0/14@560,152-6009-ob5bpq-152
Patna,bihar,Krishna Talkies,"Krishna Talkies, Khaje Kalan, Patna",1049441,800008,SCREEN1,2D,2026-10-02T11:30,Filling Fast,357,81,276,36330,FIRST CLASS:169/206@120; DRESS CIRCLE:107/151@150,1049441-35117__1790940600__204__2059796-ob5bpq-1049441
Patna,bihar,Justickets,"City Cine Cafe, Patna",1030463,800009,CITY CINE CAFE,2D,2026-10-02T06:30,Available,100,100,0,0,CLASSIQUE:0/70@200; PREMIUM:0/20@200; SOFA:0/10@250,1030463-dd904f96-d56b-43fe-9b40-f5bed1479ff5-ob5bpq-1030463
Patna,bihar,Justickets,"City Cine Cafe, Patna",1030463,800009,CITY CINE CAFE,2D,2026-10-02T09:30,Available,100,100,0,0,CLASSIQUE:0/70@200; PREMIUM:0/20@200; SOFA:0/10@250,1030463-e35d695e-b1a7-4fe9-8eac-b7541188dac5-ob5bpq-1030463
Patna,bihar,Justickets,"City Cine Cafe, Patna",1030463,800009,CITY CINE CAFE,2D,2026-10-02T12:30,Available,100,100,0,0,CLASSIQUE:0/70@200; PREMIUM:0/20@200; SOFA:0/10@250,1030463-095dacfd-68c8-417c-a401-b39786e61198-ob5bpq-1030463
Patna,bihar,Diana Cinema,"Diana Cinema, Danapur (Air-conditioned) A.C, Patna",1026079,801503,SCREEN1,2D,2026-10-02T06:30,Almost Full,209,20,189,18900,DRESS CIRCLE:189/209@100,1026079-35117__1790922600__215__2080716-ob5bpq-1026079
Patna,bihar,Diana Cinema,"Diana Cinema, Danapur (Air-conditioned) A.C, Patna",1026079,801503,SCREEN1,2D,2026-10-02T09:30,Almost Full,209,20,189,18900,DRESS CIRCLE:189/209@100,1026079-35117__1790933400__215__2080717-ob5bpq-1026079
Patna,bihar,Diana Cinema,"Diana Cinema, Danapur (Air-conditioned) A.C, Patna",1026079,801503,SCREEN1,2D,2026-10-02T12:30,Almost Full,209,20,189,18900,DRESS CIRCLE:189/209@100,1026079-35117__1790944200__215__2080718-ob5bpq-1026079
Hajipur,bihar,Nirmal DD Plex,"DD Cinemas CineKrishna Mall, Mallat Boobna Plaza Campus, Hajipur",51014,844101,AUDI 2,2D,2026-10-02T04:15,Available,100,100,0,0,PLATINUM:0/100@160,51014-54322-ob5bpq-51014
Hajipur,bihar,Nirmal DD Plex,"DD Cinemas CineKrishna Mall, Mallat Boobna Plaza Campus, Hajipur",51014,844101,AUDI 2,2D,2026-10-02T06:45,Available,100,100,0,0,PLATINUM:0/100@200,51014-54325-ob5bpq-51014
Hajipur,bihar,Nirmal DD Plex,"DD Cinemas CineKrishna Mall, Mallat Boobna Plaza Campus, Hajipur",51014,844101,AUDI 2,2D,2026-10-02T09:15,Available,100,100,0,0,PLATINUM:0/100@200,51014-54328-ob5bpq-51014
Hajipur,bihar,Navin Talkies,"Navin Cinema, Yadav Nagar, Hajipur",1009225,844101,SCREEN 2,2D,2026-10-02T06:30,Available,184,184,0,0,GOLD:0/17@180; SILVER:0/137@180; EXECUTIVE:0/30@180,1009225-12505-ob5bpq-1009225
Hajipur,bihar,Navin Talkies,"Navin Cinema, Yadav Nagar, Hajipur",1009225,844101,SCREEN 2,2D,2026-10-02T09:00,Available,300,300,0,0,GOLD:0/100@180; SILVER:0/100@180; EXECUTIVE:0/100@180,1009225-12506-ob5bpq-1009225
Hajipur,bihar,Navin Talkies,"Navin Cinema, Yadav Nagar, Hajipur",1009225,844101,SCREEN 2,2D,2026-10-02T11:30,Available,184,184,0,0,GOLD:0/17@180; SILVER:0/137@180; EXECUTIVE:0/30@180,1009225-12507-ob5bpq-1009225
Hajipur,bihar,Navin Talkies,"Navin Cinema, Yadav Nagar, Hajipur",1009225,844101,SCREEN 2,2D,2026-10-02T14:00,Available,300,300,0,0,GOLD:0/100@180; SILVER:0/100@180; EXECUTIVE:0/100@180,1009225-12508-ob5bpq-1009225
Ranchi,jharkhand,miraj,"Miraj Cinemas : Sandhya Tower, Ranchi",50908,834001,SCREEN 2,2D,2026-10-02T03:30,Available,334,334,0,0,SILVER:0/40@150; GOLD:0/176@170; PLATINUM:0/118@190,50908-23388-ob5bpq-50908
Ranchi,jharkhand,miraj,"Miraj Cinemas : Sandhya Tower, Ranchi",50908,834001,SCREEN 2,2D,2026-10-02T06:25,Available,334,302,32,6420,SILVER:0/40@170; GOLD:15/176@190; PLATINUM:17/118@210,50908-23389-ob5bpq-50908
Ranchi,jharkhand,miraj,"Miraj Cinemas : Sandhya Tower, Ranchi",50908,834001,SCREEN 2,2D,2026-10-02T09:20,Available,334,308,26,6560,SILVER:0/40@220; GOLD:10/176@240; PLATINUM:16/118@260,50908-23390-ob5bpq-50908
Ranchi,jharkhand,miraj,"Miraj Cinemas : Sandhya Tower, Ranchi",50908,834001,SCREEN 2,2D,2026-10-02T15:10,Available,334,334,0,0,SILVER:0/40@220; GOLD:0/176@240; PLATINUM:0/118@260,50908-23392-ob5bpq-50908
Ranchi,jharkhand,miraj,"Miraj Cinemas : Sandhya Tower, Ranchi",50908,834001,SCREEN 2,2D,2026-10-02T18:05,Available,334,334,0,0,SILVER:0/40@220; GOLD:0/176@240; PLATINUM:0/118@260,50908-23393-ob5bpq-50908
Ranchi,jharkhand,PVR,"PVR Nucleus Mall, Lalpur Circular Road, Ranchi",1023490,834001,AUDI 03,2D,2026-10-02T03:45,Available,217,152,65,10735,CLASSIC ROWS:0/30@149; PRIME PLUS ROWS:40/54@149; PRIME ROWS:18/123@149; RECLINER ROWS:7/10@299,1023490-20439-ob5bpq-1023490
Ranchi,jharkhand,PVR,"PVR Nucleus Mall, Lalpur Circular Road, Ranchi",1023490,834001,AUDI 03,2D,2026-10-02T08:50,Available,217,153,64,24210,CLASSIC ROWS:0/30@99; PRIME ROWS:17/123@270; PRIME PLUS ROWS:37/54@360; RECLINER ROWS:10/10@630,1023490-20441-ob5bpq-1023490
Ranchi,jharkhand,PVR,"PVR Nucleus Mall, Lalpur Circular Road, Ranchi",1023490,834001,AUDI 03,2D,2026-10-02T11:40,Available,217,152,65,27590,CLASSIC ROWS:0/30@99; PRIME ROWS:9/123@270; PRIME PLUS ROWS:46/54@410; RECLINER ROWS:10/10@630,1023490-20442-ob5bpq-1023490
Ranchi,jharkhand,PVR,"PVR Nucleus Mall, Lalpur Circular Road, Ranchi",1023490,834001,AUDI 03,2D,2026-10-02T14:30,Available,198,192,6,3300,CLASSIC ROWS:0/30@99; PRIME ROWS:0/123@270; PRIME PLUS ROWS:0/36@290; RECLINER ROWS:6/9@550,1023490-20443-ob5bpq-1023490
Ranchi,jharkhand,PVR,"PVR Nucleus Mall, Lalpur Circular Road, Ranchi",1023490,834001,AUDI 03,2D,2026-10-02T17:20,Available,198,180,18,8280,CLASSIC ROWS:0/30@99; PRIME ROWS:0/123@270; PRIME PLUS ROWS:9/36@290; RECLINER ROWS:9/9@630,1023490-20444-ob5bpq-1023490
Ranchi,jharkhand,Cinepolis,"PJP Cinemas, Mall of Ranchi, Ranchi",1012898,834001,AUDI 1,2D,2026-10-02T03:50,Available,210,184,26,5200,NORMAL:0/13@200; EXECUTIVE:0/52@200; PREMIUM:26/145@200,1012898-28664-ob5bpq-1012898
Ranchi,jharkhand,Cinepolis,"PJP Cinemas, Mall of Ranchi, Ranchi",1012898,834001,AUDI 1,2D,2026-10-02T06:35,Available,210,122,88,24190,NORMAL:0/13@230; EXECUTIVE:15/52@250; PREMIUM:73/145@280,1012898-28665-ob5bpq-1012898
Ranchi,jharkhand,Cinepolis,"PJP Cinemas, Mall of Ranchi, Ranchi",1012898,834001,AUDI 1,2D,2026-10-02T09:25,Available,210,107,103,28420,NORMAL:0/13@230; EXECUTIVE:14/52@250; PREMIUM:89/145@280,1012898-28666-ob5bpq-1012898
Ranchi,jharkhand,Cinepolis,"PJP Cinemas, Mall of Ranchi, Ranchi",1012898,834001,AUDI 1,2D,2026-10-02T12:15,Available,210,163,47,13160,NORMAL:0/13@230; EXECUTIVE:0/52@250; PREMIUM:47/145@280,1012898-28667-ob5bpq-1012898
Ranchi,jharkhand,Cinepolis,"PJP Cinemas, Mall of Ranchi, Ranchi",1012898,834001,AUDI 1,2D,2026-10-02T17:55,Available,210,193,17,4760,NORMAL:0/13@230; EXECUTIVE:0/52@250; PREMIUM:17/145@280,1012898-28669-ob5bpq-1012898
Bhubaneswar,odisha,PVR,"INOX BMC Bhawani Mall, Shahid Nagar, Bhubaneswar",1017389,751007,SCREEN 2,2D,2026-10-02T15:20,Available,208,201,7,1356,CLASSIC ROWS:4/42@99; PRIME ROWS:0/112@310; PRIME PLUS ROWS:3/40@320; EXTRA LEGROOM ROWS:0/14@320,1017389-71581-ob5bpq-1017389
Bhubaneswar,odisha,PVR,"PVR Utkal Galleria, Gautam Nagar, Bhubaneswar",1017390,751014,SCREEN 3,2D,2026-10-02T10:50,Available,140,88,52,20160,CLASSIC ROWS:0/24@330; PRIME ROWS:44/104@380; EXTRA LEGROOM ROWS:8/12@430,1017390-25409-ob5bpq-1017390
Bhubaneswar,odisha,Cinepolis,"Cinepolis Nexus Esplanade, Rasulgarh, Bhubaneswar",7338,751007,AUDI 07,2D,2026-10-02T03:40,Available,128,94,34,9920,NORMAL:0/11@220; EXECUTIVE:0/36@220; PREMIUM:18/60@240; PREMIUM XL:10/12@260; RECLINER:6/9@500,7338-12121-ob5bpq-7338
Bhubaneswar,odisha,Cinepolis,"Cinepolis Nexus Esplanade, Rasulgarh, Bhubaneswar",7338,751007,AUDI 07,2D,2026-10-02T09:00,Available,128,74,54,18540,NORMAL:0/11@280; EXECUTIVE:2/36@300; PREMIUM:38/60@320; PREMIUM XL:12/12@340; RECLINER:2/9@850,7338-12129-ob5bpq-7338
Bhubaneswar,odisha,Cinepolis,"Cinepolis Nexus Esplanade, Rasulgarh, Bhubaneswar",7338,751007,AUDI 07,2D,2026-10-02T12:00,Available,128,98,30,10960,NORMAL:0/11@320; EXECUTIVE:0/36@340; PREMIUM:22/60@360; PREMIUM XL:8/12@380; RECLINER:0/9@1000,7338-12130-ob5bpq-7338
Bhubaneswar,odisha,PVR,"INOX DN Regalia Mall, Patrapada, Bhubaneswar",1017393,751019,SCREEN 3,2D,2026-10-02T06:30,Available,129,106,23,7080,CLASSIC ROWS:0/20@280; PRIME ROWS:14/78@300; PRIME PLUS ROWS:9/31@320,1017393-51078-ob5bpq-1017393
Bhubaneswar,odisha,PVR,"INOX Symphony Mall, Rudrapur, Bhubaneswar",1017391,752101,SCREEN 3,2D,2026-10-02T09:30,Available,84,81,3,710,EXECUTIVE:2/20@230; CLUB:1/64@250,1017391-36509-ob5bpq-1017391
Cuttack,odisha,PVR,"INOX SGBL Square Mall, Town Hall Road, Cuttack",1029236,753009,SCREEN 2,2D,2026-10-02T09:30,Available,196,190,6,2180,CLASSIC ROWS:0/28@270; PRIME ROWS:0/88@290; PRIME PLUS ROWS:2/50@310; EXTRA LEGROOM ROWS:2/18@330; RECLINER ROWS:2/12@450,1029236-54237-ob5bpq-1029236
Guwahati,assam,PVR,"INOX NCS Square, Adabari, Guwahati",1020675,781014,SCREEN 2,2D,2026-10-02T15:10,Available,200,196,4,1240,CLASSIC ROWS:0/40@149; PRIME ROWS:0/112@250; PRIME PLUS ROWS:0/36@280; EXTRA LEGROOM ROWS:4/12@310,1020675-19842-ob5bpq-1020675
Guwahati,assam,Gold,"Kelvin Gold Cinema, Guwahati (Newly Opened)",1102071,781001,SCREEN 2,2D,2026-10-02T12:45,Available,242,242,0,0,SILVER:0/42@150; GOLD:0/191@200; RECLINER:0/9@600,1102071-4063-ob5bpq-1102071
Guwahati,assam,Cinepolis,"Cinepolis Central Mall, Christian Basti, Guwahati",3084,781005,AUDI 4,2D,2026-10-02T14:55,Available,195,189,6,1440,NORMAL:0/12@180; EXECUTIVE:0/48@220; PREMIUM:6/115@240; EXECUTIVE XL:0/16@260; RECLINER:0/4@520,3084-6695-ob5bpq-3084
Guwahati,assam,PVR,"PVR City Centre, G.S. Road, Guwahati",1020678,781005,AUDI 02,2D,2026-10-02T09:25,Available,128,91,37,10354,CLASSIC ROWS:6/40@149; PRIME ROWS:20/61@280; EXTRA LEGROOM ROWS:5/14@340; PRIME PLUS ROWS:6/13@360,1020678-29980-ob5bpq-1020678
Guwahati,assam,PVR,"INOX Aurus, Aurus Mall, Guwahati",1020674,781006,INSIGNIA 3,2D,2026-10-02T09:30,Available,40,34,6,4680,EXEC RECLINER ROWS:0/14@730; ROYAL RECLINER ROWS:6/26@780,1020674-37317-ob5bpq-1020674
Guwahati,assam,Carnival,"Matrix Cinemas : Matrix Mall, Beltola, Guwahati",4978,781028,AUDI 2,2D,2026-10-02T05:00,Available,107,107,0,0,CLUB:0/52@150; EXECUTIVE:0/13@150; GOLD:0/42@350,4978-92163-ob5bpq-4978
Guwahati,assam,Carnival,"Matrix Cinemas : Matrix Mall, Beltola, Guwahati",4978,781028,AUDI 2,2D,2026-10-02T13:15,Available,107,107,0,0,EXECUTIVE:0/13@200; CLUB:0/52@250; GOLD:0/42@450,4978-92172-ob5bpq-4978
Kochi,kerala,PVR,"PVR Forum Mall, NH 47, Kochi",1025902,682304,SCREEN 9,2D,2026-10-02T11:25,Available,48,42,6,3600,LUXE:0/16@500; LUXE PRIME:6/32@600,1025902-44387-ob5bpq-1025902
Kochi,kerala,Cinepolis,"Cinepolis VIP Centre Square Mall, Ernakulam, Kochi",119,682035,SCREEN 1,2D,2026-10-02T10:50,Available,73,61,12,6000,VIP EXECUTIVE:0/20@450; VIP PREMIUM:12/53@500,119-4310-ob5bpq-119
Kochi,kerala,Cinepolis,"Cinepolis Centre Square Mall, Ernakulam, Kochi",122,682035,SCREEN 7,2D,2026-10-02T13:55,Available,162,142,20,2580,NORMAL:0/22@129; EXECUTIVE:0/45@129; PREMIUM:20/95@129,122-13268-ob5bpq-122
Coimbatore,tamil-nadu,PVR,"INOX Prozone Mall, Sathy Road, Coimbatore",1025103,641035,SCREEN 1,2D,2026-10-02T13:50,Available,170,144,26,3834.1400000000003,EXECUTIVE:10/14@59.43; CLUB:16/156@202.49,1025103-114274-ob5bpq-1025103
Ludhiana,punjab,PVR,"PVR Pavilion Mall, Ludhiana",1023581,141002,AUDI 3,2D,2026-10-02T03:30,Available,123,123,0,0,CLASSIC:0/39@149; CLASSIC PLUS:0/39@149; PRIME:0/39@149; PRIME PLUS SOFA:0/6@299,1023581-36766-ob5bpq-1023581
Ludhiana,punjab,PVR,"PVR Pavilion Mall, Ludhiana",1023581,141002,AUDI 3,2D,2026-10-02T06:10,Available,138,119,19,4410,CLASSIC:0/39@160; CLASSIC PLUS:2/39@180; PRIME:13/52@210; PRIME PLUS SOFA:4/8@330,1023581-36767-ob5bpq-1023581
Ludhiana,punjab,PVR,"PVR Pavilion Mall, Ludhiana",1023581,141002,AUDI 3,2D,2026-10-02T09:00,Available,123,101,22,6040,CLASSIC:0/39@210; CLASSIC PLUS:3/39@230; PRIME:17/39@270; PRIME PLUS SOFA:2/6@380,1023581-36768-ob5bpq-1023581
Ludhiana,punjab,PVR,"PVR Pavilion Mall, Ludhiana",1023581,141002,AUDI 3,2D,2026-10-02T11:50,Available,138,117,21,6540,CLASSIC:0/39@220; CLASSIC PLUS:0/39@240; PRIME:15/52@260; PRIME PLUS SOFA:6/8@440,1023581-36769-ob5bpq-1023581
Ludhiana,punjab,PVR,"PVR Pavilion Mall, Ludhiana",1023581,141002,AUDI 3,2D,2026-10-02T14:40,Available,123,123,0,0,CLASSIC:0/39@240; CLASSIC PLUS:0/39@260; PRIME:0/39@280; PRIME PLUS SOFA:0/6@430,1023581-36770-ob5bpq-1023581
Ludhiana,punjab,PVR,"PVR Pavilion Mall, Ludhiana",1023581,141002,AUDI 5,2D,2026-10-02T18:10,Available,77,77,0,0,CLASSIC:0/39@240; PRIME:0/38@280,1023581-36777-ob5bpq-1023581
Ludhiana,punjab,PVR,"PVR Silver Arc Mall, Gurdev Nagar, Ludhiana",1025088,141001,AUDI 04,2D,2026-10-02T03:30,Available,220,213,7,1043,CLASSIC ROWS:0/66@149; PRIME PLUS SOFA ROWS:7/18@149; PRIME ROWS:0/112@149; RECLINER ROWS:0/24@299,1025088-30578-ob5bpq-1025088
Ludhiana,punjab,PVR,"PVR Silver Arc Mall, Gurdev Nagar, Ludhiana",1025088,141001,AUDI 06,2D,2026-10-02T09:20,Available,124,124,0,0,CLASSIC ROWS:0/39@200; PRIME ROWS:0/67@240; PRIME PLUS SOFA ROWS:0/18@300,1025088-30591-ob5bpq-1025088
Ludhiana,punjab,PVR,"PVR Silver Arc Mall, Gurdev Nagar, Ludhiana",1025088,141001,AUDI 06,2D,2026-10-02T17:25,Available,124,124,0,0,CLASSIC ROWS:0/39@225; PRIME ROWS:0/67@265; PRIME PLUS SOFA ROWS:0/18@340,1025088-30594-ob5bpq-1025088
Ludhiana,punjab,PVR,"PVR Avon City Mall, Gurdev Nagar, Ludhiana",1023576,141001,AUDI 02,2D,2026-10-02T05:20,Available,122,120,2,598,CLASSIC ROWS:0/41@149; CLASSIC PLUS ROWS:0/30@149; PRIME ROWS:0/30@149; RECLINER ROWS:2/21@299,1023576-17563-ob5bpq-1023576
Ludhiana,punjab,PVR,"PVR Avon City Mall, Gurdev Nagar, Ludhiana",1023576,141001,AUDI 02,2D,2026-10-02T11:10,Available,122,113,9,891,CLASSIC ROWS:9/41@99; CLASSIC PLUS ROWS:0/30@200; PRIME ROWS:0/30@220; RECLINER ROWS:0/21@380,1023576-17565-ob5bpq-1023576
Ludhiana,punjab,Wave,"Wave One Movies, Ferozepur Road, Ludhiana",1041108,141001,WAVE 0.2,2D,2026-10-02T06:20,Available,169,159,10,1700,CLASSIC:0/85@160; PREMIUM:10/84@170,1041108-143848-ob5bpq-1041108
Ludhiana,punjab,Wave,"Wave One Movies, Ferozepur Road, Ludhiana",1041108,141001,WAVE 0.2,2D,2026-10-02T11:45,Available,169,169,0,0,CLASSIC:0/85@210; PREMIUM:0/84@220,1041108-143844-ob5bpq-1041108
Ludhiana,punjab,Wave,"Wave One Movies, Ferozepur Road, Ludhiana",1041108,141001,WAVE 0.2,2D,2026-10-02T17:10,Available,169,169,0,0,CLASSIC:0/85@240; PREMIUM:0/84@250,1041108-143840-ob5bpq-1041108
Ludhiana,punjab,Cinepolis,"Cinepolis Nexus MBD, Ludhiana",151,141004,AUDI 3,2D,2026-10-02T03:30,Available,246,236,10,1490,NORMAL:0/17@149; EXECUTIVE:0/51@149; PREMIUM:0/105@149; PREMIUM PLUS:10/40@149; PREMIUM XL:0/20@149; RECLINER:0/13@400,151-9031-ob5bpq-151
Ludhiana,punjab,Cinepolis,"Cinepolis Nexus MBD, Ludhiana",151,141004,AUDI 3,2D,2026-10-02T15:10,Available,246,236,10,2900,NORMAL:0/17@240; EXECUTIVE:0/51@260; PREMIUM:0/105@280; PREMIUM PLUS:10/40@290; PREMIUM XL:0/20@300; RECLINER:0/13@600,151-9040-ob5bpq-151
Amritsar,punjab,Movietime,"Movietime Cinemas, Novelty Mall Lawrence Road, Amritsar",1040660,143001,AUDI4,2D,2026-10-02T07:35,Available,144,135,9,2230,GOLD:0/79@99; EXTRA LEGSPACE:0/13@160; PLATINUM:5/42@190; RECLINER:4/10@320,1040660-50022-ob5bpq-1040660
Amritsar,punjab,Movietime,"Movietime Cinemas, Novelty Mall Lawrence Road, Amritsar",1040660,143001,AUDI4,2D,2026-10-02T13:05,Available,144,144,0,0,GOLD:0/79@99; EXTRA LEGSPACE:0/13@160; PLATINUM:0/42@190; RECLINER:0/10@320,1040660-50024-ob5bpq-1040660
Amritsar,punjab,PVR,"INOX VR Ambarsar, Circular Road, Amritsar",1019914,143001,SCREEN 5,2D,2026-10-02T03:30,Available,116,116,0,0,CLASSIC ROWS:0/22@149; CLASSIC PLUS ROWS:0/15@149; PICTURE PERFECT:0/25@149; PRIME ROWS:0/54@149,1019914-130278-ob5bpq-1019914
Amritsar,punjab,PVR,"INOX VR Ambarsar, Circular Road, Amritsar",1019914,143001,SCREEN 5,2D,2026-10-02T11:55,Available,116,112,4,900,CLASSIC ROWS:0/22@99; CLASSIC PLUS ROWS:2/15@210; PICTURE PERFECT:2/25@240; PRIME ROWS:0/54@240,1019914-130281-ob5bpq-1019914
Amritsar,punjab,PVR,"PVR SCT City Centre, City Centre, Amritsar",1019910,143001,AUDI 3,2D,2026-10-02T06:30,Available,158,155,3,297,CLASSIC ROWS:3/30@99; CLASSIC PLUS ROWS:0/43@200; PRIME ROWS:0/30@210; PRIME PLUS ROWS:0/29@230; EXTRA LEGROOM ROWS:0/15@250; RECLINER ROWS:0/11@430,1019910-30065-ob5bpq-1019910
Amritsar,punjab,PVR,"PVR SCT City Centre, City Centre, Amritsar",1019910,143001,AUDI 3,2D,2026-10-02T11:35,Available,158,158,0,0,CLASSIC ROWS:0/30@99; CLASSIC PLUS ROWS:0/43@200; PRIME ROWS:0/30@210; PRIME PLUS ROWS:0/29@230; EXTRA LEGROOM ROWS:0/15@250; RECLINER ROWS:0/11@430,1019910-30067-ob5bpq-1019910
Amritsar,punjab,Cinepolis,"Cinepolis Nexus, Sultan Wind Sub Urban Main GT Road, Amritsar",130,143001,AUDI 5,2D,2026-10-02T12:40,Available,101,101,0,0,NORMAL:0/13@260; EXECUTIVE:0/26@280; PREMIUM:0/51@300; RECLINER:0/11@600,130-8110-ob5bpq-130
Dehradun,uttarakhand,PVR,"PVR Centrio, Unison Mall, Dehradun",1023496,248001,AUDI 01,2D,2026-10-02T06:30,Available,148,101,47,17790,CLASSIC:0/22@240; CLASSIC PLUS:4/55@280; PRIME:35/60@330; RECLINER:8/11@640,1023496-26034-ob5bpq-1023496
Dehradun,uttarakhand,PVR,"PVR Centrio, Unison Mall, Dehradun",1023496,248001,AUDI 01,2D,2026-10-02T12:20,Available,133,129,4,2360,CLASSIC:0/22@240; CLASSIC PLUS:0/55@280; PRIME:0/45@300; RECLINER:4/11@590,1023496-26036-ob5bpq-1023496
Dehradun,uttarakhand,Silvercity,"Silvercity, Parsvnath Eleganza Mall, Dehradun",1102319,248001,AUDI 3,2D,2026-10-02T07:05,Available,194,188,6,1200,SILVER:0/60@150; GOLD:6/119@200; RECLINER:0/15@400,1102319-33589-ob5bpq-1102319
Dehradun,uttarakhand,Silvercity,"Silvercity, Parsvnath Eleganza Mall, Dehradun",1102319,248001,AUDI 3,2D,2026-10-02T12:15,Available,194,194,0,0,SILVER:0/60@150; GOLD:0/119@200; RECLINER:0/15@400,1102319-33597-ob5bpq-1102319
Dehradun,uttarakhand,PVR,"PVR Pacific Mall, Main Rajpur Road, Dehradun",1023497,248001,AUDI 04,2D,2026-10-02T04:25,Available,96,90,6,1140,CLASSIC:0/24@160; PRIME:6/72@190,1023497-23663-ob5bpq-1023497
Dehradun,uttarakhand,PVR,"PVR Pacific Mall, Main Rajpur Road, Dehradun",1023497,248001,AUDI 04,2D,2026-10-02T10:25,Available,96,87,9,2610,CLASSIC:0/24@240; PRIME:9/72@290,1023497-23665-ob5bpq-1023497
Dehradun,uttarakhand,PVR,PVR Mall Of Dehradun,1040152,248005,SCREEN 1,2D,2026-10-02T06:35,Available,144,82,62,20000,CLASSIC:0/31@200; LOUNGER:0/7@240; PRIME:2/22@240; PRIME PLUS:52/60@310; EXECUTIVE:4/15@320; RECLINER:4/9@530,1040152-20928-ob5bpq-1040152
Dehradun,uttarakhand,PVR,PVR Mall Of Dehradun,1040152,248005,SCREEN 1,2D,2026-10-02T14:50,Available,122,122,0,0,CLASSIC:0/24@200; LOUNGER:0/7@240; PRIME:0/22@240; PRIME PLUS:0/45@260; EXECUTIVE:0/15@320; RECLINER:0/9@500,1040152-20931-ob5bpq-1040152
Dehradun,uttarakhand,PVR,PVR Mall Of Dehradun,1040152,248005,SCREEN 2,2D,2026-10-02T17:50,Available,122,122,0,0,CLASSIC:0/24@200; LOUNGER:0/7@240; PRIME:0/22@240; PRIME PLUS:0/45@260; EXECUTIVE:0/15@320; RECLINER:0/9@500,1040152-20982-ob5bpq-1040152
Varanasi,uttar-pradesh,IP Cinemas,"IP Cinemas IP Sigra Mall, Shastri Nagar, Varanasi",1039215,221002,AUDI 3,2D,2026-10-02T03:15,Available,168,131,37,8200,GOLD:35/81@200; SILVER:0/75@200; RECLINER:2/12@600,1039215-72523-ob5bpq-1039215
Varanasi,uttar-pradesh,IP Cinemas,"IP Cinemas IP Sigra Mall, Shastri Nagar, Varanasi",1039215,221002,AUDI 3,2D,2026-10-02T08:30,Filling Fast,168,61,107,35500,SILVER:20/75@250; GOLD:76/81@300; RECLINER:11/12@700,1039215-72525-ob5bpq-1039215
Varanasi,uttar-pradesh,IP Cinemas,"IP Cinemas IP Sigra Mall, Shastri Nagar, Varanasi",1039215,221002,AUDI 3,2D,2026-10-02T16:50,Available,168,143,25,8700,SILVER:0/75@250; GOLD:22/81@300; RECLINER:3/12@700,1039215-72528-ob5bpq-1039215
Varanasi,uttar-pradesh,IP Cinemas,"IP Cinemas IP Vijaya Mall, Bhelupur, Varanasi",1039499,221010,AUDI 2,2D,2026-10-02T12:00,Available,254,208,46,16600,SILVER:0/108@250; GOLD:39/132@300; RECLINER:7/14@700,1039499-44410-ob5bpq-1039499
Agra,uttar-pradesh,Gold,"Gold Cinema Ashok Cosmos Mall, Sanjay Place, Agra",4327,282002,AUDI 4,2D,2026-10-02T06:25,Available,109,109,0,0,GOLD:0/109@250,4327-99253-ob5bpq-4327
Agra,uttar-pradesh,Gold,"Gold Cinema Ashok Cosmos Mall, Sanjay Place, Agra",4327,282002,AUDI 4,2D,2026-10-02T12:00,Available,109,109,0,0,GOLD:0/109@200,4327-99249-ob5bpq-4327
Agra,uttar-pradesh,PVR,"PVR Anjana Mall, Agra",1102259,282002,AUDI 1,2D,2026-10-02T06:30,Available,115,105,10,3550,CLASSIC ROWS:0/24@230; PRIME ROWS:0/36@240; EXTRA LEGROOM ROWS:0/14@260; PRIME PLUS ROWS:5/23@280; RECLINER ROWS:5/18@430,1102259-4327-ob5bpq-1102259
Agra,uttar-pradesh,PVR,"PVR Anjana Mall, Agra",1102259,282002,AUDI 1,2D,2026-10-02T12:10,Available,115,104,11,4460,CLASSIC ROWS:0/24@260; PRIME ROWS:0/36@270; EXTRA LEGROOM ROWS:0/14@290; PRIME PLUS ROWS:4/23@310; RECLINER ROWS:7/18@460,1102259-4329-ob5bpq-1102259
Agra,uttar-pradesh,Cineworld Multiplex,"Cineworld Multiplex, Paras Pearls Mall, Agra",1101450,282002,SCREEN 5,2D,2026-10-02T06:55,Available,400,400,0,0,CLASSIC:0/100@200; PRIME:0/100@220; PRIME PLUS:0/100@240; ROYAL:0/100@250,1101450-89311-ob5bpq-1101450
Agra,uttar-pradesh,Cineworld Multiplex,"Cineworld Multiplex, Paras Pearls Mall, Agra",1101450,282002,SCREEN 4,2D,2026-10-02T08:40,Available,24,24,0,0,LUXURY RECLINER:0/24@500,1101450-89340-ob5bpq-1101450
Agra,uttar-pradesh,Cineworld Multiplex,"Cineworld Multiplex, Paras Pearls Mall, Agra",1101450,282002,SCREEN 4,2D,2026-10-02T11:10,Available,100,100,0,0,LUXURY RECLINER:0/100@500,1101450-89341-ob5bpq-1101450
Agra,uttar-pradesh,Cineworld Multiplex,"Cineworld Multiplex, Paras Pearls Mall, Agra",1101450,282002,SCREEN 4,2D,2026-10-02T15:45,Available,100,100,0,0,LUXURY RECLINER:0/100@500,1101450-89343-ob5bpq-1101450
Meerut,uttar-pradesh,Wave,"Wave Cinemas, Meerut",1040160,160102,AUDI 1,2D,2026-10-02T06:20,Available,158,115,43,6450,CLASSIC:43/158@150,1040160-67588-ob5bpq-1040160
Meerut,uttar-pradesh,Wave,"Wave Cinemas, Meerut",1040160,160102,AUDI 1,2D,2026-10-02T17:15,Available,158,141,17,4080,CLASSIC:17/158@240,1040160-67584-ob5bpq-1040160
Pilkhuwa,uttar-pradesh,Satyam Talkies,"Satyam VS Cinema, Pilkhuwa",59455,245304,SCREEN 2,2D,2026-10-02T13:50,Available,79,79,0,0,GOLD:0/26@200; PLATINUM:0/39@200; DIAMOND:0/14@220,59455-103822-ob5bpq-59455
Nashik,maharashtra,MovieMax,"MovieMax: College Road, Nashik (Seats Renovated)",27023,422005,SCREEN3,2D,2026-10-02T09:45,Available,334,323,11,2440,CLASSIC:0/57@160; PRIME:5/261@200; PRIME PLUS:6/16@240,27023-33074-ob5bpq-27023
Nashik,maharashtra,PVR,"Cinemax City Center, City Center Mall, Nashik",1019973,422009,SCREEN 5,2D,2026-10-02T06:40,Available,174,143,31,7200,CLASSIC ROWS:0/34@180; PRIME PLUS ROWS:26/122@200; RECLINER ROWS:5/18@400,1019973-26644-ob5bpq-1019973
Nashik,maharashtra,PVR,"Cinemax City Center, City Center Mall, Nashik",1019973,422009,SCREEN 4,2D,2026-10-02T15:00,Available,169,149,20,7470,CLASSIC ROWS:0/34@260; PRIME PLUS ROWS:9/122@280; RECLINER ROWS:11/13@450,1019973-26641-ob5bpq-1019973
Aurangabad,maharashtra,PVR,"INOX Reliance Mall, Garkheda, Aurangabad",1029157,431001,SCREEN 2,2D,2026-10-02T11:40,Available,276,274,2,500,CLASSIC ROWS:0/47@230; PRIME ROWS:2/143@250; PRIME PLUS ROWS:0/49@270; EXTRA LEGROOM ROW:0/14@280; RECLINER ROWS:0/23@430,1029157-48457-ob5bpq-1029157
Aurangabad,maharashtra,PVR,"INOX Prozone Mall, Chilkalthana, Aurangabad",1029156,431210,SCREEN 1,2D,2026-10-02T05:50,Available,198,196,2,480,CLASSIC ROWS:0/36@200; PRIME ROWS:0/93@220; PRIME PLUS ROWS:2/59@240; RECLINER ROWS:0/10@360,1029156-100133-ob5bpq-1029156
Aurangabad,maharashtra,PVR,"INOX Prozone Mall, Chilkalthana, Aurangabad",1029156,431210,SCREEN 1,2D,2026-10-02T17:40,Available,198,198,0,0,CLASSIC ROWS:0/36@260; PRIME ROWS:0/93@280; PRIME PLUS ROWS:0/59@300; RECLINER ROWS:0/10@510,1029156-100137-ob5bpq-1029156
Raipur,chhattisgarh,PVR,"PVR City Center, City Center Mall, Raipur",1019933,492001,SCREEN 4,2D,2026-10-02T03:15,Available,160,148,12,1788,CLASSIC ROWS:0/24@149; PRIME PLUS ROWS:12/48@149; PRIME ROWS:0/76@149; RECLINER ROWS:0/12@299,1019933-28482-ob5bpq-1019933
Raipur,chhattisgarh,PVR,"PVR City Center, City Center Mall, Raipur",1019933,492001,SCREEN 4,2D,2026-10-02T09:25,Available,176,89,87,24510,CLASSIC ROWS:0/24@180; PRIME ROWS:24/76@230; PRIME PLUS ROWS:54/64@280; RECLINER ROWS:9/12@430,1019933-28484-ob5bpq-1019933
Raipur,chhattisgarh,PVR,"PVR City Center, City Center Mall, Raipur",1019933,492001,SCREEN 4,2D,2026-10-02T15:10,Available,160,144,16,4860,CLASSIC ROWS:0/24@190; PRIME ROWS:4/76@210; PRIME PLUS ROWS:6/48@230; RECLINER ROWS:6/12@440,1019933-28486-ob5bpq-1019933
Raipur,chhattisgarh,Colors Cinema,"Colors Cinemas, Colors Mall, Raipur",44956,492001,SCREEN 2,2D,2026-10-02T09:15,Filling Fast,238,34,204,46340,PREMIUM:80/100@200; CLUB:98/112@230; LOUNGE:26/26@300,44956-35117__1790932500__234__2081382-ob5bpq-44956
Raipur,chhattisgarh,PVR,"PVR Magneto The Mall, Magneto Mall, Raipur",1019939,492001,AUDI 02,2D,2026-10-02T09:35,Available,225,210,15,3400,CLASSIC ROWS:0/38@200; PRIME ROWS:10/124@220; PICTURE PERFECT:5/24@240; EXTRA LEGROOM ROWS:0/22@250; RECLINER ROWS:0/17@460,1019939-22254-ob5bpq-1019939
Raipur,chhattisgarh,PVR,"PVR Magneto The Mall, Magneto Mall, Raipur",1019939,492001,AUDI 03,2D,2026-10-02T14:40,Available,225,225,0,0,CLASSIC ROWS:0/38@210; PRIME ROWS:0/124@240; PICTURE PERFECT:0/24@260; EXTRA LEGROOM ROWS:0/22@270; RECLINER ROWS:0/17@480,1019939-22291-ob5bpq-1019939
Raipur,chhattisgarh,PVR,"INOX Ambuja City Centre, Mowa, Raipur",1019938,492007,SCREEN 2,2D,2026-10-02T11:40,Available,268,264,4,880,CLASSIC ROWS:0/36@220; PRIME PLUS ROWS:0/90@220; EXTRA LEGROOM ROWS:4/20@220; PRIME ROWS:0/108@220; RECLINER ROWS:0/14@420,1019938-89685-ob5bpq-1019938
Raipur,chhattisgarh,PVR,"INOX Ambuja City Centre, Mowa, Raipur",1019938,492007,SCREEN 1,2D,2026-10-02T17:30,Available,197,197,0,0,CLASSIC ROWS:0/28@200; PRIME PLUS ROWS:0/42@200; PRIME ROWS:0/98@200; EXTRA LEGROOM ROWS:0/17@220; RECLINER ROWS:0/12@400,1019938-89682-ob5bpq-1019938
Raipur,chhattisgarh,PVR,"PVR Zora The Mall, Raipur",1056680,492012,SCREEN 2,2D,2026-10-02T08:55,Available,257,237,20,6200,CLASSIC ROWS:0/44@260; PRIME PLUS ROWS:17/114@310; PRIME ROWS:3/88@310; RECLINER ROWS:0/11@600,1056680-14443-ob5bpq-1056680
Raipur,chhattisgarh,PVR,"PVR Zora The Mall, Raipur",1056680,492012,SCREEN 2,2D,2026-10-02T14:35,Available,257,254,3,1800,CLASSIC ROWS:0/44@310; PRIME ROWS:0/88@360; PRIME PLUS ROWS:0/114@410; RECLINER ROWS:3/11@600,1056680-14445-ob5bpq-1056680
Raipur,chhattisgarh,miraj,"Miraj Cinemas : CBD, Nava Raipur",10235,492101,SCREEN 3,2D,2026-10-02T06:45,Available,113,113,0,0,SPECIAL:0/26@160; EXECUTIVE:0/76@180; CLUB:0/11@280,10235-41136-ob5bpq-10235
Raipur,chhattisgarh,miraj,"Miraj Cinemas : CBD, Nava Raipur",10235,492101,SCREEN 3,2D,2026-10-02T15:20,Available,113,113,0,0,SPECIAL:0/26@180; EXECUTIVE:0/76@200; CLUB:0/11@320,10235-41135-ob5bpq-10235
Bhilai,chhattisgarh,PVR,"PVR Treasure Island, Nehru Nagar, Bhilai",1020677,490020,AUDI 03,2D,2026-10-02T12:10,Available,137,106,31,7210,CLASSIC ROWS:0/20@200; PRIME ROWS:17/76@210; PRIME PLUS ROWS:14/41@260,1020677-21465-ob5bpq-1020677
Bhilai,chhattisgarh,PVR,"PVR Treasure Island, Nehru Nagar, Bhilai",1020677,490020,AUDI 04,2D,2026-10-02T15:00,Available,146,146,0,0,CLASSIC ROWS:0/22@210; PRIME ROWS:0/83@220; PRIME PLUS ROWS:0/41@270,1020677-21500-ob5bpq-1020677
Gwalior,madhya-pradesh,PVR,"INOX DB Mall, Race Course Road, Gwalior",1018430,474001,SCREEN 1,2D,2026-10-02T06:25,Available,145,100,45,10888,CLASSIC ROWS:2/22@99; CLASSIC PLUS ROWS:3/55@230; PRIME ROWS:40/68@250,1018430-79211-ob5bpq-1018430
Gwalior,madhya-pradesh,PVR,"INOX DB Mall, Race Course Road, Gwalior",1018430,474001,SCREEN 3,2D,2026-10-02T11:30,Available,118,118,0,0,CLASSIC ROWS:0/19@99; CLASSIC PLUS ROWS:0/48@270; PRIME ROWS:0/42@290; RECLINER ROWS:0/9@580,1018430-79224-ob5bpq-1018430
Gwalior,madhya-pradesh,PVR,"INOX DB Mall, Race Course Road, Gwalior",1018430,474001,SCREEN 2,2D,2026-10-02T17:15,Available,119,119,0,0,CLASSIC ROWS:0/22@99; CLASSIC PLUS ROWS:0/55@270; PRIME ROWS:0/42@290,1018430-79220-ob5bpq-1018430
Gwalior,madhya-pradesh,PVR,"PVR Keshar Towers, Race course Road, Gwalior",1018429,474005,SCREEN 3,2D,2026-10-02T09:35,Available,138,135,3,900,CLASSIC ROWS:0/28@99; CLASSIC PLUS ROWS:0/56@250; PRIME ROWS:0/28@270; EXTRA LEGROOM ROWS:3/14@300; RECLINER ROWS:0/12@540,1018429-22987-ob5bpq-1018429
Gwalior,madhya-pradesh,PVR,"PVR Keshar Towers, Race course Road, Gwalior",1018429,474005,SCREEN 4,2D,2026-10-02T17:45,Available,149,149,0,0,CLASSIC ROWS:0/30@99; CLASSIC PLUS ROWS:0/45@270; PRIME ROWS:0/45@290; EXTRA LEGROOM ROWS:0/15@320; RECLINER ROWS:0/14@580,1018429-22996-ob5bpq-1018429
Gwalior,madhya-pradesh,Gold Cinema,"Gold Cinema, Gwalior",1102407,474011,SCREEN 2,2D,2026-10-02T06:30,Available,200,200,0,0,SILVER:0/100@150; GOLD:0/100@180,1102407-1673-ob5bpq-1102407
Gwalior,madhya-pradesh,Cinepolis,"Fun Cinema DD City Mall, Maharani Laxmibai Road, Gwalior",141,474001,SCREEN 4,2D,2026-10-02T06:20,Available,184,173,11,2060,NORMAL:2/15@70; EXECUTIVE:3/45@200; PREMIUM:6/54@220; PREMIUM PLUS:0/52@220; EXECUTIVE XL:0/18@230,141-6343-ob5bpq-141
Gwalior,madhya-pradesh,Cinepolis,"Fun Cinema DD City Mall, Maharani Laxmibai Road, Gwalior",141,474001,SCREEN 4,2D,2026-10-02T17:40,Available,184,178,6,1500,NORMAL:0/15@70; EXECUTIVE:0/45@230; PREMIUM:6/54@250; PREMIUM PLUS:0/52@250; EXECUTIVE XL:0/18@260,141-6346-ob5bpq-141
Jodhpur,rajasthan,Nasrani Cinema,"Nasrani Cinema, Jodhpur",1013969,342003,SCREEN 1,2D,2026-10-02T06:30,Available,165,165,0,0,GOLD:0/138@230; PLATINUM:0/14@330; LOUNGE:0/13@430,1013969-40768-ob5bpq-1013969
Jodhpur,rajasthan,Nasrani Cinema,"Nasrani Cinema, Jodhpur",1013969,342003,SCREEN 1,2D,2026-10-02T11:45,Available,300,300,0,0,GOLD:0/100@230; PLATINUM:0/100@330; LOUNGE:0/100@430,1013969-40758-ob5bpq-1013969
Jodhpur,rajasthan,Nasrani Cinema,"Nasrani Cinema, Jodhpur",1013969,342003,SCREEN 1,2D,2026-10-02T14:30,Available,165,165,0,0,GOLD:0/138@230; PLATINUM:0/14@330; LOUNGE:0/13@430,1013969-40759-ob5bpq-1013969
Jodhpur,rajasthan,miraj,"Miraj Cinemas : Blue City Mall, Jodhpur",1001091,342001,SCREEN 2,2D,2026-10-02T12:30,Available,165,153,12,2880,PREMIUM:0/42@220; CLUB:12/123@240,1001091-20886-ob5bpq-1001091
Jodhpur,rajasthan,PVR,"INOX Cinemas Indiabulls Mall,  Vijayrajey Nagar, Jodhpur",1029517,342005,SCREEN 3,2D,2026-10-02T15:20,Available,146,143,3,690,CLASSIC ROW:0/34@99; PRIME ROWS:3/68@230; PRIME PLUS ROWS:0/32@250; EXTRA LEGROOM ROW:0/12@250,1029517-22737-ob5bpq-1029517
Udaipur,rajasthan,PVR,"INOX Lake City Mall, Ashok Nagar, Udaipur",1019904,313001,SCREEN 4,2D,2026-10-02T06:30,Available,201,201,0,0,CLASSIC ROWS:0/32@99; PRIME ROWS:0/107@200; PRIME PLUS ROWS:0/51@220; EXTRA LEGROOM ROWS:0/11@220,1019904-95174-ob5bpq-1019904
Udaipur,rajasthan,PVR,"INOX Lake City Mall, Ashok Nagar, Udaipur",1019904,313001,SCREEN 4,2D,2026-10-02T12:35,Available,201,201,0,0,CLASSIC ROWS:0/32@99; PRIME ROWS:0/107@210; PRIME PLUS ROWS:0/51@230; EXTRA LEGROOM ROWS:0/11@230,1019904-95176-ob5bpq-1019904
Udaipur,rajasthan,PVR,"INOX Lake City Mall, Ashok Nagar, Udaipur",1019904,313001,SCREEN 3,2D,2026-10-02T18:05,Available,212,212,0,0,CLASSIC ROWS:0/33@99; PRIME ROWS:0/105@220; PRIME PLUS ROWS:0/54@240; EXTRA LEGROOM ROWS:0/20@240,1019904-95142-ob5bpq-1019904
Udaipur,rajasthan,PVR,"PVR Celebration Mall, Udaipur",1019902,313001,AUDI 03,2D,2026-10-02T06:30,Available,229,227,2,460,CLASSIC ROWS:0/44@210; PRIME ROWS:2/125@230; EXTRA LEGROOM ROWS:0/21@250; PICTURE PERFECT:0/16@250; PRIME PLUS ROWS:0/11@270; RECLINER ROWS:0/12@380,1019902-22324-ob5bpq-1019902
Udaipur,rajasthan,PVR,"PVR Celebration Mall, Udaipur",1019902,313001,AUDI 01,2D,2026-10-02T15:20,Available,274,274,0,0,CLASSIC ROWS:0/44@220; PRIME ROWS:0/146@240; EXTRA LEGROOM ROWS:0/18@260; PICTURE PERFECT:0/18@260; PRIME PLUS ROWS:0/38@280; RECLINER ROWS:0/10@390,1019902-22321-ob5bpq-1019902
Udaipur,rajasthan,PVR,"INOX Urban Square Mall, Udyog Vihar, Udaipur",1028838,313001,SCREEN 6,2D,2026-10-02T06:35,Available,162,160,2,480,CLASSIC ROWS:0/23@99; PRIME ROWS:0/96@220; PRIME PLUS ROWS:2/27@240; EXTRA LEGROOM ROWS:0/16@240,1028838-28531-ob5bpq-1028838
Udaipur,rajasthan,PVR,"INOX Urban Square Mall, Udyog Vihar, Udaipur",1028838,313001,SCREEN 4,2D,2026-10-02T11:25,Available,158,158,0,0,CLASSIC ROWS:0/24@99; PRIME ROWS:0/90@230; PRIME PLUS ROWS:0/27@250; EXTRA LEGROOM ROWS:0/17@250,1028838-28527-ob5bpq-1028838
Udaipur,rajasthan,PVR,"INOX Urban Square Mall, Udyog Vihar, Udaipur",1028838,313001,SCREEN 1,2D,2026-10-02T17:25,Available,117,117,0,0,CLASSIC ROWS:0/22@99; PRIME ROWS:0/65@240; PRIME PLUS ROWS:0/30@260,1028838-28518-ob5bpq-1028838
Mysuru,karnataka,PVR,"PVR Nexus Mall Centre City, Hyderali Road, Mysuru",1024988,570010,AUDI 03,2D,2026-10-02T10:45,Available,142,135,7,1600,CLASSIC ROWS:0/28@200; CLASSIC PLUS ROWS:5/70@220; PRIME ROWS:2/44@250,1024988-28833-ob5bpq-1024988
Trivandrum,kerala,PVR,"PVR LULU, Lulu International Shopping Mall, Trivandrum",1022295,695029,AUDI 12,2D,2026-10-02T16:50,Available,38,38,0,0,LUXE:0/24@600; LUXE PRIME:0/14@700,1022295-59483-ob5bpq-1022295
Noida,uttar-pradesh,Mukta A2,"1 Cinemas, Spectrum Metro Mall, Noida",1102440,201301,SCREEN 5,2D,2026-10-02T07:00,Available,123,123,0,0,PLATINUM:0/123@300,1102440-1879-ob5bpq-1102440
Noida,uttar-pradesh,Mukta A2,"1 Cinemas, Spectrum Metro Mall, Noida",1102440,201301,SCREEN 4,2D,2026-10-02T09:30,Available,114,114,0,0,PLATINUM:0/114@300,1102440-1874-ob5bpq-1102440
Noida,uttar-pradesh,Mukta A2,"1 Cinemas, Spectrum Metro Mall, Noida",1102440,201301,SCREEN 5,2D,2026-10-02T12:50,Available,133,133,0,0,PLATINUM:0/133@320,1102440-1881-ob5bpq-1102440
Noida,uttar-pradesh,Mukta A2,"1 Cinemas, Spectrum Metro Mall, Noida",1102440,201301,SCREEN 5,2D,2026-10-02T15:40,Available,134,134,0,0,PLATINUM:0/134@320,1102440-1882-ob5bpq-1102440
Noida,uttar-pradesh,Mukta A2,"1 Cinemas, Spectrum Metro Mall, Noida",1102440,201301,SCREEN 5,2D,2026-10-02T18:25,Available,136,136,0,0,PLATINUM:0/136@320,1102440-1883-ob5bpq-1102440
Noida,uttar-pradesh,MovieMax,"MovieMax Laserplex Gulshan One 29 Mall, Noida",58725,201301,SCREEN5,2D,2026-10-02T03:30,Available,181,181,0,0,CLUB:0/32@360; PRIME:0/80@380; EXECUTIVE:0/54@380; MAX RECLINER:0/15@840,58725-45320-ob5bpq-58725
Noida,uttar-pradesh,MovieMax,"MovieMax Laserplex Gulshan One 29 Mall, Noida",58725,201301,SCREEN5,2D,2026-10-02T06:15,Available,181,171,10,7180,CLUB:0/32@350; PRIME:2/80@370; EXECUTIVE:2/54@370; MAX RECLINER:6/15@950,58725-45312-ob5bpq-58725
Noida,uttar-pradesh,MovieMax,"MovieMax Laserplex Gulshan One 29 Mall, Noida",58725,201301,SCREEN5,2D,2026-10-02T12:00,Available,181,181,0,0,CLUB:0/32@350; PRIME:0/80@370; EXECUTIVE:0/54@370; MAX RECLINER:0/15@950,58725-45313-ob5bpq-58725
Noida,uttar-pradesh,MovieMax,"MovieMax Laserplex Gulshan One 29 Mall, Noida",58725,201301,SCREEN5,2D,2026-10-02T18:00,Available,181,181,0,0,CLUB:0/32@350; PRIME:0/80@370; EXECUTIVE:0/54@370; MAX RECLINER:0/15@950,58725-45314-ob5bpq-58725
Noida,uttar-pradesh,MovieMax,"MovieMax Edition (Luxe),  Rcube Monad Mall, Noida",1039974,201303,BROADWAY,2D,2026-10-02T10:15,Available,60,54,6,5100,RECLINER:6/60@850,1039974-18113-ob5bpq-1039974
Noida,uttar-pradesh,PVR,"PVR Superplex Logix, Sector 32, Noida",1024414,201301,AUDI 01,2D,2026-10-02T03:50,Available,76,74,2,398,CLASSIC:2/76@199,1024414-76286-ob5bpq-1024414
Noida,uttar-pradesh,PVR,"PVR Superplex Logix, Sector 32, Noida",1024414,201301,AUDI 01,2D,2026-10-02T06:45,Available,76,54,22,6820,CLASSIC:22/76@310,1024414-76287-ob5bpq-1024414
Noida,uttar-pradesh,PVR,"PVR Superplex Logix, Sector 32, Noida",1024414,201301,AUDI 01,2D,2026-10-02T09:40,Available,76,54,22,6820,CLASSIC:22/76@310,1024414-76288-ob5bpq-1024414
Noida,uttar-pradesh,PVR,"PVR Superplex Logix, Sector 32, Noida",1024414,201301,AUDI 01,2D,2026-10-02T12:35,Available,76,56,20,7400,CLASSIC:20/76@370,1024414-76289-ob5bpq-1024414
Noida,uttar-pradesh,PVR,"PVR Superplex Logix, Sector 32, Noida",1024414,201301,AUDI 01,2D,2026-10-02T15:30,Available,76,76,0,0,CLASSIC:0/76@370,1024414-76290-ob5bpq-1024414
Noida,uttar-pradesh,PVR,"PVR Superplex Logix, Sector 32, Noida",1024414,201301,AUDI 01,2D,2026-10-02T18:25,Available,76,74,2,740,CLASSIC:2/76@370,1024414-76291-ob5bpq-1024414
Noida,uttar-pradesh,PVR,"PVR Gaur City, Gaur City Mall, Greater Noida",1025087,201301,AUDI 09,2D,2026-10-02T03:55,Available,114,86,28,4172,CLASSIC:18/101@149; PRIME:10/13@149,1025087-42492-ob5bpq-1025087
Noida,uttar-pradesh,PVR,"PVR Gaur City, Gaur City Mall, Greater Noida",1025087,201301,AUDI 08,2D,2026-10-02T05:50,Available,193,147,46,10480,CLASSIC:28/159@220; PRIME:18/34@240,1025087-42487-ob5bpq-1025087
Noida,uttar-pradesh,PVR,"PVR Gaur City, Gaur City Mall, Greater Noida",1025087,201301,AUDI 08,2D,2026-10-02T08:45,Available,193,116,77,21720,CLASSIC:43/159@260; PRIME:34/34@310,1025087-42488-ob5bpq-1025087
Noida,uttar-pradesh,PVR,"PVR Gaur City, Gaur City Mall, Greater Noida",1025087,201301,AUDI 08,2D,2026-10-02T11:40,Available,193,131,62,18430,CLASSIC:29/159@260; PRIME:33/34@330,1025087-42489-ob5bpq-1025087
Noida,uttar-pradesh,PVR,"PVR Gaur City, Gaur City Mall, Greater Noida",1025087,201301,AUDI 08,2D,2026-10-02T14:35,Available,193,163,30,8800,CLASSIC:10/159@280; PRIME:20/34@300,1025087-42490-ob5bpq-1025087
Noida,uttar-pradesh,PVR,"PVR Gaur City, Gaur City Mall, Greater Noida",1025087,201301,AUDI 08,2D,2026-10-02T17:30,Available,177,177,0,0,CLASSIC:0/159@280; PRIME:0/18@300,1025087-42491-ob5bpq-1025087
Noida,uttar-pradesh,Rajhans Cinemas,"Rajhans Cinemas, Greater Noida (W), Noida",17667,201308,SCREEN 1,2D,2026-10-02T03:30,Available,151,133,18,2340,MARVEL:0/22@105; ROYAL:0/33@130; EXECUTIVE:18/82@130; RECLINER:0/14@250,17667-54710-ob5bpq-17667
Noida,uttar-pradesh,Rajhans Cinemas,"Rajhans Cinemas, Greater Noida (W), Noida",17667,201308,SCREEN 1,2D,2026-10-02T06:15,Available,151,85,66,11180,MARVEL:0/22@130; ROYAL:2/33@140; EXECUTIVE:51/82@150; RECLINER:13/14@250,17667-54711-ob5bpq-17667
Noida,uttar-pradesh,Rajhans Cinemas,"Rajhans Cinemas, Greater Noida (W), Noida",17667,201308,SCREEN 1,2D,2026-10-02T11:50,Available,151,99,52,9500,MARVEL:0/22@140; ROYAL:0/33@160; EXECUTIVE:46/82@170; RECLINER:6/14@280,17667-54713-ob5bpq-17667
Noida,uttar-pradesh,Rajhans Cinemas,"Rajhans Cinemas, Greater Noida (W), Noida",17667,201308,SCREEN 1,2D,2026-10-02T14:30,Available,151,120,31,6770,MARVEL:0/22@170; ROYAL:3/33@190; EXECUTIVE:24/82@200; RECLINER:4/14@350,17667-54714-ob5bpq-17667
Noida,uttar-pradesh,Rajhans Cinemas,"Rajhans Cinemas, Greater Noida (W), Noida",17667,201308,SCREEN 1,2D,2026-10-02T17:20,Available,151,136,15,3000,MARVEL:0/22@170; ROYAL:0/33@190; EXECUTIVE:15/82@200; RECLINER:0/14@350,17667-54715-ob5bpq-17667
Ghaziabad,uttar-pradesh,PVR,"INOX Shipra Mall, Indirapuram, Ghaziabad",1020698,201014,SCREEN 3,2D,2026-10-02T03:35,Available,224,206,18,3282,CLASSIC:0/105@149; EXECUTIVE:14/90@149; LOUNGE:4/29@299,1020698-45393-ob5bpq-1020698
Ghaziabad,uttar-pradesh,PVR,"INOX Shipra Mall, Indirapuram, Ghaziabad",1020698,201014,SCREEN 3,2D,2026-10-02T14:50,Available,224,216,8,3270,CLASSIC:0/105@270; EXECUTIVE:5/90@300; LOUNGE:3/29@590,1020698-45397-ob5bpq-1020698
Ghaziabad,uttar-pradesh,US Cinemas,"US Cinemas Eros Mall, Indirapuram, Ghaziabad",2608,201010,EMINENCE CUT,2D,2026-10-02T12:25,Available,64,55,9,4300,ROYAL:2/16@400; ROY PLUS:7/48@500,2608-58416-ob5bpq-2608
Ghaziabad,uttar-pradesh,US Cinemas,"US Cinemas Eros Mall, Indirapuram, Ghaziabad",2608,201010,EMINENCE CUT,2D,2026-10-02T18:00,Available,64,55,9,4300,ROYAL:2/16@400; ROY PLUS:7/48@500,2608-58417-ob5bpq-2608
Faridabad,haryana,PVR,"INOX Crown Interiorz Mall, Delhi Mathura Road, Faridabad",1020728,121003,SCREEN 1,2D,2026-10-02T04:25,Available,199,174,25,4952,CLASSIC ROWS:8/32@99; PRIME ROWS:13/112@240; EXTRA LEGROOM ROWS:0/11@260; PICTURE PERFECT:4/32@260; RECLINER ROWS:0/12@510,1020728-94871-ob5bpq-1020728
Faridabad,haryana,PVR,"INOX Crown Interiorz Mall, Delhi Mathura Road, Faridabad",1020728,121003,SCREEN 1,2D,2026-10-02T10:30,Available,211,162,49,11405,CLASSIC ROWS:15/32@99; PRIME ROWS:31/134@290; EXTRA LEGROOM ROWS:0/11@310; PICTURE PERFECT:3/22@310; RECLINER ROWS:0/12@610,1020728-94873-ob5bpq-1020728
Faridabad,haryana,PVR,"INOX Crown Interiorz Mall, Delhi Mathura Road, Faridabad",1020728,121003,SCREEN 1,2D,2026-10-02T16:50,Available,199,199,0,0,CLASSIC ROWS:0/32@99; PRIME ROWS:0/112@290; EXTRA LEGROOM ROWS:0/11@310; PICTURE PERFECT:0/32@310; RECLINER ROWS:0/12@610,1020728-94875-ob5bpq-1020728
Ghaziabad,uttar-pradesh,PVR,"PVR Opulent, The Opulent Mall, Ghaziabad",1036404,201001,AUDI 2,2D,2026-10-02T03:35,Available,216,187,29,5371,CLASSIC:0/104@149; PRIME:22/102@149; RECLINER:7/10@299,1036404-11077-ob5bpq-1036404
Ghaziabad,uttar-pradesh,PVR,"PVR Opulent, The Opulent Mall, Ghaziabad",1036404,201001,AUDI 2,2D,2026-10-02T14:50,Available,194,190,4,960,CLASSIC:0/104@220; PRIME:4/85@240; RECLINER:0/5@370,1036404-11081-ob5bpq-1036404
Greater Noida,uttar-pradesh,PVR,"INOX Omaxe Connaught Place Mall, Greater Noida",1029331,201308,SCREEN 2,2D,2026-10-02T06:55,Available,206,180,26,7770,CLUB:0/85@220; ROYAL:17/105@240; ROYAL RECLINER:9/16@410,1029331-78857-ob5bpq-1029331
Greater Noida,uttar-pradesh,PVR,"INOX Omaxe Connaught Place Mall, Greater Noida",1029331,201308,SCREEN 2,2D,2026-10-02T12:45,Available,191,189,2,500,CLUB:0/85@230; ROYAL:2/95@250; ROYAL RECLINER:0/11@430,1029331-78859-ob5bpq-1029331
Greater Noida,uttar-pradesh,PVR,"INOX Omaxe Connaught Place Mall, Greater Noida",1029331,201308,SCREEN 2,2D,2026-10-02T15:35,Available,191,189,2,860,CLUB:0/85@230; ROYAL:0/95@250; ROYAL RECLINER:2/11@430,1029331-78860-ob5bpq-1029331
Greater Noida,uttar-pradesh,miraj,"Miraj Cinemas : India Expo Plaza, Greater Noida",1102182,201310,SCREEN1,2D,2026-10-02T03:30,Available,88,88,0,0,LOUNGER:0/9@200; CLASSIC:0/79@200,1102182-4541-ob5bpq-1102182
Greater Noida,uttar-pradesh,miraj,"Miraj Cinemas : India Expo Plaza, Greater Noida",1102182,201310,SCREEN4,2D,2026-10-02T06:45,Available,71,69,2,460,LOUNGER:0/6@230; CLASSIC:2/65@230,1102182-4539-ob5bpq-1102182
Greater Noida,uttar-pradesh,miraj,"Miraj Cinemas : India Expo Plaza, Greater Noida",1102182,201310,SCREEN4,2D,2026-10-02T12:30,Available,71,71,0,0,LOUNGER:0/6@230; CLASSIC:0/65@230,1102182-4540-ob5bpq-1102182
Faridabad,haryana,Cinepolis,"Cinepolis City Life Mall, Faridabad",1102526,121003,SCREEN 03,2D,2026-10-02T12:25,Available,110,86,24,6840,NORMAL:0/11@200; EXECUTIVE:0/26@240; PREMIUM:22/64@260; RECLINER:2/9@560,1102526-64-ob5bpq-1102526
Faridabad,haryana,Cinepolis,"Cinepolis City Life Mall, Faridabad",1102526,121003,SCREEN 03,2D,2026-10-02T18:10,Available,110,105,5,1300,NORMAL:0/11@200; EXECUTIVE:0/26@240; PREMIUM:5/64@260; RECLINER:0/9@560,1102526-66-ob5bpq-1102526
Ghaziabad,uttar-pradesh,miraj,"Miraj Cinemas : ATS Khyber Range Mall, Ghaziabad",1102445,201002,SCREEN1,2D,2026-10-02T03:30,Available,110,110,0,0,SILVER:0/22@180; GOLD:0/88@200,1102445-932-ob5bpq-1102445
Ghaziabad,uttar-pradesh,miraj,"Miraj Cinemas : ATS Khyber Range Mall, Ghaziabad",1102445,201002,SCREEN3,2D,2026-10-02T06:45,Available,107,105,2,440,SILVER:0/30@200; GOLD:2/77@220,1102445-939-ob5bpq-1102445
Ghaziabad,uttar-pradesh,miraj,"Miraj Cinemas : ATS Khyber Range Mall, Ghaziabad",1102445,201002,SCREEN3,2D,2026-10-02T12:30,Available,107,107,0,0,SILVER:0/30@220; GOLD:0/77@240,1102445-941-ob5bpq-1102445
Greater Noida,uttar-pradesh,Wave,"Wave Cinemas iThum Mall, Greater Noida",1102164,201310,AUDI 3,2D,2026-10-02T06:30,Available,141,118,23,5380,CLASSIC:7/77@220; PREMIUM:16/64@240,1102164-4396-ob5bpq-1102164
Greater Noida,uttar-pradesh,Wave,"Wave Cinemas iThum Mall, Greater Noida",1102164,201310,AUDI 3,2D,2026-10-02T12:00,Available,141,121,20,4800,CLASSIC:0/77@220; PREMIUM:20/64@240,1102164-4398-ob5bpq-1102164
Greater Noida,uttar-pradesh,Wave,"Wave Cinemas iThum Mall, Greater Noida",1102164,201310,AUDI 3,2D,2026-10-02T17:30,Available,141,125,16,3840,CLASSIC:0/77@220; PREMIUM:16/64@240,1102164-4400-ob5bpq-1102164
Ghaziabad,uttar-pradesh,Wave,"Wave Cinemas, Raj Nagar",1040868,201002,AUDI 3,2D,2026-10-02T06:30,Available,198,194,4,960,CLASSIC:4/198@240,1040868-89217-ob5bpq-1040868
Ghaziabad,uttar-pradesh,Wave,"Wave Cinemas, Raj Nagar",1040868,201002,AUDI 3,2D,2026-10-02T12:00,Available,198,198,0,0,CLASSIC:0/198@240,1040868-89219-ob5bpq-1040868
Ghaziabad,uttar-pradesh,Wave,"Wave Cinemas, Raj Nagar",1040868,201002,AUDI 3,2D,2026-10-02T17:30,Available,198,198,0,0,CLASSIC:0/198@240,1040868-89221-ob5bpq-1040868
Ghaziabad,uttar-pradesh,miraj,"Miraj Cinemas : M4U, Sahibabad",2719,201006,SCREEN 3,2D,2026-10-02T03:45,Available,181,176,5,750,SPECIAL:0/65@130; EXECUTIVE:5/116@150,2719-50018-ob5bpq-2719
Ghaziabad,uttar-pradesh,miraj,"Miraj Cinemas : M4U, Sahibabad",2719,201006,SCREEN 3,2D,2026-10-02T15:00,Available,181,179,2,380,SPECIAL:0/65@170; EXECUTIVE:2/116@190,2719-50022-ob5bpq-2719
Greater Noida,uttar-pradesh,MSX Cinemas,"MSX Cinemas, Greater Noida",1092168,201310,SCREEN 5,2D,2026-10-02T04:50,Filling Fast,124,16,108,17920,CLUB:76/92@160; ROYAL:32/32@180,1092168-35117__1790916600__482__2072819-ob5bpq-1092168
Greater Noida,uttar-pradesh,MSX Cinemas,"MSX Cinemas, Greater Noida",1092168,201310,SCREEN 5,2D,2026-10-02T10:50,Filling Fast,124,22,102,19000,CLUB:70/92@180; ROYAL:32/32@200,1092168-35117__1790938200__482__2072830-ob5bpq-1092168
Greater Noida,uttar-pradesh,MSX Cinemas,"MSX Cinemas, Greater Noida",1092168,201310,SCREEN 5,2D,2026-10-02T17:10,Filling Fast,124,24,100,18640,CLUB:68/92@180; ROYAL:32/32@200,1092168-35117__1790961000__482__2072825-ob5bpq-1092168
Greater Noida,uttar-pradesh,Cinepolis,"Cinepolis The Grand Venice Mall, Near Pari Chowk, Greater Noida",1410,201308,SCREEN 3,2D,2026-10-02T08:05,Available,140,63,77,20960,NORMAL:4/12@240; EXECUTIVE:4/35@260; PREMIUM:58/77@270; PREMIUM XL:11/16@300,1410-7782-ob5bpq-1410
Greater Noida,uttar-pradesh,Cinepolis,"Cinepolis The Grand Venice Mall, Near Pari Chowk, Greater Noida",1410,201308,SCREEN 3,2D,2026-10-02T14:20,Available,140,124,16,4000,NORMAL:0/12@220; EXECUTIVE:0/35@240; PREMIUM:16/77@250; PREMIUM XL:0/16@280,1410-7779-ob5bpq-1410
Greater Noida,uttar-pradesh,Cinepolis,"Cinepolis The Grand Venice Mall, Near Pari Chowk, Greater Noida",1410,201308,SCREEN 3,2D,2026-10-02T17:20,Available,140,127,13,3250,NORMAL:0/12@220; EXECUTIVE:0/35@240; PREMIUM:13/77@250; PREMIUM XL:0/16@280,1410-7780-ob5bpq-1410
Faridabad,haryana,PVR,"INOX EF3 Mall, Mathura Road, Faridabad",1020729,121001,SCREEN 1,2D,2026-10-02T12:35,Available,193,156,37,6642,EXECUTIVE ROWS:8/24@99; CLASSIC ROWS:12/96@190; EXTRA LEGROOM ROWS:2/14@210; PICTURE PERFECT:2/24@210; PRIME ROWS:13/35@210,1020729-67146-ob5bpq-1020729
Gurgaon,haryana,Movietime,"Movietime Cinemas, Celebration Mall, Gurugram",1040589,122101,AUDI 2,2D,2026-10-02T09:50,Available,282,282,0,0,SILVER:0/161@160; GOLD:0/85@180; EXTRA LEGSPACE:0/17@200; RECLINER:0/19@300,1040589-19570-ob5bpq-1040589
Gurgaon,haryana,Cinepolis,"Cinepolis The Esplanade, Gurugram",52071,122001,SCREEN 04,2D,2026-10-02T03:45,Available,148,135,13,3250,NORMAL:0/10@180; EXECUTIVE:0/30@230; PREMIUM:13/66@250; PREMIUM PLUS:0/28@270; PREMIUM XL:0/14@290,52071-10947-ob5bpq-52071
Gurgaon,haryana,Cinepolis,"Cinepolis The Esplanade, Gurugram",52071,122001,SCREEN 04,2D,2026-10-02T09:35,Available,148,119,29,9140,NORMAL:0/10@230; EXECUTIVE:0/30@280; PREMIUM:16/66@300; PREMIUM PLUS:4/28@320; PREMIUM XL:9/14@340,52071-10949-ob5bpq-52071
Gurgaon,haryana,Cinepolis,"Cinepolis The Esplanade, Gurugram",52071,122001,SCREEN 04,2D,2026-10-02T14:50,Available,148,143,5,1500,NORMAL:0/10@210; EXECUTIVE:0/30@260; PREMIUM:5/66@300; PREMIUM PLUS:0/28@320; PREMIUM XL:0/14@340,52071-10950-ob5bpq-52071
Gurgaon,haryana,Cinepolis,"Cinepolis The Esplanade, Gurugram",52071,122001,SCREEN 04,2D,2026-10-02T17:45,Available,148,143,5,1400,NORMAL:0/10@210; EXECUTIVE:0/30@260; PREMIUM:5/66@280; PREMIUM PLUS:0/28@300; PREMIUM XL:0/14@320,52071-10951-ob5bpq-52071
Gurgaon,haryana,NY ,"Devgn CineX (Formerly NY) : Elan Epic, Gurugram",1029765,122001,AUDI 5,2D,2026-10-02T04:15,Available,188,188,0,0,CLASSIC:0/54@240; PRIME:0/118@280; RECLINER:0/16@450,1029765-26512-ob5bpq-1029765
Gurgaon,haryana,NY ,"Devgn CineX (Formerly NY) : Elan Epic, Gurugram",1029765,122001,AUDI 4,2D,2026-10-02T15:00,Available,193,183,10,5500,CLASSIC:0/57@300; PRIME:2/119@350; RECLINER:8/17@600,1029765-26510-ob5bpq-1029765
Gurgaon,haryana,PVR,"INOX Gurugram Ardee Mall, Ardee City, Gurugram",1016455,122003,INSIGNIA 4,2D,2026-10-02T17:25,Available,24,24,0,0,RECLINER:0/12@750; RECLINER PRIME:0/12@950,1016455-46309-ob5bpq-1016455
Gurgaon,haryana,PVR,"INOX AIPL Joy Street, AIPL Joystreet Mall, Gurugram",1016457,122018,SCREEN 3,2D,2026-10-02T03:45,Available,80,78,2,198,CLASSIC ROWS:2/16@99; PRIME ROWS:0/64@240,1016457-54136-ob5bpq-1016457
Gurgaon,haryana,PVR,"INOX AIPL Joy Street, AIPL Joystreet Mall, Gurugram",1016457,122018,SCREEN 3,2D,2026-10-02T08:50,Available,88,47,41,10089,CLASSIC ROWS:11/16@99; PRIME ROWS:30/72@300,1016457-54138-ob5bpq-1016457
Gurgaon,haryana,PVR,"INOX AIPL Joy Street, AIPL Joystreet Mall, Gurugram",1016457,122018,SCREEN 3,2D,2026-10-02T14:30,Available,80,80,0,0,CLASSIC ROWS:0/16@99; PRIME ROWS:0/64@300,1016457-54140-ob5bpq-1016457
Gurgaon,haryana,Rajhans Cinemas,"Rajhans Cinemas, Ocus Medley, Sec-99, Gurugram",1102256,122505,SCREEN1,2D,2026-10-02T08:30,Available,134,114,20,5280,ROYAL:0/24@220; LOUNGER:0/10@230; EXECUTIVE:16/84@230; RECLINER:4/16@400,1102256-3326-ob5bpq-1102256
Gurgaon,haryana,Rajhans Cinemas,"Rajhans Cinemas, Ocus Medley, Sec-99, Gurugram",1102256,122505,SCREEN1,2D,2026-10-02T17:15,Available,134,122,12,3480,ROYAL:0/24@270; LOUNGER:0/10@290; EXECUTIVE:12/84@290; RECLINER:0/16@400,1102256-3329-ob5bpq-1102256
Gurgaon,haryana,PVR,"PVR Elan Miracle, Sec 84, Gurugram",1056359,122004,SCREEN 3,2D,2026-10-02T03:55,Available,128,128,0,0,CLASSIC ROWS:0/26@220; PRIME ROWS:0/72@270; PICTURE PERFECT:0/18@290; RECLINER ROWS:0/12@410,1056359-17034-ob5bpq-1056359
Gurgaon,haryana,PVR,"PVR Elan Miracle, Sec 84, Gurugram",1056359,122004,SCREEN 3,2D,2026-10-02T09:35,Available,150,136,14,6140,CLASSIC ROWS:0/26@310; PRIME ROWS:6/94@330; PICTURE PERFECT:0/18@350; RECLINER ROWS:8/12@520,1056359-17036-ob5bpq-1056359
Gurgaon,haryana,PVR,"PVR Elan Miracle, Sec 84, Gurugram",1056359,122004,SCREEN 3,2D,2026-10-02T18:25,Available,128,128,0,0,CLASSIC ROWS:0/26@310; PRIME ROWS:0/72@330; PICTURE PERFECT:0/18@350; RECLINER ROWS:0/12@500,1056359-17091-ob5bpq-1056359
Gurgaon,haryana,PVR,"INOX World Mark, Sector 65, Gurugram",1016459,122001,SCREEN 4,2D,2026-10-02T07:00,Available,144,126,18,8920,CLASSIC ROWS:0/26@310; CLASSIC PLUS ROWS:0/65@350; PRIME ROWS:10/29@380; EXTRA LEGROOM ROWS:0/16@400; RECLINER ROWS:8/8@640,1016459-48192-ob5bpq-1016459
Gurgaon,haryana,Wave,"Wave Cinemas, Gurugram",1039102,122102,AUDI 4,2D,2026-10-02T05:30,Available,144,144,0,0,CLASSIC:0/48@200; PREMIUM:0/96@250,1039102-38583-ob5bpq-1039102
Gurgaon,haryana,Wave,"Wave Cinemas, Gurugram",1039102,122102,AUDI 4,2D,2026-10-02T11:05,Available,144,144,0,0,CLASSIC:0/48@250; PREMIUM:0/96@290,1039102-38577-ob5bpq-1039102
Gurgaon,haryana,Wave,"Wave Cinemas, Gurugram",1039102,122102,AUDI 4,2D,2026-10-02T13:55,Available,144,142,2,580,CLASSIC:0/48@250; PREMIUM:2/96@290,1039102-38574-ob5bpq-1039102
Gurgaon,haryana,PVR,"PVR Elan Town Centre, Sec 67, Gurugram",1018965,122101,SCREEN 3,2D,2026-10-02T04:45,Available,95,93,2,598,CLASSIC ROWS:0/36@149; PRIME ROWS:0/14@149; EXTRA LEGROOM ROWS:0/22@169; PICTURE PERFECT:0/8@169; RECLINER ROWS:2/15@299,1018965-22048-ob5bpq-1018965
Gurgaon,haryana,PVR,"PVR Elan Town Centre, Sec 67, Gurugram",1018965,122101,SCREEN 3,2D,2026-10-02T10:50,Available,95,82,13,4390,CLASSIC ROWS:0/36@240; PRIME ROWS:0/14@260; EXTRA LEGROOM ROWS:8/22@280; PICTURE PERFECT:0/8@280; RECLINER ROWS:5/15@430,1018965-22050-ob5bpq-1018965
Gurgaon,haryana,Cinepolis,"Cinepolis Airia Mall, Sohna Road, Gurugram",10262,122103,AUDI 6,2D,2026-10-02T03:30,Available,134,129,5,1200,NORMAL:0/15@200; EXECUTIVE:0/48@220; PREMIUM:5/64@240; RECLINER:0/7@600,10262-14634-ob5bpq-10262
Gurgaon,haryana,Cinepolis,"Cinepolis Airia Mall, Sohna Road, Gurugram",10262,122103,AUDI 6,2D,2026-10-02T09:05,Available,135,114,21,9120,NORMAL:0/15@280; EXECUTIVE:0/48@300; PREMIUM:16/64@320; RECLINER:5/8@800,10262-14636-ob5bpq-10262
Gurgaon,haryana,Cinepolis,"Cinepolis Airia Mall, Sohna Road, Gurugram",10262,122103,AUDI 6,2D,2026-10-02T15:25,Available,134,122,12,4800,NORMAL:0/15@280; EXECUTIVE:0/48@300; PREMIUM:10/64@320; RECLINER:2/7@800,10262-14638-ob5bpq-10262
Gurgaon,haryana,Cinepolis,"Cinepolis Airia Mall, Sohna Road, Gurugram",10262,122103,AUDI 6,2D,2026-10-02T18:25,Available,134,129,5,1600,NORMAL:0/15@280; EXECUTIVE:0/48@300; PREMIUM:5/64@320; RECLINER:0/7@800,10262-14639-ob5bpq-10262
Gurgaon,haryana,miraj,"Miraj Cinemas : KLJ Square, Gurugram",1075096,122004,SCREEN 3,2D,2026-10-02T09:00,Available,72,72,0,0,EXECUTIVE:0/60@250; SOFA:0/12@250,1075096-8640-ob5bpq-1075096
Gurgaon,haryana,miraj,"Miraj Cinemas : KLJ Square, Gurugram",1075096,122004,SCREEN 3,2D,2026-10-02T15:00,Available,72,72,0,0,EXECUTIVE:0/60@250; SOFA:0/12@250,1075096-8642-ob5bpq-1075096
Gurgaon,haryana,PVR,"PVR City Centre, DLF City Centre Mall, Gurugram",1018939,122002,SCREEN 3,2D,2026-10-02T17:45,Available,146,141,5,1500,CLASSIC ROWS:0/40@99; PRIME ROWS:5/81@300; EXTRA LEGROOM ROWS:0/13@320; RECLINER ROWS:0/12@440,1018939-17289-ob5bpq-1018939
Gurgaon,haryana,PVR,"HDFC Millennia PVR MGF, Gurugram",1019635,122002,SCREEN 7,2D,2026-10-02T03:45,Available,153,86,67,10463,CLASSIC ROWS:0/33@149; PRIME ROWS:59/91@149; PICTURE PERFECT:4/21@169; RECLINER ROWS:4/8@249,1019635-40599-ob5bpq-1019635
Gurgaon,haryana,PVR,"HDFC Millennia PVR MGF, Gurugram",1019635,122002,SCREEN 7,2D,2026-10-02T11:45,Available,119,98,21,11000,CLASSIC ROWS:0/33@370; PRIME ROWS:17/57@480; PICTURE PERFECT:0/21@500; RECLINER ROWS:4/8@710,1019635-40602-ob5bpq-1019635
Gurgaon,haryana,PVR,"HDFC Millennia PVR MGF, Gurugram",1019635,122002,SCREEN 7,2D,2026-10-02T17:25,Available,119,119,0,0,CLASSIC ROWS:0/33@400; PRIME ROWS:0/57@510; PICTURE PERFECT:0/21@530; RECLINER ROWS:0/8@680,1019635-40604-ob5bpq-1019635
Gurgaon,haryana,PVR,"INOX Gurugram Sapphire 83,  Sapphire Mall, Gurugram",1016458,122004,SCREEN 3,2D,2026-10-02T07:55,Available,186,175,11,1639,CLASSIC ROWS:0/45@149; EXTRA LEGROOM ROWS:0/11@149; PICTURE PERFECT:0/18@149; PRIME ROWS:11/104@149; RECLINER ROWS:0/8@299,1016458-42777-ob5bpq-1016458
Gurgaon,haryana,MovieMax,"Moviemax: Sector 56, Metro World Mall, Gurugram",1102431,122011,SCREEN 3,2D,2026-10-02T15:30,Available,138,138,0,0,PRIME:0/86@280; EXECUTIVE:0/42@280; MAX RECLINER:0/10@480,1102431-1061-ob5bpq-1102431
Gurgaon,haryana,Skylit Cinema,"Skylit Cinemas, Sahara Mall, Gurugram",1039765,122002,SCREEN 1,2D,2026-10-02T06:35,Available,300,300,0,0,PLATINUM:0/100@249; PLATINUM LEGROOM:0/100@249; GOLD:0/100@249,1039765-64631-ob5bpq-1039765
Gurgaon,haryana,PVR,"PVR Mega Mall, Golf Course Road, Gurugram",1019603,122002,SCREEN 3,2D,2026-10-02T03:35,Available,90,90,0,0,CLASSIC ROWS:0/39@199; PICTURE PERFECT:0/18@199; PRIME ROWS:0/33@199,1019603-16744-ob5bpq-1019603
Gurgaon,haryana,Cinepolis,"Cinepolis Grand View High Street, Gurugram",1067859,122102,SCREEN 04,2D,2026-10-02T15:10,Available,158,152,6,2040,NORMAL:0/13@280; EXECUTIVE:0/45@320; PREMIUM:6/72@340; PREMIUM XL:0/16@360; RECLINER:0/12@560,1067859-8113-ob5bpq-1067859
Gurgaon,haryana,PVR,"INOX Iris Broadways, Sector 85, Gurugram",1019227,122004,SCREEN 2,2D,2026-10-02T16:25,Available,143,143,0,0,CLASSIC ROWS:0/30@99; PRIME PLUS ROWS:0/38@149; PICTURE PERFECT:0/18@149; PRIME ROWS:0/57@149,1019227-15508-ob5bpq-1019227
Gurgaon,haryana,MovieMax,"MovieMax Ansal Plaza, Gurugram",1016377,122017,SCREEN3,2D,2026-10-02T15:45,Available,183,181,2,380,EXECUTIVE:0/64@170; PREMIUM:2/103@190; CLUB:0/16@210,1016377-19448-ob5bpq-1016377
Gurgaon,haryana,PVR,"PVR Elan Mercado, Sector 80, Gurugram",1016452,122052,SCREEN 4,2D,2026-10-02T05:10,Available,98,94,4,676,CLASSIC ROWS:0/46@149; PRIME ROWS:0/14@149; EXTRA LEGROOM ROWS:3/16@169; PICTURE PERFECT:1/12@169; RECLINER ROWS:0/10@299,1016452-28357-ob5bpq-1016452
Gurgaon,haryana,PVR,"PVR Elan Mercado, Sector 80, Gurugram",1016452,122052,SCREEN 4,2D,2026-10-02T10:30,Available,116,88,28,5402,CLASSIC ROWS:0/52@149; PRIME ROWS:12/26@149; EXTRA LEGROOM ROWS:6/16@169; PICTURE PERFECT:3/12@169; RECLINER ROWS:7/10@299,1016452-28359-ob5bpq-1016452
Gurgaon,haryana,PVR,"PVR Elan Mercado, Sector 80, Gurugram",1016452,122052,SCREEN 4,2D,2026-10-02T16:30,Available,98,98,0,0,CLASSIC ROWS:0/46@149; PRIME ROWS:0/14@149; EXTRA LEGROOM ROWS:0/16@169; PICTURE PERFECT:0/12@169; RECLINER ROWS:0/10@299,1016452-28389-ob5bpq-1016452
Gurgaon,haryana,PVR,"INOX Sapphire 90 Mall, Sector 90, Gurugram",1016456,122505,SCREEN 2,2D,2026-10-02T07:55,Available,177,141,36,6564,CLASSIC ROWS:10/76@149; EXECUTIVE ROWS:0/32@149; PICTURE PERFECT:2/16@149; PRIME ROWS:16/42@149; RECLINER ROWS:8/11@299,1016456-39982-ob5bpq-1016456
Gurgaon,haryana,PVR,"INOX Sapphire 90 Mall, Sector 90, Gurugram",1016456,122505,SCREEN 2,2D,2026-10-02T14:15,Available,153,148,5,745,CLASSIC ROWS:3/60@149; EXECUTIVE ROWS:0/32@149; PICTURE PERFECT:0/16@149; PRIME ROWS:2/34@149; RECLINER ROWS:0/11@299,1016456-39984-ob5bpq-1016456
Gurgaon,haryana,PVR,"Pepsi PVR Ambience, Ambience Mall, Gurugram",1022302,122001,AUDI 13,2D,2026-10-02T03:40,Available,121,111,10,3050,CLASSIC:3/64@240; PRIME:2/31@290; PICTURE PERFECT:5/26@350,1022302-56292-ob5bpq-1022302
Gurgaon,haryana,PVR,"Pepsi PVR Ambience, Ambience Mall, Gurugram",1022302,122001,AUDI 13,2D,2026-10-02T09:35,Available,121,104,17,7800,CLASSIC:6/64@370; PRIME:8/31@480; PICTURE PERFECT:3/26@580,1022302-56294-ob5bpq-1022302
Gurgaon,haryana,PVR,"Pepsi PVR Ambience, Ambience Mall, Gurugram",1022302,122001,AUDI 13,2D,2026-10-02T14:55,Available,121,119,2,800,CLASSIC:2/64@400; PRIME:0/31@510; PICTURE PERFECT:0/26@610,1022302-56296-ob5bpq-1022302
Gurgaon,haryana,PVR,"Pepsi PVR Ambience, Ambience Mall, Gurugram",1022302,122001,AUDI 13,2D,2026-10-02T17:50,Available,121,121,0,0,CLASSIC:0/64@400; PRIME:0/31@510; PICTURE PERFECT:0/26@610,1022302-56297-ob5bpq-1022302
New Delhi,delhi,PVR,"PVR Pacific D21, Dwarka, New Delhi",1022287,110077,AUDI 04,2D,2026-10-02T06:20,Filling Fast,81,30,51,15210,CLASSIC ROWS:20/42@280; PRIME ROWS:31/39@310,1022287-30574-ob5bpq-1022287
New Delhi,delhi,PVR,"PVR Pacific D21, Dwarka, New Delhi",1022287,110077,AUDI 04,2D,2026-10-02T12:10,Available,81,55,26,9880,CLASSIC ROWS:0/42@330; PRIME ROWS:26/39@380,1022287-30576-ob5bpq-1022287
New Delhi,delhi,PVR,"PVR Pacific D21, Dwarka, New Delhi",1022287,110077,AUDI 04,2D,2026-10-02T18:00,Available,67,67,0,0,CLASSIC ROWS:0/42@370; PRIME ROWS:0/25@420,1022287-30578-ob5bpq-1022287
New Delhi,delhi,Cinepolis,"Cinepolis Unity City Centre, Dwarka",1102253,110078,SCREEN 04,2D,2026-10-02T09:05,Available,129,76,53,18840,NORMAL:0/11@280; EXECUTIVE:0/22@310; PREMIUM:48/77@330; RECLINER:5/19@600,1102253-6131-ob5bpq-1102253
New Delhi,delhi,Cinepolis,"Cinepolis Unity City Centre, Dwarka",1102253,110078,SCREEN 04,2D,2026-10-02T12:00,Available,129,104,25,9060,NORMAL:0/11@280; EXECUTIVE:0/22@310; PREMIUM:22/77@330; RECLINER:3/19@600,1102253-6134-ob5bpq-1102253
New Delhi,delhi,Cinepolis,"Cinepolis Unity City Centre, Dwarka",1102253,110078,SCREEN 04,2D,2026-10-02T18:00,Available,129,124,5,1650,NORMAL:0/11@280; EXECUTIVE:0/22@310; PREMIUM:5/77@330; RECLINER:0/19@600,1102253-6135-ob5bpq-1102253
New Delhi,delhi,PVR,"PVR Vegas, Dwarka, New Delhi",1022286,110078,AUDI 10,2D,2026-10-02T03:40,Available,164,79,85,16915,CLASSIC ROWS:38/112@199; PRIME ROWS:47/52@199,1022286-63085-ob5bpq-1022286
New Delhi,delhi,PVR,"PVR Vegas, Dwarka, New Delhi",1022286,110078,AUDI 10,2D,2026-10-02T06:35,Available,164,119,45,19370,CLASSIC ROWS:11/112@370; PRIME ROWS:34/52@450,1022286-63086-ob5bpq-1022286
New Delhi,delhi,PVR,"PVR Vegas, Dwarka, New Delhi",1022286,110078,AUDI 10,2D,2026-10-02T09:30,Available,164,110,54,22700,CLASSIC ROWS:20/112@370; PRIME ROWS:34/52@450,1022286-63087-ob5bpq-1022286
New Delhi,delhi,PVR,"PVR Vegas, Dwarka, New Delhi",1022286,110078,AUDI 10,2D,2026-10-02T12:25,Available,150,126,24,9480,CLASSIC ROWS:12/112@370; PRIME ROWS:12/38@420,1022286-63088-ob5bpq-1022286
New Delhi,delhi,PVR,"PVR Vegas, Dwarka, New Delhi",1022286,110078,AUDI 10,2D,2026-10-02T15:20,Available,150,145,5,2550,CLASSIC ROWS:0/112@470; PRIME ROWS:5/38@510,1022286-63089-ob5bpq-1022286
New Delhi,delhi,PVR,"PVR Vegas, Dwarka, New Delhi",1022286,110078,AUDI 10,2D,2026-10-02T18:15,Available,150,150,0,0,CLASSIC ROWS:0/112@470; PRIME ROWS:0/38@510,1022286-63090-ob5bpq-1022286
New Delhi,delhi,PVR,"INOX Janak Place, District Centre, New Delhi",1018956,110058,SCREEN 2,2D,2026-10-02T04:50,Available,286,202,84,12516,CLUB:53/115@149; EXECUTIVE:3/138@149; ROYAL:28/33@149,1018956-92869-ob5bpq-1018956
New Delhi,delhi,PVR,"INOX Janak Place, District Centre, New Delhi",1018956,110058,SCREEN 2,2D,2026-10-02T07:45,Available,286,217,69,21330,EXECUTIVE:19/138@280; CLUB:33/115@310; ROYAL:17/33@340,1018956-92837-ob5bpq-1018956
New Delhi,delhi,PVR,"INOX Janak Place, District Centre, New Delhi",1018956,110058,SCREEN 2,2D,2026-10-02T14:05,Available,275,265,10,3540,EXECUTIVE:0/138@310; CLUB:6/109@350; ROYAL:4/28@360,1018956-92839-ob5bpq-1018956
New Delhi,delhi,PVR,"PVR Vikaspuri, Virjanand Marg, New Delhi",1018964,110018,SCREEN 3,2D,2026-10-02T03:40,Available,167,77,90,13410,CLASSIC ROWS:0/42@149; CLASSIC PLUS ROWS:53/84@149; PRIME ROWS:37/41@149,1018964-17737-ob5bpq-1018964
New Delhi,delhi,PVR,"PVR Vikaspuri, Virjanand Marg, New Delhi",1018964,110018,SCREEN 3,2D,2026-10-02T15:10,Available,167,134,33,10500,CLASSIC ROWS:0/42@149; CLASSIC PLUS ROWS:6/84@310; PRIME ROWS:27/41@320,1018964-17741-ob5bpq-1018964
Ghaziabad,uttar-pradesh,PVR,"PVR VVIP, Raj Nagar Extension, Ghaziabad",1020701,201001,AUDI 03,2D,2026-10-02T03:30,Available,151,151,0,0,CLASSIC:0/94@149; CLASSIC PLUS:0/45@149; PRIME:0/12@149,1020701-16408-ob5bpq-1020701
Ghaziabad,uttar-pradesh,PVR,"PVR VVIP, Raj Nagar Extension, Ghaziabad",1020701,201001,AUDI 03,2D,2026-10-02T15:00,Available,151,151,0,0,CLASSIC:0/94@210; CLASSIC PLUS:0/45@230; PRIME:0/12@310,1020701-16412-ob5bpq-1020701
Ghaziabad,uttar-pradesh,PVR,"PVR VVIP, Raj Nagar Extension, Ghaziabad",1020701,201001,AUDI 03,2D,2026-10-02T17:50,Available,151,151,0,0,CLASSIC:0/94@210; CLASSIC PLUS:0/45@230; PRIME:0/12@310,1020701-16436-ob5bpq-1020701
Ghaziabad,uttar-pradesh,NY ,Devgn CineX (Formerly NY) : Ghaziabad,1101451,201017,AUDI 4,2D,2026-10-02T05:00,Available,162,148,14,2660,CLASSIC:0/45@170; PRIME:14/102@190; RECLINER:0/15@400,1101451-8885-ob5bpq-1101451
Ghaziabad,uttar-pradesh,NY ,Devgn CineX (Formerly NY) : Ghaziabad,1101451,201017,AUDI 4,2D,2026-10-02T13:00,Available,162,139,23,4960,CLASSIC:2/45@170; PRIME:18/102@190; RECLINER:3/15@400,1101451-8888-ob5bpq-1101451
Ghaziabad,uttar-pradesh,Movie Magic,"Movie Magic Cinema, Loni, Ghaziabad",58001,201102,SCREEN 2,2D,2026-10-02T14:35,Filling Fast,310,44,266,36500,SILVER:68/68@100; DIAMOND:132/154@150; GOLD:66/88@150,58001-35117__1790951700__736__2080093-ob5bpq-58001
Faridabad,haryana,Cinepolis,"Cinepolis Pacific, Faridabad",1101471,121001,SCREEN 03,2D,2026-10-02T11:20,Available,125,104,21,5170,NORMAL:0/14@180; EXECUTIVE:2/28@200; PREMIUM:12/53@240; PREMIUM XL:7/20@270; RECLINER:0/10@520,1101471-8083-ob5bpq-1101471
Faridabad,haryana,Cinepolis,"Cinepolis Pacific, Faridabad",1101471,121001,SCREEN 03,2D,2026-10-02T17:20,Available,125,119,6,1440,NORMAL:0/14@180; EXECUTIVE:0/28@200; PREMIUM:6/53@240; PREMIUM XL:0/20@270; RECLINER:0/10@520,1101471-8085-ob5bpq-1101471
Faridabad,haryana,PM Cinemas,"PM Cinemas Parsvnath Manhattan Mall, Faridabad",3803,121003,SCREEN 1,2D,2026-10-02T07:35,Available,144,144,0,0,PREMIER:0/56@150; ROYAL:0/33@150; SILVER:0/55@150,3803-124677-ob5bpq-3803
Faridabad,haryana,PM Cinemas,"PM Cinemas Parsvnath Manhattan Mall, Faridabad",3803,121003,SCREEN 1,2D,2026-10-02T10:10,Available,171,171,0,0,PREMIER:0/56@150; ROYAL:0/53@150; SILVER:0/62@150,3803-124678-ob5bpq-3803
Faridabad,haryana,PM Cinemas,"PM Cinemas Parsvnath Manhattan Mall, Faridabad",3803,121003,SCREEN 1,2D,2026-10-02T15:50,Available,177,177,0,0,PREMIER:0/56@150; ROYAL:0/55@150; SILVER:0/66@150,3803-124679-ob5bpq-3803
Faridabad,haryana,miraj,"Miraj Cinemas : Eldeco Mall, Faridabad",42640,121007,SCREEN 1,2D,2026-10-02T03:40,Available,177,174,3,660,SPECIAL:0/30@200; EXECUTIVE:3/147@220,42640-24539-ob5bpq-42640
Faridabad,haryana,miraj,"Miraj Cinemas : Eldeco Mall, Faridabad",42640,121007,SCREEN 1,2D,2026-10-02T14:45,Available,177,166,11,2200,SPECIAL:11/30@200; EXECUTIVE:0/147@220,42640-24541-ob5bpq-42640
Faridabad,haryana,PVR,"PVR Pebble Downtown, Sector 12, Faridabad",1020741,121007,AUDI 03,2D,2026-10-02T08:10,Available,205,102,103,35230,CLASSIC ROWS:2/32@270; PRIME ROWS:72/128@310; EXTRA LEGROOM ROWS:11/16@350; PICTURE PERFECT:12/16@370; RECLINER ROWS:6/13@680,1020741-22054-ob5bpq-1020741
Faridabad,haryana,PVR,"PVR Pebble Downtown, Sector 12, Faridabad",1020741,121007,AUDI 03,2D,2026-10-02T14:15,Available,205,179,26,11180,CLASSIC ROWS:2/32@270; PRIME ROWS:16/128@290; EXTRA LEGROOM ROWS:0/16@310; PICTURE PERFECT:0/16@330; RECLINER ROWS:8/13@750,1020741-22056-ob5bpq-1020741
Faridabad,haryana,PVR,"PVR Pacific Mall (The Mall of Faridabad NIT), NIT Bus Stand, Faridabad",1023790,121001,AUDI 4,2D,2026-10-02T03:40,Available,103,103,0,0,CLASSIC ROWS:0/22@220; PRIME ROWS:0/63@240; PICTURE PERFECT:0/18@280,1023790-30164-ob5bpq-1023790
Faridabad,haryana,PVR,"PVR Pacific Mall (The Mall of Faridabad NIT), NIT Bus Stand, Faridabad",1023790,121001,AUDI 4,2D,2026-10-02T06:35,Available,132,59,73,24090,CLASSIC ROWS:6/22@270; PRIME ROWS:58/92@330; PICTURE PERFECT:9/18@370,1023790-30118-ob5bpq-1023790
Faridabad,haryana,PVR,"PVR Pacific Mall (The Mall of Faridabad NIT), NIT Bus Stand, Faridabad",1023790,121001,AUDI 4,2D,2026-10-02T14:50,Available,103,97,6,1740,CLASSIC ROWS:0/22@270; PRIME ROWS:6/63@290; PICTURE PERFECT:0/18@330,1023790-30121-ob5bpq-1023790
Thane,maharashtra,PVR,"INOX Insignia At R Mall, Thane West, Thane",1018544,400607,INSIGNIA 4,2D,2026-10-02T04:00,Available,48,48,0,0,RECLINER:0/24@500; RECLINER PRIME:0/24@600,1018544-46989-ob5bpq-1018544
Thane,maharashtra,PVR,"INOX Insignia At R Mall, Thane West, Thane",1018544,400607,INSIGNIA 4,2D,2026-10-02T15:20,Available,48,48,0,0,RECLINER:0/24@600; RECLINER PRIME:0/24@700,1018544-46993-ob5bpq-1018544
Thane,maharashtra,NY ,"Devgn Cinex The Walk, Thane",1102245,400607,AUDI 3,2D,2026-10-02T12:30,Available,204,190,14,5000,CLASSIC:0/70@330; PRIME:12/106@350; BUTT KICKER:2/28@400,1102245-5581-ob5bpq-1102245
Mumbai,maharashtra,PVR,"PVR Lodha Xperia, Palava, Mumbai",1018533,421204,SCREEN 4,2D,2026-10-02T05:05,Available,183,126,57,11690,CLASSIC ROWS:0/38@180; PRIME ROWS:46/133@180; RECLINER ROWS:11/12@310,1018533-34706-ob5bpq-1018533
Mumbai,maharashtra,PVR,"PVR Lodha Xperia, Palava, Mumbai",1018533,421204,SCREEN 4,2D,2026-10-02T14:00,Available,163,140,23,7120,CLASSIC ROWS:0/38@230; PRIME ROWS:19/114@280; RECLINER ROWS:4/11@450,1018533-34709-ob5bpq-1018533
Mumbai,maharashtra,miraj,Miraj Cinemas : Dombivali (E),9609,421201,SCREEN 1,2D,2026-10-02T10:15,Available,134,107,27,7560,SILVER:0/26@260; GOLD:27/108@280,9609-32287-ob5bpq-9609
Thane,maharashtra,PVR,"PVR Haseen, Bhiwandi, Thane",1018532,421302,SCREEN 4,2D,2026-10-02T12:20,Available,99,90,9,1620,CLASSIC ROWS:0/18@140; PRIME ROWS:0/54@160; PRIME PLUS ROWS:9/18@180; EXTRA LEGROOM ROWS:0/9@190,1018532-22425-ob5bpq-1018532
Kalyan,maharashtra,PVR,"INOX Metro Junction Mall, Kalyan (Newly Renovated)",1029567,421306,SCREEN 2,2D,2026-10-02T08:00,Available,237,160,77,20690,CLASSIC ROWS:4/28@200; PRIME ROWS:7/70@220; PRIME PLUS ROWS:59/126@260; RECLINER ROWS:7/13@430,1029567-124615-ob5bpq-1029567
Kalyan,maharashtra,PVR,"INOX Metro Junction Mall, Kalyan (Newly Renovated)",1029567,421306,SCREEN 1,2D,2026-10-02T16:35,Available,296,296,0,0,CLASSIC ROWS:0/36@240; PRIME ROWS:0/90@260; PRIME PLUS ROWS:0/154@270; RECLINER ROWS:0/16@440,1029567-124613-ob5bpq-1029567
Kalyan,maharashtra,MovieMax,"MovieMax, SM5 Kalyan, Newly Renovated",59132,421301,SCREEN 2,2D,2026-10-02T07:15,Available,199,199,0,0,GOLD:0/88@210; PLATINUM:0/111@220,59132-44055-ob5bpq-59132
Kalyan,maharashtra,MovieMax,"MovieMax, SM5 Kalyan, Newly Renovated",59132,421301,SCREEN 2,2D,2026-10-02T13:15,Available,199,199,0,0,GOLD:0/88@240; PLATINUM:0/111@250,59132-44056-ob5bpq-59132
Navi Mumbai,maharashtra,Fun Square,"Fun Square Cinema, Sanpada, Navi Mumbai",1102400,400705,SCREEN 2,2D,2026-10-02T12:30,Available,58,57,1,150,GOLD:1/58@150,1102400-2656-ob5bpq-1102400
Mumbai,maharashtra,PVR,"INOX Thakur Mall, Dahisar (E), Mumbai",1013612,401107,SCREEN 1,2D,2026-10-02T05:35,Available,337,312,25,5280,CLASSIC ROWS:0/37@99; PRIME PLUS ROWS:19/144@180; PRIME ROWS:0/96@180; EXTRA LEGROOM ROWS:2/32@210; RECLINER ROWS:4/28@360,1013612-102794-ob5bpq-1013612
Mumbai,maharashtra,PVR,"INOX Thakur Mall, Dahisar (E), Mumbai",1013612,401107,SCREEN 4,2D,2026-10-02T12:35,Available,336,310,26,5490,CLASSIC ROWS:10/41@99; PRIME PLUS ROWS:14/141@250; PRIME ROWS:0/96@250; EXTRA LEGROOM ROWS:0/31@280; RECLINER ROWS:2/27@500,1013612-102802-ob5bpq-1013612
Ulhasnagar,maharashtra,miraj,"Miraj Cinemas : Ashok Anil Multiplex, Ulhasnagar",4818,421003,SCREEN 2,2D,2026-10-02T10:10,Available,237,237,0,0,SILVER:0/40@200; GOLD:0/197@220,4818-53469-ob5bpq-4818
Ulhasnagar,maharashtra,miraj,"Miraj Cinemas : Ashok Anil Multiplex, Ulhasnagar",4818,421003,SCREEN 3,2D,2026-10-02T14:00,Available,125,90,35,6650,GOLD:35/125@190,4818-53474-ob5bpq-4818
Ulhasnagar,maharashtra,miraj,"Miraj Cinemas : Ashok Anil Multiplex, Ulhasnagar",4818,421003,SCREEN 3,2D,2026-10-02T16:50,Available,125,93,32,6080,GOLD:32/125@190,4818-53475-ob5bpq-4818
Mumbai,maharashtra,MovieMax,MovieMax: Mira Road (Seats Renovated),27027,401107,SCREEN1,2D,2026-10-02T15:45,Available,246,246,0,0,CLASSIC:0/40@92; PRIME:0/180@260; PRIME PLUS:0/10@360; RECLINER:0/16@650,27027-35845-ob5bpq-27027
Mumbai,maharashtra,Maxus,"Maxus Cinemas, Bhayandar",1067730,401101,SCREEN 5,2D,2026-10-02T05:30,Available,100,100,0,0,EMERALD CLASS:0/100@449,1067730-220355-ob5bpq-1067730
Mumbai,maharashtra,Maxus,"Maxus Cinemas, Bhayandar",1067730,401101,SCREEN 5,2D,2026-10-02T11:30,Available,100,100,0,0,EMERALD CLASS:0/100@549,1067730-220346-ob5bpq-1067730
Mumbai,maharashtra,Maxus,"Maxus Cinemas, Bhayandar",1067730,401101,SCREEN 5,2D,2026-10-02T17:30,Available,114,114,0,0,EMERALD CLASS:0/114@599,1067730-220340-ob5bpq-1067730
Navi Mumbai,maharashtra,Cinepolis,"Cinepolis Nexus Seawoods, Navi Mumbai",57700,400706,AUDI 10,2D,2026-10-02T04:05,Available,217,184,33,9000,NORMAL:0/15@210; EXECUTIVE:0/51@230; PREMIUM:31/137@250; RECLINER:2/14@625,57700-19091-ob5bpq-57700
Navi Mumbai,maharashtra,Cinepolis,"Cinepolis Nexus Seawoods, Navi Mumbai",57700,400706,AUDI 10,2D,2026-10-02T06:45,Filling Fast,217,82,135,52880,NORMAL:0/15@300; EXECUTIVE:8/51@320; PREMIUM:113/137@340; RECLINER:14/14@850,57700-19092-ob5bpq-57700
Navi Mumbai,maharashtra,Cinepolis,"Cinepolis Nexus Seawoods, Navi Mumbai",57700,400706,AUDI 10,2D,2026-10-02T12:20,Available,217,171,46,19720,NORMAL:0/15@300; EXECUTIVE:0/51@320; PREMIUM:38/137@340; RECLINER:8/14@850,57700-19094-ob5bpq-57700
Navi Mumbai,maharashtra,Cinepolis,"Cinepolis Nexus Seawoods, Navi Mumbai",57700,400706,AUDI 10,2D,2026-10-02T17:45,Available,217,211,6,1920,NORMAL:0/15@280; EXECUTIVE:0/51@300; PREMIUM:6/137@320; RECLINER:0/14@800,57700-19097-ob5bpq-57700
Mumbai,maharashtra,PVR,"PVR Orion Mall, Panvel, Mumbai",1018529,410206,SCREEN 4,2D,2026-10-02T15:35,Available,160,141,19,4960,CLASSIC ROWS:0/28@230; PRIME ROWS:12/98@250; PRIME PLUS ROWS:7/34@280,1018529-28902-ob5bpq-1018529
Ambernath,maharashtra,miraj,"Miraj Cinemas: Star, Ambernath (Newly Renovated)",7322,421505,SCREEN 3,2D,2026-10-02T12:30,Available,70,70,0,0,PLATINUM:0/70@200,7322-48294-ob5bpq-7322
Jamshedpur,jharkhand,Cinepolis,"PJP Cinepolis City Centre Mall, Mauja, Jamshedpur",26785,831001,SCREEN 6,2D,2026-10-02T03:40,Available,156,134,22,5840,NORMAL:0/24@210; EXECUTIVE:8/56@230; PREMIUM:12/64@250; VIP:2/12@500,26785-96699-ob5bpq-26785
Jamshedpur,jharkhand,Cinepolis,"PJP Cinepolis City Centre Mall, Mauja, Jamshedpur",26785,831001,SCREEN 6,2D,2026-10-02T06:20,Available,156,64,92,24520,NORMAL:0/24@210; EXECUTIVE:24/56@230; PREMIUM:60/64@250; VIP:8/12@500,26785-96700-ob5bpq-26785
Jamshedpur,jharkhand,Cinepolis,"PJP Cinepolis City Centre Mall, Mauja, Jamshedpur",26785,831001,SCREEN 6,2D,2026-10-02T09:00,Filling Fast,156,42,114,37280,NORMAL:0/24@280; EXECUTIVE:44/56@300; PREMIUM:64/64@320; VIP:6/12@600,26785-96701-ob5bpq-26785
Jamshedpur,jharkhand,Cinepolis,"PJP Cinepolis City Centre Mall, Mauja, Jamshedpur",26785,831001,SCREEN 1,2D,2026-10-02T11:25,Available,204,146,58,19940,NORMAL:0/36@280; EXECUTIVE:15/75@300; PREMIUM:37/76@320; VIP:6/17@600,26785-96750-ob5bpq-26785
Jamshedpur,jharkhand,Cinepolis,"PJP Cinepolis City Centre Mall, Mauja, Jamshedpur",26785,831001,SCREEN 6,2D,2026-10-02T15:00,Available,156,150,6,1800,NORMAL:0/24@280; EXECUTIVE:6/56@300; PREMIUM:0/64@320; VIP:0/12@600,26785-96703-ob5bpq-26785
Jamshedpur,jharkhand,Cinepolis,"PJP Cinepolis City Centre Mall, Mauja, Jamshedpur",26785,831001,SCREEN 6,2D,2026-10-02T18:00,Available,156,156,0,0,NORMAL:0/24@280; EXECUTIVE:0/56@300; PREMIUM:0/64@320; VIP:0/12@600,26785-96704-ob5bpq-26785
Jamshedpur,jharkhand,miraj,"Miraj Cinemas : Chandra Pacific Mall, Golmuri",1037447,831003,SCREEN1,2D,2026-10-02T03:40,Available,209,196,13,2780,SILVER:0/35@170; GOLD:4/60@200; PLATINUM:9/106@220; RECLINER:0/8@350,1037447-11595-ob5bpq-1037447
Jamshedpur,jharkhand,miraj,"Miraj Cinemas : Chandra Pacific Mall, Golmuri",1037447,831003,SCREEN1,2D,2026-10-02T06:25,Available,209,167,42,8900,SILVER:6/35@170; GOLD:2/60@200; PLATINUM:34/106@220; RECLINER:0/8@350,1037447-11596-ob5bpq-1037447
Jamshedpur,jharkhand,miraj,"Miraj Cinemas : Chandra Pacific Mall, Golmuri",1037447,831003,SCREEN1,2D,2026-10-02T09:20,Available,209,161,48,13530,SILVER:0/35@240; GOLD:12/60@260; PLATINUM:33/106@280; RECLINER:3/8@390,1037447-11597-ob5bpq-1037447
Jamshedpur,jharkhand,miraj,"Miraj Cinemas : Chandra Pacific Mall, Golmuri",1037447,831003,SCREEN1,2D,2026-10-02T12:15,Available,209,157,52,15000,SILVER:0/35@240; GOLD:0/60@260; PLATINUM:48/106@280; RECLINER:4/8@390,1037447-11598-ob5bpq-1037447
Jamshedpur,jharkhand,miraj,"Miraj Cinemas : Chandra Pacific Mall, Golmuri",1037447,831003,SCREEN1,2D,2026-10-02T15:10,Available,209,209,0,0,SILVER:0/35@240; GOLD:0/60@260; PLATINUM:0/106@280; RECLINER:0/8@390,1037447-11599-ob5bpq-1037447
Jamshedpur,jharkhand,miraj,"Miraj Cinemas : Chandra Pacific Mall, Golmuri",1037447,831003,SCREEN1,2D,2026-10-02T18:05,Available,209,209,0,0,SILVER:0/35@240; GOLD:0/60@260; PLATINUM:0/106@280; RECLINER:0/8@390,1037447-11600-ob5bpq-1037447
Siliguri,west-bengal,PVR,"INOX ML Acropolis Mall, Siliguri",1101218,734001,AUDI 2,2D,2026-10-02T07:35,Available,190,165,25,6760,CLASSIC ROWS:0/58@180; PRIME ROWS:14/105@200; RECLINER ROWS:11/27@360,1101218-6447-ob5bpq-1101218
Siliguri,west-bengal,PVR,"INOX City Centre, Matigara, Siliguri",1030074,734010,SCREEN 2,2D,2026-10-02T09:20,Available,239,203,36,9880,EXECUTIVE:0/32@160; CLUB:22/192@220; ROYAL:14/15@360,1030074-82531-ob5bpq-1030074
Siliguri,west-bengal,PVR,"INOX Vega Circle Mall, Sevoke Road, Siliguri",1030072,734001,SCREEN 3,2D,2026-10-02T06:30,Available,250,239,11,2640,EXECUTIVE:0/34@160; CLUB:0/68@180; ROYAL:11/148@240,1030072-80400-ob5bpq-1030072
Siliguri,west-bengal,PVR,"INOX Vega Circle Mall, Sevoke Road, Siliguri",1030072,734001,SCREEN 3,2D,2026-10-02T12:10,Available,250,242,8,1920,EXECUTIVE:0/34@160; CLUB:0/68@180; ROYAL:8/148@240,1030072-80402-ob5bpq-1030072
